employee_id,name,department,job_role,matched_skills,missing_skills,total_required_skills,total_matched_skills,missing_skills_count,skill_gap_percentage,readiness_score
1,Steven Barnett,Finance,Auditor,Compliance; Excel; Internal Auditing; Risk Assessment,Financial Analysis; Forensic Accounting,6,4,2,33.33,66.67
2,Christopher Benson,Sales,Sales Executive,Communication; Contract Closing; Crm; Lead Generation; Negotiation,B2B Sales,6,5,1,16.67,83.33
3,Norman Lane,Support,Helpdesk,Active Directory; Customer Service; Hardware Support; Ticketing Systems,Windows Os,5,4,1,20.0,80.0
4,Rita Walker,HR,HR Executive,Communication; Hris; Onboarding; Recruitment,Hr Operations,5,4,1,20.0,80.0
5,Judith Ware,Sales,Account Manager,Account Planning; Client Retention; Contract Negotiation,Crm (Salesforce); Upselling,5,3,2,40.0,60.0
6,Peggy Mann,Support,Helpdesk,Active Directory; Customer Service; Ticketing Systems,Hardware Support; Windows Os,5,3,2,40.0,60.0
7,Brenda Bauer,IT,Engineer,Cloud Infrastructure; Git; Networking,Linux; Python; Security,6,3,3,50.0,50.0
8,Troy Ford,HR,HR Executive,Communication; Hr Operations; Onboarding,Hris; Recruitment,5,3,2,40.0,60.0
9,Joel Fuller,HR,HR Executive,Communication; Hr Operations; Hris; Onboarding; Recruitment,,5,5,0,0.0,100.0
10,Cody Bright,Finance,Accountant,Auditing; Erp Systems; Excel; Financial Accounting; Quickbooks,Tax Compliance,6,5,1,16.67,83.33
11,Sara Snyder,HR,HR Executive,Communication; Hr Operations; Hris; Recruitment,Onboarding,5,4,1,20.0,80.0
12,David Williams,Support,Helpdesk,Active Directory; Customer Service; Hardware Support; Windows Os,Ticketing Systems,5,4,1,20.0,80.0
13,Shannon Clark,Finance,Accountant,Auditing; Erp Systems; Quickbooks; Tax Compliance,Excel; Financial Accounting,6,4,2,33.33,66.67
14,Jeffery Lopez,HR,HR Manager,Employee Relations; Labor Law; Leadership; Performance Management; Talent Acquisition,Hris,6,5,1,16.67,83.33
15,Anna Dominguez,IT,Developer,Docker; Git; Sql; System Design,Python; Rest Apis,6,4,2,33.33,66.67
16,Peter Mckee,Marketing,SEO Analyst,Ahrefs / Semrush; Google Analytics; Keyword Research,Google Search Console; Technical Seo,5,3,2,40.0,60.0
17,Connie Bailey,Support,Support Engineer,Bash Scripting; Customer Support; Itil; Sql; Troubleshooting,Linux,6,5,1,16.67,83.33
18,Taylor Morris,IT,Tester,Api Testing; Jira; Python; Selenium; Test Automation,Unit Testing,6,5,1,16.67,83.33
19,Nicole Roberts,Support,Helpdesk,Active Directory; Customer Service; Hardware Support; Ticketing Systems,Windows Os,5,4,1,20.0,80.0
20,Megan Williams,Support,Support Engineer,Bash Scripting; Itil; Linux; Troubleshooting,Customer Support; Sql,6,4,2,33.33,66.67
21,Clinton Scott,Support,Support Engineer,Bash Scripting; Customer Support; Sql,Itil; Linux; Troubleshooting,6,3,3,50.0,50.0
22,Erin Massey,Sales,Sales Executive,B2B Sales; Contract Closing; Crm; Lead Generation; Negotiation,Communication,6,5,1,16.67,83.33
23,Ashley Marsh,IT,Tester,Api Testing; Python; Selenium; Unit Testing,Jira; Test Automation,6,4,2,33.33,66.67
24,Jasmine Gonzalez,IT,Tester,Api Testing; Python; Selenium,Jira; Test Automation; Unit Testing,6,3,3,50.0,50.0
25,Sharon Lane,Marketing,Content Lead,Content Strategy; Editorial Planning; Seo; Team Leadership,Brand Storytelling; Copywriting,6,4,2,33.33,66.67
26,David Maldonado,Marketing,SEO Analyst,Ahrefs / Semrush; Google Analytics,Google Search Console; Keyword Research; Technical Seo,5,2,3,60.0,40.0
27,Sheryl Lopez,Sales,Sales Executive,B2B Sales; Communication; Contract Closing; Crm; Negotiation,Lead Generation,6,5,1,16.67,83.33
28,Patricia Jones,Marketing,Content Lead,Content Strategy; Copywriting; Seo,Brand Storytelling; Editorial Planning; Team Leadership,6,3,3,50.0,50.0
29,Samantha Conley,Finance,Accountant,Auditing; Excel; Financial Accounting; Quickbooks; Tax Compliance,Erp Systems,6,5,1,16.67,83.33
30,Matthew Gutierrez,Support,Support Engineer,Customer Support; Itil; Linux; Sql; Troubleshooting,Bash Scripting,6,5,1,16.67,83.33
31,Nicholas Duncan,IT,Developer,Docker; Rest Apis; Sql; System Design,Git; Python,6,4,2,33.33,66.67
32,Andrew Contreras,Marketing,Content Lead,Content Strategy; Copywriting; Editorial Planning; Team Leadership,Brand Storytelling; Seo,6,4,2,33.33,66.67
33,Ashley Hall,IT,Tester,Api Testing; Jira; Selenium; Unit Testing,Python; Test Automation,6,4,2,33.33,66.67
34,Justin Lawrence,IT,Engineer,Cloud Infrastructure; Git; Networking; Security,Linux; Python,6,4,2,33.33,66.67
35,Jessica Jones,Marketing,SEO Analyst,Google Analytics; Google Search Console; Keyword Research,Ahrefs / Semrush; Technical Seo,5,3,2,40.0,60.0
36,Maria Smith,Finance,Auditor,Excel; Financial Analysis; Internal Auditing; Risk Assessment,Compliance; Forensic Accounting,6,4,2,33.33,66.67
37,Bryan Garcia,Marketing,Content Lead,Content Strategy; Copywriting; Editorial Planning; Team Leadership,Brand Storytelling; Seo,6,4,2,33.33,66.67
38,Breanna Chapman,Finance,Accountant,Auditing; Erp Systems; Excel; Financial Accounting; Quickbooks,Tax Compliance,6,5,1,16.67,83.33
39,William Meyer,Finance,Auditor,Compliance; Excel; Financial Analysis; Forensic Accounting; Internal Auditing,Risk Assessment,6,5,1,16.67,83.33
40,Matthew Maldonado,Finance,Auditor,Compliance; Excel; Forensic Accounting; Internal Auditing; Risk Assessment,Financial Analysis,6,5,1,16.67,83.33
41,Julia Cobb,Sales,Account Manager,Account Planning; Contract Negotiation; Crm (Salesforce),Client Retention; Upselling,5,3,2,40.0,60.0
42,Nicholas Oliver,Marketing,Content Lead,Content Strategy; Copywriting; Editorial Planning; Team Leadership,Brand Storytelling; Seo,6,4,2,33.33,66.67
43,Whitney Crosby,Marketing,Content Lead,Content Strategy; Copywriting; Editorial Planning; Seo; Team Leadership,Brand Storytelling,6,5,1,16.67,83.33
44,Carlos Wall,IT,Engineer,Cloud Infrastructure; Git; Linux; Networking; Python,Security,6,5,1,16.67,83.33
45,Jerry Walker,Finance,Accountant,Auditing; Excel; Financial Accounting; Tax Compliance,Erp Systems; Quickbooks,6,4,2,33.33,66.67
46,Charles Le,IT,Developer,Docker; Git; Rest Apis; Sql,Python; System Design,6,4,2,33.33,66.67
47,Amy Peterson PhD,Sales,Account Manager,Account Planning; Crm (Salesforce); Upselling,Client Retention; Contract Negotiation,5,3,2,40.0,60.0
48,Kimberly Campbell,Sales,Sales Executive,Communication; Contract Closing; Crm; Negotiation,B2B Sales; Lead Generation,6,4,2,33.33,66.67
49,Daniel Smith,Support,Helpdesk,Active Directory; Customer Service; Ticketing Systems,Hardware Support; Windows Os,5,3,2,40.0,60.0
50,Steve Henry,IT,Tester,Python; Selenium; Unit Testing,Api Testing; Jira; Test Automation,6,3,3,50.0,50.0
51,John Logan,Sales,Sales Executive,B2B Sales; Communication; Contract Closing; Lead Generation; Negotiation,Crm,6,5,1,16.67,83.33
52,Thomas Ellis,Support,Support Engineer,Customer Support; Itil; Linux; Sql; Troubleshooting,Bash Scripting,6,5,1,16.67,83.33
53,Amanda White,Marketing,SEO Analyst,Ahrefs / Semrush; Google Search Console; Keyword Research,Google Analytics; Technical Seo,5,3,2,40.0,60.0
54,Nicholas Anderson,Finance,Auditor,Compliance; Excel; Financial Analysis; Internal Auditing; Risk Assessment,Forensic Accounting,6,5,1,16.67,83.33
55,Cassandra Knight,Finance,Accountant,Auditing; Financial Accounting; Tax Compliance,Erp Systems; Excel; Quickbooks,6,3,3,50.0,50.0
56,Jessica Reeves,IT,Developer,Docker; Git; Python; Sql,Rest Apis; System Design,6,4,2,33.33,66.67
57,Mikayla Black,IT,Developer,Docker; Rest Apis; Sql,Git; Python; System Design,6,3,3,50.0,50.0
58,Justin Wang,Support,Helpdesk,Active Directory; Customer Service; Hardware Support; Windows Os,Ticketing Systems,5,4,1,20.0,80.0
59,Kevin Moreno,Marketing,SEO Analyst,Ahrefs / Semrush; Google Analytics; Google Search Console,Keyword Research; Technical Seo,5,3,2,40.0,60.0
60,John Lewis,HR,HR Executive,Communication; Hr Operations; Hris; Recruitment,Onboarding,5,4,1,20.0,80.0
61,Heather Sosa,HR,HR Manager,Employee Relations; Labor Law; Leadership; Talent Acquisition,Hris; Performance Management,6,4,2,33.33,66.67
62,Phillip Hunter,IT,Tester,Api Testing; Jira; Python; Selenium,Test Automation; Unit Testing,6,4,2,33.33,66.67
63,Courtney Ayala,HR,HR Manager,Hris; Labor Law; Leadership; Performance Management; Talent Acquisition,Employee Relations,6,5,1,16.67,83.33
64,Tammy Ramirez,Support,Helpdesk,Customer Service; Hardware Support; Ticketing Systems,Active Directory; Windows Os,5,3,2,40.0,60.0
65,James Morgan,Sales,Account Manager,Account Planning; Contract Negotiation; Crm (Salesforce); Upselling,Client Retention,5,4,1,20.0,80.0
66,Cody Barker,Marketing,Content Lead,Content Strategy; Copywriting; Editorial Planning,Brand Storytelling; Seo; Team Leadership,6,3,3,50.0,50.0
67,David Smith,Sales,Sales Executive,B2B Sales; Communication; Contract Closing,Crm; Lead Generation; Negotiation,6,3,3,50.0,50.0
68,Amber Church,Sales,Sales Executive,B2B Sales; Communication; Contract Closing; Crm; Lead Generation,Negotiation,6,5,1,16.67,83.33
69,Tammy Perry,Sales,Account Manager,Account Planning; Client Retention; Contract Negotiation; Crm (Salesforce),Upselling,5,4,1,20.0,80.0
70,Sherry Cox,Finance,Accountant,Auditing; Erp Systems; Quickbooks; Tax Compliance,Excel; Financial Accounting,6,4,2,33.33,66.67
71,John Turner,HR,HR Executive,Communication; Hr Operations; Onboarding; Recruitment,Hris,5,4,1,20.0,80.0
72,Brian Boyle,Marketing,Content Lead,Brand Storytelling; Copywriting; Editorial Planning; Seo; Team Leadership,Content Strategy,6,5,1,16.67,83.33
73,Peggy Hawkins,IT,Developer,Docker; Python; Rest Apis; Sql,Git; System Design,6,4,2,33.33,66.67
74,Jared Montgomery,Sales,Sales Executive,B2B Sales; Communication; Negotiation,Contract Closing; Crm; Lead Generation,6,3,3,50.0,50.0
75,Thomas Clark,IT,Developer,Docker; Git; Rest Apis; Sql; System Design,Python,6,5,1,16.67,83.33
76,Kyle Moyer,HR,HR Manager,Employee Relations; Hris; Leadership; Performance Management,Labor Law; Talent Acquisition,6,4,2,33.33,66.67
77,Crystal Stevens,Sales,Sales Executive,B2B Sales; Communication; Crm; Lead Generation; Negotiation,Contract Closing,6,5,1,16.67,83.33
78,Austin Reynolds,Sales,Sales Executive,Contract Closing; Lead Generation; Negotiation,B2B Sales; Communication; Crm,6,3,3,50.0,50.0
79,Teresa Coleman,Marketing,Content Lead,Brand Storytelling; Content Strategy; Editorial Planning; Seo,Copywriting; Team Leadership,6,4,2,33.33,66.67
80,Maria Tucker,HR,HR Manager,Labor Law; Leadership; Performance Management; Talent Acquisition,Employee Relations; Hris,6,4,2,33.33,66.67
81,Louis Mcknight,Support,Helpdesk,Active Directory; Customer Service; Hardware Support; Windows Os,Ticketing Systems,5,4,1,20.0,80.0
82,Jerry Jones,IT,Engineer,Cloud Infrastructure; Linux; Security,Git; Networking; Python,6,3,3,50.0,50.0
83,Erik Liu,IT,Developer,Docker; Rest Apis; Sql; System Design,Git; Python,6,4,2,33.33,66.67
84,Cynthia Fritz,Finance,Auditor,Financial Analysis; Forensic Accounting; Internal Auditing,Compliance; Excel; Risk Assessment,6,3,3,50.0,50.0
85,Phillip Hayes,Sales,Sales Executive,Communication; Contract Closing; Lead Generation,B2B Sales; Crm; Negotiation,6,3,3,50.0,50.0
86,Jenny Lee,Sales,Sales Executive,Communication; Crm; Lead Generation; Negotiation,B2B Sales; Contract Closing,6,4,2,33.33,66.67
87,Jonathan Oliver,Support,Support Engineer,Itil; Linux; Sql; Troubleshooting,Bash Scripting; Customer Support,6,4,2,33.33,66.67
88,Cynthia Bradley,Marketing,Content Lead,Brand Storytelling; Copywriting; Editorial Planning; Seo; Team Leadership,Content Strategy,6,5,1,16.67,83.33
89,David Johnson,Marketing,SEO Analyst,Google Analytics; Google Search Console; Keyword Research; Technical Seo,Ahrefs / Semrush,5,4,1,20.0,80.0
90,Joan Smith,Finance,Auditor,Excel; Internal Auditing; Risk Assessment,Compliance; Financial Analysis; Forensic Accounting,6,3,3,50.0,50.0
91,Richard Fuller,IT,Tester,Jira; Selenium; Test Automation,Api Testing; Python; Unit Testing,6,3,3,50.0,50.0
92,Spencer Kennedy,Finance,Accountant,Auditing; Financial Accounting; Tax Compliance,Erp Systems; Excel; Quickbooks,6,3,3,50.0,50.0
93,Daniel Williams,Sales,Account Manager,Account Planning; Contract Negotiation; Crm (Salesforce),Client Retention; Upselling,5,3,2,40.0,60.0
94,Bonnie Robinson,Support,Helpdesk,Active Directory; Customer Service; Hardware Support,Ticketing Systems; Windows Os,5,3,2,40.0,60.0
95,Amy Bowers,Support,Support Engineer,Bash Scripting; Itil; Sql; Troubleshooting,Customer Support; Linux,6,4,2,33.33,66.67
96,Cody Jackson,Marketing,Content Lead,Content Strategy; Copywriting; Editorial Planning; Seo; Team Leadership,Brand Storytelling,6,5,1,16.67,83.33
97,Darlene Neal,HR,HR Manager,Employee Relations; Leadership; Talent Acquisition,Hris; Labor Law; Performance Management,6,3,3,50.0,50.0
98,Joshua Garcia,Marketing,Content Lead,Brand Storytelling; Content Strategy; Editorial Planning; Seo,Copywriting; Team Leadership,6,4,2,33.33,66.67
99,Peggy French,HR,HR Executive,Communication; Hr Operations; Hris; Recruitment,Onboarding,5,4,1,20.0,80.0
100,Sean Davis DDS,Sales,Account Manager,Account Planning; Crm (Salesforce); Upselling,Client Retention; Contract Negotiation,5,3,2,40.0,60.0
101,Denise Rush,HR,HR Manager,Employee Relations; Labor Law; Leadership; Performance Management; Talent Acquisition,Hris,6,5,1,16.67,83.33
102,Matthew Glenn,HR,HR Executive,Communication; Hr Operations; Hris; Onboarding,Recruitment,5,4,1,20.0,80.0
103,Kathleen Reed,Sales,Account Manager,Client Retention; Contract Negotiation; Crm (Salesforce); Upselling,Account Planning,5,4,1,20.0,80.0
104,Samuel Fletcher,Support,Support Engineer,Customer Support; Itil; Sql; Troubleshooting,Bash Scripting; Linux,6,4,2,33.33,66.67
105,Debra Holt,Marketing,SEO Analyst,Ahrefs / Semrush; Google Analytics; Google Search Console,Keyword Research; Technical Seo,5,3,2,40.0,60.0
106,Jennifer Roberts,Finance,Accountant,Auditing; Erp Systems; Financial Accounting; Quickbooks,Excel; Tax Compliance,6,4,2,33.33,66.67
107,Kaitlyn Kramer,IT,Developer,Docker; Git; Rest Apis; Sql; System Design,Python,6,5,1,16.67,83.33
108,Paul Kennedy,HR,HR Executive,Hr Operations; Onboarding; Recruitment,Communication; Hris,5,3,2,40.0,60.0
109,Joshua Eaton,Support,Support Engineer,Customer Support; Itil; Linux; Sql,Bash Scripting; Troubleshooting,6,4,2,33.33,66.67
110,David Guerrero,IT,Developer,Docker; Git; Rest Apis; Sql; System Design,Python,6,5,1,16.67,83.33
111,Brian Wilson,Support,Helpdesk,Hardware Support; Ticketing Systems; Windows Os,Active Directory; Customer Service,5,3,2,40.0,60.0
112,Alexis Petty,IT,Engineer,Cloud Infrastructure; Git; Linux; Networking; Python,Security,6,5,1,16.67,83.33
113,David Matthews,IT,Developer,Docker; Git; Python; Rest Apis; Sql,System Design,6,5,1,16.67,83.33
114,Melissa Snyder,Support,Helpdesk,Active Directory; Customer Service; Hardware Support,Ticketing Systems; Windows Os,5,3,2,40.0,60.0
115,Dan Sullivan,Sales,Account Manager,Account Planning; Contract Negotiation; Upselling,Client Retention; Crm (Salesforce),5,3,2,40.0,60.0
116,Christine Burton,Support,Helpdesk,Active Directory; Customer Service; Hardware Support; Windows Os,Ticketing Systems,5,4,1,20.0,80.0
117,Daniel Thomas,Marketing,SEO Analyst,Ahrefs / Semrush; Google Analytics; Google Search Console; Technical Seo,Keyword Research,5,4,1,20.0,80.0
118,Paige Ortiz,HR,HR Executive,Communication; Hr Operations; Hris; Onboarding,Recruitment,5,4,1,20.0,80.0
119,Brett Booth,Finance,Auditor,Financial Analysis; Internal Auditing; Risk Assessment,Compliance; Excel; Forensic Accounting,6,3,3,50.0,50.0
120,Christopher Stone,Sales,Sales Executive,Communication; Contract Closing; Crm; Lead Generation; Negotiation,B2B Sales,6,5,1,16.67,83.33
121,Larry Craig,IT,Developer,Docker; Python; Rest Apis; Sql; System Design,Git,6,5,1,16.67,83.33
122,William Lee,Support,Support Engineer,Bash Scripting; Customer Support; Itil; Linux; Troubleshooting,Sql,6,5,1,16.67,83.33
123,Vicki Young,Finance,Auditor,Excel; Financial Analysis; Internal Auditing; Risk Assessment,Compliance; Forensic Accounting,6,4,2,33.33,66.67
124,Tara Lloyd,IT,Engineer,Cloud Infrastructure; Git; Python,Linux; Networking; Security,6,3,3,50.0,50.0
125,Elizabeth Hunt,Finance,Accountant,Auditing; Excel; Financial Accounting; Quickbooks; Tax Compliance,Erp Systems,6,5,1,16.67,83.33
126,Jennifer Perkins,IT,Developer,Docker; Python; Rest Apis; System Design,Git; Sql,6,4,2,33.33,66.67
127,Amanda Martin,Sales,Sales Executive,B2B Sales; Communication; Contract Closing; Lead Generation; Negotiation,Crm,6,5,1,16.67,83.33
128,Michelle Christensen,HR,HR Executive,Communication; Onboarding; Recruitment,Hr Operations; Hris,5,3,2,40.0,60.0
129,Christina Romero,Support,Support Engineer,Customer Support; Itil; Linux; Sql,Bash Scripting; Troubleshooting,6,4,2,33.33,66.67
130,Leah Smith,IT,Tester,Api Testing; Python; Test Automation; Unit Testing,Jira; Selenium,6,4,2,33.33,66.67
131,Kenneth Jacobs,Support,Helpdesk,Active Directory; Customer Service; Hardware Support; Windows Os,Ticketing Systems,5,4,1,20.0,80.0
132,Robert Smith,HR,HR Executive,Communication; Hr Operations; Hris; Recruitment,Onboarding,5,4,1,20.0,80.0
133,Jamie Morgan,Finance,Auditor,Compliance; Excel; Financial Analysis; Forensic Accounting,Internal Auditing; Risk Assessment,6,4,2,33.33,66.67
134,Shaun Diaz,HR,HR Manager,Employee Relations; Labor Law; Leadership; Performance Management; Talent Acquisition,Hris,6,5,1,16.67,83.33
135,Christy Sanders,Marketing,Content Lead,Brand Storytelling; Content Strategy; Copywriting; Editorial Planning; Team Leadership,Seo,6,5,1,16.67,83.33
136,Gerald Simmons,Marketing,SEO Analyst,Ahrefs / Semrush; Google Analytics; Keyword Research,Google Search Console; Technical Seo,5,3,2,40.0,60.0
137,Nathaniel Bryant II,Finance,Auditor,Compliance; Excel; Internal Auditing; Risk Assessment,Financial Analysis; Forensic Accounting,6,4,2,33.33,66.67
138,Krista Kennedy,IT,Engineer,Cloud Infrastructure; Git; Linux; Networking; Security,Python,6,5,1,16.67,83.33
139,Amanda Smith,IT,Developer,Docker; Git; Sql; System Design,Python; Rest Apis,6,4,2,33.33,66.67
140,Dawn Burnett,Sales,Account Manager,Account Planning; Contract Negotiation; Upselling,Client Retention; Crm (Salesforce),5,3,2,40.0,60.0
141,Linda Hernandez,IT,Tester,Jira; Python; Test Automation; Unit Testing,Api Testing; Selenium,6,4,2,33.33,66.67
142,Joshua Shaw,Sales,Account Manager,Account Planning; Client Retention; Crm (Salesforce),Contract Negotiation; Upselling,5,3,2,40.0,60.0
143,Timothy Andrade,Support,Helpdesk,Customer Service; Ticketing Systems; Windows Os,Active Directory; Hardware Support,5,3,2,40.0,60.0
144,Kelsey Nichols,Sales,Account Manager,Account Planning; Client Retention; Upselling,Contract Negotiation; Crm (Salesforce),5,3,2,40.0,60.0
145,Garrett Garcia,Support,Support Engineer,Itil; Linux; Troubleshooting,Bash Scripting; Customer Support; Sql,6,3,3,50.0,50.0
146,John Brown,HR,HR Manager,Employee Relations; Labor Law; Leadership; Performance Management; Talent Acquisition,Hris,6,5,1,16.67,83.33
147,Brian Foster,Sales,Account Manager,Account Planning; Contract Negotiation; Crm (Salesforce); Upselling,Client Retention,5,4,1,20.0,80.0
148,Daniel Lam,Sales,Account Manager,Account Planning; Client Retention; Contract Negotiation; Crm (Salesforce),Upselling,5,4,1,20.0,80.0
149,Antonio Myers,Support,Support Engineer,Bash Scripting; Customer Support; Itil; Sql; Troubleshooting,Linux,6,5,1,16.67,83.33
150,Mary Fowler,Marketing,Content Lead,Content Strategy; Editorial Planning; Seo; Team Leadership,Brand Storytelling; Copywriting,6,4,2,33.33,66.67
151,David Wright,HR,HR Executive,Communication; Hris; Onboarding,Hr Operations; Recruitment,5,3,2,40.0,60.0
152,Nancy Jones,Sales,Account Manager,Account Planning; Client Retention; Crm (Salesforce),Contract Negotiation; Upselling,5,3,2,40.0,60.0
153,Robert Stone,IT,Tester,Api Testing; Jira; Selenium; Unit Testing,Python; Test Automation,6,4,2,33.33,66.67
154,Kelli Ashley,Marketing,SEO Analyst,Ahrefs / Semrush; Google Analytics; Google Search Console; Keyword Research,Technical Seo,5,4,1,20.0,80.0
155,Austin Middleton,HR,HR Executive,Communication; Hr Operations; Hris; Onboarding; Recruitment,,5,5,0,0.0,100.0
156,Aaron Franklin,IT,Developer,Docker; Python; Sql,Git; Rest Apis; System Design,6,3,3,50.0,50.0
157,Robert Sweeney,HR,HR Executive,Communication; Hr Operations; Hris; Onboarding,Recruitment,5,4,1,20.0,80.0
158,James Scott,Marketing,Content Lead,Brand Storytelling; Copywriting; Editorial Planning; Seo,Content Strategy; Team Leadership,6,4,2,33.33,66.67
159,Stephen Harris,Support,Support Engineer,Bash Scripting; Itil; Linux; Sql; Troubleshooting,Customer Support,6,5,1,16.67,83.33
160,Bryan Brown,Sales,Sales Executive,Communication; Contract Closing; Crm; Lead Generation; Negotiation,B2B Sales,6,5,1,16.67,83.33
161,James Harrison,Support,Helpdesk,Hardware Support; Windows Os,Active Directory; Customer Service; Ticketing Systems,5,2,3,60.0,40.0
162,Tracy Peterson,Finance,Accountant,Auditing; Excel; Financial Accounting; Tax Compliance,Erp Systems; Quickbooks,6,4,2,33.33,66.67
163,Juan Garcia,HR,HR Executive,Communication; Hr Operations; Hris; Recruitment,Onboarding,5,4,1,20.0,80.0
164,Carrie Huber,HR,HR Manager,Employee Relations; Hris; Labor Law; Leadership,Performance Management; Talent Acquisition,6,4,2,33.33,66.67
165,Craig Rodgers,IT,Tester,Api Testing; Jira; Python; Selenium; Unit Testing,Test Automation,6,5,1,16.67,83.33
166,Jonathan Jones,IT,Tester,Jira; Test Automation; Unit Testing,Api Testing; Python; Selenium,6,3,3,50.0,50.0
167,Miss Erin Campbell,HR,HR Manager,Employee Relations; Hris; Talent Acquisition,Labor Law; Leadership; Performance Management,6,3,3,50.0,50.0
168,Brian Thomas,HR,HR Executive,Communication; Hr Operations; Hris; Recruitment,Onboarding,5,4,1,20.0,80.0
169,Joshua Crawford,Support,Support Engineer,Bash Scripting; Itil; Sql; Troubleshooting,Customer Support; Linux,6,4,2,33.33,66.67
170,Rebecca Thomas,Sales,Account Manager,Account Planning; Contract Negotiation,Client Retention; Crm (Salesforce); Upselling,5,2,3,60.0,40.0
171,Olivia Villarreal,Marketing,SEO Analyst,Ahrefs / Semrush; Google Analytics; Google Search Console; Technical Seo,Keyword Research,5,4,1,20.0,80.0
172,Mr. Ricardo Compton DDS,HR,HR Manager,Employee Relations; Hris; Labor Law; Leadership; Talent Acquisition,Performance Management,6,5,1,16.67,83.33
173,Cory Preston,Support,Support Engineer,Customer Support; Linux; Sql; Troubleshooting,Bash Scripting; Itil,6,4,2,33.33,66.67
174,Teresa Kirk,Marketing,Content Lead,Brand Storytelling; Content Strategy; Copywriting; Editorial Planning; Seo,Team Leadership,6,5,1,16.67,83.33
175,Rachel Long,Marketing,SEO Analyst,Ahrefs / Semrush; Google Search Console; Technical Seo,Google Analytics; Keyword Research,5,3,2,40.0,60.0
176,Michael Wallace,Support,Helpdesk,Active Directory; Ticketing Systems; Windows Os,Customer Service; Hardware Support,5,3,2,40.0,60.0
177,Ian Malone,Support,Helpdesk,Active Directory; Windows Os,Customer Service; Hardware Support; Ticketing Systems,5,2,3,60.0,40.0
178,Mark Rodriguez,Sales,Account Manager,Account Planning; Client Retention; Contract Negotiation; Crm (Salesforce),Upselling,5,4,1,20.0,80.0
179,Ashley Owen,Marketing,SEO Analyst,Google Analytics; Google Search Console; Keyword Research,Ahrefs / Semrush; Technical Seo,5,3,2,40.0,60.0
180,Barbara Stokes,Support,Helpdesk,Active Directory; Customer Service; Ticketing Systems; Windows Os,Hardware Support,5,4,1,20.0,80.0
181,Veronica Chapman,Support,Helpdesk,Customer Service; Ticketing Systems; Windows Os,Active Directory; Hardware Support,5,3,2,40.0,60.0
182,Emily Gonzalez,Support,Support Engineer,Customer Support; Itil; Linux; Sql; Troubleshooting,Bash Scripting,6,5,1,16.67,83.33
183,Colton Weaver,Sales,Account Manager,Client Retention; Crm (Salesforce); Upselling,Account Planning; Contract Negotiation,5,3,2,40.0,60.0
184,Samuel Boyd,Finance,Auditor,Compliance; Financial Analysis; Forensic Accounting; Risk Assessment,Excel; Internal Auditing,6,4,2,33.33,66.67
185,Sarah Bennett,Sales,Sales Executive,Communication; Contract Closing; Lead Generation,B2B Sales; Crm; Negotiation,6,3,3,50.0,50.0
186,Jane Carroll,IT,Developer,Docker; Git; Python; Rest Apis; Sql,System Design,6,5,1,16.67,83.33
187,Zachary Guzman,Support,Support Engineer,Itil; Linux; Troubleshooting,Bash Scripting; Customer Support; Sql,6,3,3,50.0,50.0
188,Michael Martin,Support,Support Engineer,Bash Scripting; Customer Support; Itil; Linux; Troubleshooting,Sql,6,5,1,16.67,83.33
189,Julie Stafford,Finance,Accountant,Erp Systems; Excel; Tax Compliance,Auditing; Financial Accounting; Quickbooks,6,3,3,50.0,50.0
190,Dylan Hansen MD,Finance,Auditor,Compliance; Financial Analysis; Forensic Accounting; Internal Auditing; Risk Assessment,Excel,6,5,1,16.67,83.33
191,Michael Rangel,HR,HR Executive,Communication; Hr Operations; Recruitment,Hris; Onboarding,5,3,2,40.0,60.0
192,Bryan Brock,IT,Engineer,Cloud Infrastructure; Git; Networking; Security,Linux; Python,6,4,2,33.33,66.67
193,Alison Cunningham,Support,Support Engineer,Bash Scripting; Customer Support; Sql; Troubleshooting,Itil; Linux,6,4,2,33.33,66.67
194,Sarah Lawson,Finance,Auditor,Compliance; Excel; Financial Analysis; Forensic Accounting; Internal Auditing,Risk Assessment,6,5,1,16.67,83.33
195,Patrick Daniels,Support,Helpdesk,Active Directory; Customer Service; Windows Os,Hardware Support; Ticketing Systems,5,3,2,40.0,60.0
196,Kimberly Perkins,HR,HR Manager,Hris; Labor Law; Leadership; Performance Management; Talent Acquisition,Employee Relations,6,5,1,16.67,83.33
197,John Thomas,HR,HR Executive,Communication; Hr Operations; Hris,Onboarding; Recruitment,5,3,2,40.0,60.0
198,Frank Smith,Finance,Accountant,Auditing; Erp Systems; Excel; Financial Accounting; Quickbooks,Tax Compliance,6,5,1,16.67,83.33
199,Christopher Cooper,IT,Tester,Api Testing; Jira; Selenium; Unit Testing,Python; Test Automation,6,4,2,33.33,66.67
200,Kelly Jackson,IT,Engineer,Git; Networking; Security,Cloud Infrastructure; Linux; Python,6,3,3,50.0,50.0
201,Alexandra Johnson,Finance,Accountant,Auditing; Erp Systems; Excel; Quickbooks; Tax Compliance,Financial Accounting,6,5,1,16.67,83.33
202,Leslie Zimmerman,Finance,Accountant,Auditing; Erp Systems; Excel; Financial Accounting; Tax Compliance,Quickbooks,6,5,1,16.67,83.33
203,Paul Murray,Marketing,SEO Analyst,Ahrefs / Semrush; Google Search Console,Google Analytics; Keyword Research; Technical Seo,5,2,3,60.0,40.0
204,Shannon Hall,HR,HR Executive,Communication; Hr Operations; Hris,Onboarding; Recruitment,5,3,2,40.0,60.0
205,Eric Mitchell,Marketing,Content Lead,Content Strategy; Editorial Planning; Seo; Team Leadership,Brand Storytelling; Copywriting,6,4,2,33.33,66.67
206,Erica Murphy,Sales,Sales Executive,B2B Sales; Contract Closing; Crm; Lead Generation,Communication; Negotiation,6,4,2,33.33,66.67
207,David Bradford,Support,Helpdesk,Active Directory; Ticketing Systems,Customer Service; Hardware Support; Windows Os,5,2,3,60.0,40.0
208,William Lopez MD,Support,Support Engineer,Bash Scripting; Customer Support; Linux; Sql,Itil; Troubleshooting,6,4,2,33.33,66.67
209,David Salas,Sales,Account Manager,Contract Negotiation; Upselling,Account Planning; Client Retention; Crm (Salesforce),5,2,3,60.0,40.0
210,Sean Wilcox,Sales,Sales Executive,B2B Sales; Communication; Contract Closing; Crm; Lead Generation,Negotiation,6,5,1,16.67,83.33
211,Tommy Rios,Finance,Auditor,Compliance; Financial Analysis; Internal Auditing; Risk Assessment,Excel; Forensic Accounting,6,4,2,33.33,66.67
212,Peter Wilson,Sales,Account Manager,Account Planning; Contract Negotiation; Crm (Salesforce); Upselling,Client Retention,5,4,1,20.0,80.0
213,William Welch,Sales,Sales Executive,B2B Sales; Communication; Crm; Negotiation,Contract Closing; Lead Generation,6,4,2,33.33,66.67
214,Austin Bradford,Sales,Account Manager,Client Retention; Crm (Salesforce); Upselling,Account Planning; Contract Negotiation,5,3,2,40.0,60.0
215,Veronica White,HR,HR Manager,Employee Relations; Hris; Labor Law; Leadership; Talent Acquisition,Performance Management,6,5,1,16.67,83.33
216,Zachary Smith,Marketing,SEO Analyst,Ahrefs / Semrush; Google Analytics; Technical Seo,Google Search Console; Keyword Research,5,3,2,40.0,60.0
217,David King,IT,Engineer,Cloud Infrastructure; Git; Linux; Networking; Security,Python,6,5,1,16.67,83.33
218,Kathryn Pham,IT,Developer,Git; Rest Apis; Sql,Docker; Python; System Design,6,3,3,50.0,50.0
219,Kevin Flores,Finance,Auditor,Compliance; Financial Analysis; Internal Auditing,Excel; Forensic Accounting; Risk Assessment,6,3,3,50.0,50.0
220,Mike Myers,Support,Support Engineer,Linux; Sql; Troubleshooting,Bash Scripting; Customer Support; Itil,6,3,3,50.0,50.0
221,Karen Newton,Sales,Sales Executive,B2B Sales; Communication; Crm; Lead Generation; Negotiation,Contract Closing,6,5,1,16.67,83.33
222,Kimberly Richardson,Marketing,Content Lead,Brand Storytelling; Content Strategy; Copywriting; Editorial Planning,Seo; Team Leadership,6,4,2,33.33,66.67
223,Beth Rivera,HR,HR Executive,Communication; Hris; Recruitment,Hr Operations; Onboarding,5,3,2,40.0,60.0
224,Carlos Garrison,Sales,Account Manager,Account Planning; Client Retention; Crm (Salesforce); Upselling,Contract Negotiation,5,4,1,20.0,80.0
225,Michael Stevenson,Sales,Sales Executive,Communication; Contract Closing; Crm; Negotiation,B2B Sales; Lead Generation,6,4,2,33.33,66.67
226,Christopher Vance,Finance,Auditor,Excel; Financial Analysis; Forensic Accounting; Risk Assessment,Compliance; Internal Auditing,6,4,2,33.33,66.67
227,Michael Simon,Support,Helpdesk,Hardware Support; Ticketing Systems; Windows Os,Active Directory; Customer Service,5,3,2,40.0,60.0
228,Connie White,Support,Support Engineer,Itil; Linux; Sql,Bash Scripting; Customer Support; Troubleshooting,6,3,3,50.0,50.0
229,Eugene Hammond,HR,HR Manager,Hris; Leadership; Performance Management; Talent Acquisition,Employee Relations; Labor Law,6,4,2,33.33,66.67
230,Robert Hunter,Finance,Auditor,Compliance; Excel; Financial Analysis; Risk Assessment,Forensic Accounting; Internal Auditing,6,4,2,33.33,66.67
231,Lisa Hubbard,Finance,Accountant,Auditing; Erp Systems; Excel; Quickbooks; Tax Compliance,Financial Accounting,6,5,1,16.67,83.33
232,Deborah Stephens,HR,HR Manager,Employee Relations; Hris; Labor Law; Performance Management; Talent Acquisition,Leadership,6,5,1,16.67,83.33
233,Sandra Jordan,IT,Developer,Docker; Git; Python; Rest Apis,Sql; System Design,6,4,2,33.33,66.67
234,Thomas Rogers,Finance,Accountant,Auditing; Erp Systems; Excel; Quickbooks; Tax Compliance,Financial Accounting,6,5,1,16.67,83.33
235,William Schneider,HR,HR Executive,Communication; Hr Operations; Hris; Onboarding,Recruitment,5,4,1,20.0,80.0
236,Alicia Colon PhD,Finance,Accountant,Auditing; Erp Systems; Excel; Financial Accounting; Quickbooks,Tax Compliance,6,5,1,16.67,83.33
237,Justin Sanchez,Sales,Account Manager,Account Planning; Upselling,Client Retention; Contract Negotiation; Crm (Salesforce),5,2,3,60.0,40.0
238,Andrew Coleman,Support,Support Engineer,Bash Scripting; Itil; Linux,Customer Support; Sql; Troubleshooting,6,3,3,50.0,50.0
239,James Hall,Finance,Auditor,Compliance; Financial Analysis; Risk Assessment,Excel; Forensic Accounting; Internal Auditing,6,3,3,50.0,50.0
240,Daniel Walton,IT,Developer,Python; Sql; System Design,Docker; Git; Rest Apis,6,3,3,50.0,50.0
241,Noah Williams,Support,Helpdesk,Customer Service; Hardware Support; Ticketing Systems; Windows Os,Active Directory,5,4,1,20.0,80.0
242,Alicia Baker,Marketing,Content Lead,Brand Storytelling; Content Strategy; Editorial Planning; Seo; Team Leadership,Copywriting,6,5,1,16.67,83.33
243,Mr. Walter Cardenas,Support,Support Engineer,Bash Scripting; Customer Support; Itil; Sql; Troubleshooting,Linux,6,5,1,16.67,83.33
244,Robert Avila,Support,Helpdesk,Hardware Support; Ticketing Systems,Active Directory; Customer Service; Windows Os,5,2,3,60.0,40.0
245,John Lee,Sales,Sales Executive,B2B Sales; Contract Closing; Crm; Negotiation,Communication; Lead Generation,6,4,2,33.33,66.67
246,Sarah Shelton,Finance,Accountant,Excel; Financial Accounting; Quickbooks; Tax Compliance,Auditing; Erp Systems,6,4,2,33.33,66.67
247,Reginald Perez,IT,Engineer,Cloud Infrastructure; Git; Linux; Python; Security,Networking,6,5,1,16.67,83.33
248,Tammy Anderson,IT,Engineer,Cloud Infrastructure; Git; Linux; Python; Security,Networking,6,5,1,16.67,83.33
249,Daniel Medina,HR,HR Executive,Communication; Hr Operations; Hris; Onboarding,Recruitment,5,4,1,20.0,80.0
250,Jessica Nunez,IT,Developer,Docker; Python; Rest Apis; Sql,Git; System Design,6,4,2,33.33,66.67
251,Matthew Rowe,Finance,Accountant,Auditing; Erp Systems; Excel; Financial Accounting; Quickbooks,Tax Compliance,6,5,1,16.67,83.33
252,Patrick Armstrong,Support,Helpdesk,Active Directory; Customer Service; Hardware Support,Ticketing Systems; Windows Os,5,3,2,40.0,60.0
253,Thomas Moore,Marketing,SEO Analyst,Google Analytics; Google Search Console; Keyword Research,Ahrefs / Semrush; Technical Seo,5,3,2,40.0,60.0
254,Shannon Green,IT,Engineer,Cloud Infrastructure; Git; Networking; Security,Linux; Python,6,4,2,33.33,66.67
255,Daniel Miller,Sales,Sales Executive,B2B Sales; Communication; Contract Closing; Crm; Negotiation,Lead Generation,6,5,1,16.67,83.33
256,Megan Johnson,HR,HR Manager,Employee Relations; Hris; Labor Law; Leadership; Performance Management,Talent Acquisition,6,5,1,16.67,83.33
257,Samantha Hill,Finance,Accountant,Excel; Financial Accounting; Quickbooks,Auditing; Erp Systems; Tax Compliance,6,3,3,50.0,50.0
258,Laurie Martinez,HR,HR Executive,Communication; Hr Operations; Hris; Recruitment,Onboarding,5,4,1,20.0,80.0
259,Jade Stephens,Finance,Auditor,Compliance; Excel; Financial Analysis; Forensic Accounting,Internal Auditing; Risk Assessment,6,4,2,33.33,66.67
260,Andrew Clark,HR,HR Manager,Employee Relations; Hris; Labor Law; Talent Acquisition,Leadership; Performance Management,6,4,2,33.33,66.67
261,Alexis Flores,Marketing,SEO Analyst,Google Analytics; Google Search Console; Technical Seo,Ahrefs / Semrush; Keyword Research,5,3,2,40.0,60.0
262,Erin Gonzalez,IT,Tester,Python; Test Automation; Unit Testing,Api Testing; Jira; Selenium,6,3,3,50.0,50.0
263,Timothy Li,IT,Engineer,Cloud Infrastructure; Linux; Python; Security,Git; Networking,6,4,2,33.33,66.67
264,Mark Ford,Finance,Auditor,Compliance; Excel; Forensic Accounting; Internal Auditing; Risk Assessment,Financial Analysis,6,5,1,16.67,83.33
265,Christopher Mejia,HR,HR Executive,Communication; Hr Operations; Hris; Onboarding,Recruitment,5,4,1,20.0,80.0
266,Andrea Bolton,Marketing,Content Lead,Content Strategy; Editorial Planning; Seo; Team Leadership,Brand Storytelling; Copywriting,6,4,2,33.33,66.67
267,Noah Gray,Support,Support Engineer,Bash Scripting; Customer Support; Itil; Sql; Troubleshooting,Linux,6,5,1,16.67,83.33
268,Tommy Castillo,Marketing,Content Lead,Brand Storytelling; Seo; Team Leadership,Content Strategy; Copywriting; Editorial Planning,6,3,3,50.0,50.0
269,Carolyn Freeman,HR,HR Executive,Communication; Hris; Onboarding; Recruitment,Hr Operations,5,4,1,20.0,80.0
270,Kaitlyn Wheeler,HR,HR Executive,Hr Operations; Hris; Onboarding,Communication; Recruitment,5,3,2,40.0,60.0
271,Melissa Bryant,Finance,Accountant,Auditing; Excel; Financial Accounting; Quickbooks,Erp Systems; Tax Compliance,6,4,2,33.33,66.67
272,Dr. Kelly Porter DDS,Marketing,Content Lead,Brand Storytelling; Content Strategy; Editorial Planning,Copywriting; Seo; Team Leadership,6,3,3,50.0,50.0
273,Mark Reynolds,Sales,Account Manager,Account Planning; Client Retention; Contract Negotiation; Upselling,Crm (Salesforce),5,4,1,20.0,80.0
274,Nicholas Garza,IT,Tester,Jira; Python; Selenium; Test Automation,Api Testing; Unit Testing,6,4,2,33.33,66.67
275,James Singh,HR,HR Manager,Employee Relations; Hris; Leadership; Talent Acquisition,Labor Law; Performance Management,6,4,2,33.33,66.67
276,Laura Russell,IT,Engineer,Cloud Infrastructure; Git; Linux,Networking; Python; Security,6,3,3,50.0,50.0
277,Mr. Timothy Ray DDS,Sales,Account Manager,Account Planning; Client Retention; Contract Negotiation; Upselling,Crm (Salesforce),5,4,1,20.0,80.0
278,Steven Moreno,Sales,Sales Executive,Communication; Contract Closing; Lead Generation,B2B Sales; Crm; Negotiation,6,3,3,50.0,50.0
279,George Ingram,Sales,Account Manager,Client Retention; Contract Negotiation; Crm (Salesforce); Upselling,Account Planning,5,4,1,20.0,80.0
280,Jason Leach,Finance,Auditor,Compliance; Excel; Financial Analysis,Forensic Accounting; Internal Auditing; Risk Assessment,6,3,3,50.0,50.0
281,Norma Gardner,Sales,Account Manager,Account Planning; Client Retention; Upselling,Contract Negotiation; Crm (Salesforce),5,3,2,40.0,60.0
282,Theresa Morgan,Finance,Accountant,Auditing; Erp Systems; Excel; Financial Accounting; Quickbooks,Tax Compliance,6,5,1,16.67,83.33
283,Nicholas Klein,HR,HR Manager,Employee Relations; Hris; Labor Law; Performance Management; Talent Acquisition,Leadership,6,5,1,16.67,83.33
284,Taylor West,Support,Helpdesk,Customer Service; Hardware Support; Ticketing Systems; Windows Os,Active Directory,5,4,1,20.0,80.0
285,Alexandra Hill,Support,Helpdesk,Active Directory; Customer Service; Ticketing Systems; Windows Os,Hardware Support,5,4,1,20.0,80.0
286,Matthew Clark,Sales,Sales Executive,B2B Sales; Contract Closing; Crm; Lead Generation; Negotiation,Communication,6,5,1,16.67,83.33
287,Gabriella Smith,IT,Developer,Git; Python; Rest Apis; Sql,Docker; System Design,6,4,2,33.33,66.67
288,Valerie Turner,Marketing,SEO Analyst,Ahrefs / Semrush; Google Analytics; Keyword Research; Technical Seo,Google Search Console,5,4,1,20.0,80.0
289,Ricky Morgan,Marketing,Content Lead,Content Strategy; Copywriting; Editorial Planning; Seo; Team Leadership,Brand Storytelling,6,5,1,16.67,83.33
290,Amy Lynch,Sales,Sales Executive,Communication; Lead Generation; Negotiation,B2B Sales; Contract Closing; Crm,6,3,3,50.0,50.0
291,Michael White,IT,Developer,Docker; Python; Rest Apis; System Design,Git; Sql,6,4,2,33.33,66.67
292,Stephanie Smith,Sales,Sales Executive,B2B Sales; Communication; Crm; Lead Generation,Contract Closing; Negotiation,6,4,2,33.33,66.67
293,William Norman,HR,HR Manager,Hris; Labor Law; Performance Management; Talent Acquisition,Employee Relations; Leadership,6,4,2,33.33,66.67
294,Ricky Clark,HR,HR Manager,Employee Relations; Hris; Labor Law; Leadership; Talent Acquisition,Performance Management,6,5,1,16.67,83.33
295,Melvin Edwards,Support,Helpdesk,Active Directory; Hardware Support; Windows Os,Customer Service; Ticketing Systems,5,3,2,40.0,60.0
296,Michael Ramirez,Support,Support Engineer,Bash Scripting; Linux; Sql; Troubleshooting,Customer Support; Itil,6,4,2,33.33,66.67
297,Cheryl Crawford,Support,Helpdesk,Active Directory; Hardware Support; Ticketing Systems; Windows Os,Customer Service,5,4,1,20.0,80.0
298,Danielle Gonzalez,Sales,Account Manager,Account Planning; Client Retention; Crm (Salesforce); Upselling,Contract Negotiation,5,4,1,20.0,80.0
299,Brian Stein,HR,HR Manager,Employee Relations; Hris; Labor Law; Talent Acquisition,Leadership; Performance Management,6,4,2,33.33,66.67
300,Robert Dudley,Finance,Accountant,Auditing; Excel; Financial Accounting; Quickbooks,Erp Systems; Tax Compliance,6,4,2,33.33,66.67
301,Janice Griffin,Marketing,Content Lead,Brand Storytelling; Copywriting; Editorial Planning; Seo,Content Strategy; Team Leadership,6,4,2,33.33,66.67
302,Vanessa Phillips,Finance,Auditor,Forensic Accounting; Internal Auditing; Risk Assessment,Compliance; Excel; Financial Analysis,6,3,3,50.0,50.0
303,Jared Walters,Sales,Account Manager,Account Planning; Contract Negotiation; Crm (Salesforce),Client Retention; Upselling,5,3,2,40.0,60.0
304,Richard Miller,Sales,Sales Executive,B2B Sales; Communication; Contract Closing; Lead Generation,Crm; Negotiation,6,4,2,33.33,66.67
305,Brandi Lewis,IT,Developer,Git; Python; System Design,Docker; Rest Apis; Sql,6,3,3,50.0,50.0
306,Nancy Taylor DVM,IT,Engineer,Git; Linux; Networking; Python; Security,Cloud Infrastructure,6,5,1,16.67,83.33
307,Michael Harris,Finance,Auditor,Compliance; Excel; Financial Analysis; Internal Auditing; Risk Assessment,Forensic Accounting,6,5,1,16.67,83.33
308,Nicole Robles,HR,HR Manager,Employee Relations; Hris; Labor Law; Leadership,Performance Management; Talent Acquisition,6,4,2,33.33,66.67
309,Samantha Miller,IT,Developer,Docker; Git; Python; System Design,Rest Apis; Sql,6,4,2,33.33,66.67
310,Andrea Perez,HR,HR Manager,Hris; Labor Law; Leadership; Performance Management; Talent Acquisition,Employee Relations,6,5,1,16.67,83.33
311,Scott Flores,HR,HR Executive,Communication; Hr Operations; Hris; Onboarding; Recruitment,,5,5,0,0.0,100.0
312,Paul Jones,Support,Helpdesk,Active Directory; Hardware Support; Ticketing Systems; Windows Os,Customer Service,5,4,1,20.0,80.0
313,John Johns,Support,Support Engineer,Bash Scripting; Customer Support; Itil; Linux; Sql,Troubleshooting,6,5,1,16.67,83.33
314,Lawrence Sellers,HR,HR Manager,Employee Relations; Leadership; Performance Management,Hris; Labor Law; Talent Acquisition,6,3,3,50.0,50.0
315,Joe Schultz,Sales,Sales Executive,B2B Sales; Communication; Contract Closing; Lead Generation; Negotiation,Crm,6,5,1,16.67,83.33
316,Sandra Snow,Finance,Accountant,Auditing; Excel; Financial Accounting; Quickbooks; Tax Compliance,Erp Systems,6,5,1,16.67,83.33
317,Beverly Wheeler,Sales,Account Manager,Account Planning; Client Retention; Contract Negotiation; Upselling,Crm (Salesforce),5,4,1,20.0,80.0
318,Ms. Amanda Wallace MD,Sales,Account Manager,Account Planning; Client Retention,Contract Negotiation; Crm (Salesforce); Upselling,5,2,3,60.0,40.0
319,Briana Hamilton,HR,HR Executive,Communication; Hr Operations; Hris; Recruitment,Onboarding,5,4,1,20.0,80.0
320,Carla Smith,Marketing,SEO Analyst,Ahrefs / Semrush; Google Analytics; Keyword Research; Technical Seo,Google Search Console,5,4,1,20.0,80.0
321,Ashley Ortiz,Marketing,SEO Analyst,Ahrefs / Semrush; Keyword Research; Technical Seo,Google Analytics; Google Search Console,5,3,2,40.0,60.0
322,David Winters,IT,Tester,Api Testing; Jira; Python; Selenium; Unit Testing,Test Automation,6,5,1,16.67,83.33
323,Derrick Villanueva,Marketing,Content Lead,Brand Storytelling; Copywriting; Editorial Planning; Seo,Content Strategy; Team Leadership,6,4,2,33.33,66.67
324,Sarah Ponce,IT,Tester,Api Testing; Jira; Test Automation; Unit Testing,Python; Selenium,6,4,2,33.33,66.67
325,Alan Thompson,IT,Engineer,Cloud Infrastructure; Git; Networking; Python; Security,Linux,6,5,1,16.67,83.33
326,Vanessa Logan,Marketing,Content Lead,Content Strategy; Copywriting; Seo; Team Leadership,Brand Storytelling; Editorial Planning,6,4,2,33.33,66.67
327,Joshua Stevens,Sales,Sales Executive,B2B Sales; Communication; Contract Closing; Crm; Negotiation,Lead Generation,6,5,1,16.67,83.33
328,James West,Finance,Accountant,Erp Systems; Financial Accounting; Tax Compliance,Auditing; Excel; Quickbooks,6,3,3,50.0,50.0
329,Donna Wolfe,HR,HR Manager,Employee Relations; Hris; Leadership; Performance Management; Talent Acquisition,Labor Law,6,5,1,16.67,83.33
330,Alexander Murray,IT,Developer,Docker; Git; Python; Rest Apis; Sql,System Design,6,5,1,16.67,83.33
331,Catherine Raymond,Sales,Account Manager,Client Retention; Crm (Salesforce); Upselling,Account Planning; Contract Negotiation,5,3,2,40.0,60.0
332,Lisa White,Sales,Sales Executive,Communication; Crm; Lead Generation; Negotiation,B2B Sales; Contract Closing,6,4,2,33.33,66.67
333,Marie Wilcox,HR,HR Manager,Hris; Labor Law; Performance Management; Talent Acquisition,Employee Relations; Leadership,6,4,2,33.33,66.67
334,Kevin George,Sales,Account Manager,Account Planning; Client Retention; Upselling,Contract Negotiation; Crm (Salesforce),5,3,2,40.0,60.0
335,Justin Howard,Support,Support Engineer,Bash Scripting; Customer Support; Sql; Troubleshooting,Itil; Linux,6,4,2,33.33,66.67
336,Ryan Wood,HR,HR Executive,Communication; Hr Operations; Onboarding; Recruitment,Hris,5,4,1,20.0,80.0
337,Jesse Cline,Marketing,SEO Analyst,Ahrefs / Semrush; Google Search Console; Keyword Research; Technical Seo,Google Analytics,5,4,1,20.0,80.0
338,William Wright,Marketing,SEO Analyst,Ahrefs / Semrush; Google Analytics; Google Search Console,Keyword Research; Technical Seo,5,3,2,40.0,60.0
339,Jeffery Anderson,Marketing,Content Lead,Copywriting; Seo; Team Leadership,Brand Storytelling; Content Strategy; Editorial Planning,6,3,3,50.0,50.0
340,Denise Martinez,Marketing,Content Lead,Content Strategy; Copywriting; Editorial Planning; Seo; Team Leadership,Brand Storytelling,6,5,1,16.67,83.33
341,Benjamin Robinson,Finance,Auditor,Compliance; Internal Auditing; Risk Assessment,Excel; Financial Analysis; Forensic Accounting,6,3,3,50.0,50.0
342,Terry Hunt,IT,Tester,Python; Selenium; Test Automation; Unit Testing,Api Testing; Jira,6,4,2,33.33,66.67
343,Chelsey Smith,HR,HR Executive,Communication; Hris; Recruitment,Hr Operations; Onboarding,5,3,2,40.0,60.0
344,Jeff Oconnor,Finance,Auditor,Compliance; Excel; Financial Analysis; Risk Assessment,Forensic Accounting; Internal Auditing,6,4,2,33.33,66.67
345,Brendan Henson,Finance,Accountant,Auditing; Excel; Tax Compliance,Erp Systems; Financial Accounting; Quickbooks,6,3,3,50.0,50.0
346,Christina Sanders,HR,HR Manager,Labor Law; Leadership; Performance Management; Talent Acquisition,Employee Relations; Hris,6,4,2,33.33,66.67
347,Douglas Nelson,HR,HR Executive,Communication; Hr Operations; Hris,Onboarding; Recruitment,5,3,2,40.0,60.0
348,Mary Turner,IT,Developer,Git; Python; Rest Apis; Sql; System Design,Docker,6,5,1,16.67,83.33
349,Kevin Brown,Sales,Sales Executive,B2B Sales; Contract Closing; Crm; Lead Generation; Negotiation,Communication,6,5,1,16.67,83.33
350,Jonathan Bishop,Marketing,Content Lead,Brand Storytelling; Content Strategy; Copywriting; Editorial Planning; Team Leadership,Seo,6,5,1,16.67,83.33
351,Maurice Lee,HR,HR Manager,Employee Relations; Hris; Labor Law; Talent Acquisition,Leadership; Performance Management,6,4,2,33.33,66.67
352,Austin Jackson,Support,Helpdesk,Customer Service; Hardware Support; Ticketing Systems,Active Directory; Windows Os,5,3,2,40.0,60.0
353,Mary Burgess,IT,Tester,Jira; Python; Selenium; Test Automation,Api Testing; Unit Testing,6,4,2,33.33,66.67
354,Patricia Reed,Support,Helpdesk,Active Directory; Ticketing Systems; Windows Os,Customer Service; Hardware Support,5,3,2,40.0,60.0
355,Nancy Simpson,Sales,Account Manager,Account Planning; Client Retention; Upselling,Contract Negotiation; Crm (Salesforce),5,3,2,40.0,60.0
356,Justin Huerta,IT,Tester,Api Testing; Jira; Python; Selenium; Unit Testing,Test Automation,6,5,1,16.67,83.33
357,Henry Davis,HR,HR Executive,Communication; Hr Operations; Hris; Onboarding,Recruitment,5,4,1,20.0,80.0
358,Nancy Allen,IT,Engineer,Cloud Infrastructure; Git; Networking; Python; Security,Linux,6,5,1,16.67,83.33
359,Jill Hill,HR,HR Executive,Hr Operations; Hris; Onboarding; Recruitment,Communication,5,4,1,20.0,80.0
360,Nicholas Barnes,HR,HR Manager,Hris; Labor Law; Leadership,Employee Relations; Performance Management; Talent Acquisition,6,3,3,50.0,50.0
361,Emily Richardson,Marketing,SEO Analyst,Google Analytics; Google Search Console; Technical Seo,Ahrefs / Semrush; Keyword Research,5,3,2,40.0,60.0
362,Chad Potter,Support,Helpdesk,Active Directory; Customer Service; Hardware Support,Ticketing Systems; Windows Os,5,3,2,40.0,60.0
363,Elizabeth Mcdonald,Support,Helpdesk,Active Directory; Hardware Support; Windows Os,Customer Service; Ticketing Systems,5,3,2,40.0,60.0
364,Mrs. Lisa Willis,IT,Tester,Jira; Python; Selenium; Test Automation; Unit Testing,Api Testing,6,5,1,16.67,83.33
365,Kathryn Henry,Sales,Sales Executive,B2B Sales; Communication; Contract Closing; Crm; Lead Generation,Negotiation,6,5,1,16.67,83.33
366,Joshua Meyer,Support,Helpdesk,Active Directory; Customer Service; Ticketing Systems,Hardware Support; Windows Os,5,3,2,40.0,60.0
367,Michelle Jackson,Finance,Accountant,Erp Systems; Excel; Financial Accounting; Quickbooks; Tax Compliance,Auditing,6,5,1,16.67,83.33
368,Jason Camacho,IT,Developer,Docker; Git; Rest Apis,Python; Sql; System Design,6,3,3,50.0,50.0
369,Zachary King,Sales,Account Manager,Account Planning; Client Retention; Upselling,Contract Negotiation; Crm (Salesforce),5,3,2,40.0,60.0
370,Heather Hill,HR,HR Executive,Communication; Hr Operations; Hris,Onboarding; Recruitment,5,3,2,40.0,60.0
371,Hannah Webb,Finance,Accountant,Auditing; Financial Accounting; Quickbooks,Erp Systems; Excel; Tax Compliance,6,3,3,50.0,50.0
372,Daniel Floyd,IT,Developer,Docker; Python; Rest Apis; Sql,Git; System Design,6,4,2,33.33,66.67
373,Kenneth Ford,Finance,Auditor,Compliance; Excel; Financial Analysis; Forensic Accounting; Internal Auditing,Risk Assessment,6,5,1,16.67,83.33
374,Joshua Green,Finance,Accountant,Erp Systems; Excel; Quickbooks; Tax Compliance,Auditing; Financial Accounting,6,4,2,33.33,66.67
375,Bryan Torres,Marketing,SEO Analyst,Google Analytics; Google Search Console; Keyword Research; Technical Seo,Ahrefs / Semrush,5,4,1,20.0,80.0
376,James Henderson,IT,Engineer,Cloud Infrastructure; Git; Linux; Networking; Python,Security,6,5,1,16.67,83.33
377,Timothy Morris,Sales,Sales Executive,Communication; Contract Closing; Crm; Lead Generation,B2B Sales; Negotiation,6,4,2,33.33,66.67
378,Dillon Daniel,Sales,Sales Executive,B2B Sales; Communication; Crm; Lead Generation; Negotiation,Contract Closing,6,5,1,16.67,83.33
379,Shelley Anthony,Support,Support Engineer,Bash Scripting; Customer Support; Itil; Linux; Sql,Troubleshooting,6,5,1,16.67,83.33
380,Edward Jennings,Marketing,SEO Analyst,Ahrefs / Semrush; Google Analytics; Keyword Research; Technical Seo,Google Search Console,5,4,1,20.0,80.0
381,Dana Steele,IT,Tester,Api Testing; Python; Test Automation; Unit Testing,Jira; Selenium,6,4,2,33.33,66.67
382,Caitlyn Hayes,Support,Support Engineer,Bash Scripting; Linux; Sql; Troubleshooting,Customer Support; Itil,6,4,2,33.33,66.67
383,Kathleen Rasmussen,IT,Engineer,Git; Python; Security,Cloud Infrastructure; Linux; Networking,6,3,3,50.0,50.0
384,Kyle Fuller,Sales,Sales Executive,Contract Closing; Crm; Negotiation,B2B Sales; Communication; Lead Generation,6,3,3,50.0,50.0
385,Jill Bass,HR,HR Manager,Employee Relations; Hris; Performance Management; Talent Acquisition,Labor Law; Leadership,6,4,2,33.33,66.67
386,Lindsey Mcmillan,Sales,Sales Executive,B2B Sales; Communication; Contract Closing; Lead Generation; Negotiation,Crm,6,5,1,16.67,83.33
387,Bryan Briggs,Sales,Account Manager,Account Planning; Contract Negotiation; Crm (Salesforce); Upselling,Client Retention,5,4,1,20.0,80.0
388,Ms. Amanda Campbell,Marketing,Content Lead,Brand Storytelling; Content Strategy; Editorial Planning; Seo; Team Leadership,Copywriting,6,5,1,16.67,83.33
389,Martha Henson,Support,Support Engineer,Bash Scripting; Customer Support; Sql; Troubleshooting,Itil; Linux,6,4,2,33.33,66.67
390,Thomas Green,Sales,Account Manager,Contract Negotiation; Crm (Salesforce); Upselling,Account Planning; Client Retention,5,3,2,40.0,60.0
391,Melissa Parker,Marketing,Content Lead,Brand Storytelling; Content Strategy; Editorial Planning; Seo; Team Leadership,Copywriting,6,5,1,16.67,83.33
392,George Cooley,IT,Tester,Api Testing; Test Automation; Unit Testing,Jira; Python; Selenium,6,3,3,50.0,50.0
393,Anthony Dominguez,Support,Helpdesk,Active Directory; Hardware Support; Ticketing Systems; Windows Os,Customer Service,5,4,1,20.0,80.0
394,Katherine Webster,Finance,Accountant,Erp Systems; Excel; Financial Accounting,Auditing; Quickbooks; Tax Compliance,6,3,3,50.0,50.0
395,Heather Martinez,Sales,Account Manager,Account Planning; Client Retention; Crm (Salesforce); Upselling,Contract Negotiation,5,4,1,20.0,80.0
396,Gregory Adams,Marketing,SEO Analyst,Ahrefs / Semrush; Google Analytics; Google Search Console; Technical Seo,Keyword Research,5,4,1,20.0,80.0
397,Pamela Smith,IT,Engineer,Cloud Infrastructure; Linux; Networking; Python,Git; Security,6,4,2,33.33,66.67
398,Steven Lewis,Sales,Sales Executive,B2B Sales; Contract Closing; Lead Generation; Negotiation,Communication; Crm,6,4,2,33.33,66.67
399,Veronica Washington,Sales,Sales Executive,B2B Sales; Contract Closing; Negotiation,Communication; Crm; Lead Generation,6,3,3,50.0,50.0
400,John Smith,Finance,Accountant,Erp Systems; Excel; Financial Accounting; Quickbooks,Auditing; Tax Compliance,6,4,2,33.33,66.67
401,John Gonzalez,IT,Developer,Docker; Git; Sql; System Design,Python; Rest Apis,6,4,2,33.33,66.67
402,Stacey Smith,Marketing,SEO Analyst,Ahrefs / Semrush; Keyword Research; Technical Seo,Google Analytics; Google Search Console,5,3,2,40.0,60.0
403,Jonathan Armstrong,Sales,Account Manager,Account Planning; Client Retention; Contract Negotiation; Upselling,Crm (Salesforce),5,4,1,20.0,80.0
404,Edwin Greene,IT,Developer,Docker; Git; Python; Sql; System Design,Rest Apis,6,5,1,16.67,83.33
405,Jessica Clark,IT,Tester,Api Testing; Jira; Selenium; Test Automation; Unit Testing,Python,6,5,1,16.67,83.33
406,Jody Johnson DDS,Sales,Sales Executive,Communication; Crm; Negotiation,B2B Sales; Contract Closing; Lead Generation,6,3,3,50.0,50.0
407,Amy Moore,IT,Tester,Api Testing; Jira; Selenium; Test Automation; Unit Testing,Python,6,5,1,16.67,83.33
408,Noah Stewart,Support,Support Engineer,Bash Scripting; Itil; Linux; Troubleshooting,Customer Support; Sql,6,4,2,33.33,66.67
409,Gabriel Hess,HR,HR Manager,Labor Law; Leadership; Performance Management; Talent Acquisition,Employee Relations; Hris,6,4,2,33.33,66.67
410,Kimberly Larson,Marketing,Content Lead,Brand Storytelling; Content Strategy; Editorial Planning; Seo,Copywriting; Team Leadership,6,4,2,33.33,66.67
411,Mrs. Melissa Thompson DDS,Marketing,SEO Analyst,Ahrefs / Semrush; Google Search Console; Technical Seo,Google Analytics; Keyword Research,5,3,2,40.0,60.0
412,Dr. Steven Blair,Support,Support Engineer,Bash Scripting; Customer Support; Itil; Linux; Troubleshooting,Sql,6,5,1,16.67,83.33
413,Courtney Miller,Finance,Auditor,Excel; Financial Analysis; Risk Assessment,Compliance; Forensic Accounting; Internal Auditing,6,3,3,50.0,50.0
414,Karen Mcknight,Finance,Auditor,Compliance; Financial Analysis; Forensic Accounting; Internal Auditing; Risk Assessment,Excel,6,5,1,16.67,83.33
415,Sonya Martin,IT,Engineer,Cloud Infrastructure; Git; Networking,Linux; Python; Security,6,3,3,50.0,50.0
416,Dr. Pamela Wilcox,Finance,Auditor,Compliance; Financial Analysis; Internal Auditing; Risk Assessment,Excel; Forensic Accounting,6,4,2,33.33,66.67
417,Heather Hampton,Finance,Auditor,Compliance; Excel; Internal Auditing; Risk Assessment,Financial Analysis; Forensic Accounting,6,4,2,33.33,66.67
418,James Taylor Jr.,Sales,Account Manager,Crm (Salesforce); Upselling,Account Planning; Client Retention; Contract Negotiation,5,2,3,60.0,40.0
419,Tamara Figueroa,Marketing,Content Lead,Brand Storytelling; Editorial Planning; Seo,Content Strategy; Copywriting; Team Leadership,6,3,3,50.0,50.0
420,Aaron Martin,Sales,Account Manager,Contract Negotiation; Crm (Salesforce); Upselling,Account Planning; Client Retention,5,3,2,40.0,60.0
421,Carlos Washington,Finance,Auditor,Compliance; Financial Analysis; Internal Auditing; Risk Assessment,Excel; Forensic Accounting,6,4,2,33.33,66.67
422,Brittany Callahan,Marketing,Content Lead,Brand Storytelling; Content Strategy; Editorial Planning; Seo,Copywriting; Team Leadership,6,4,2,33.33,66.67
423,Andrew Gonzalez,Sales,Account Manager,Account Planning; Contract Negotiation; Crm (Salesforce),Client Retention; Upselling,5,3,2,40.0,60.0
424,Mr. Ricky Nichols,Marketing,Content Lead,Copywriting; Editorial Planning; Seo; Team Leadership,Brand Storytelling; Content Strategy,6,4,2,33.33,66.67
425,Sarah Ward,Marketing,SEO Analyst,Ahrefs / Semrush; Google Analytics; Keyword Research; Technical Seo,Google Search Console,5,4,1,20.0,80.0
426,Cristina Martin,Sales,Account Manager,Account Planning; Client Retention; Upselling,Contract Negotiation; Crm (Salesforce),5,3,2,40.0,60.0
427,Alexandra Dalton,Finance,Accountant,Auditing; Financial Accounting; Tax Compliance,Erp Systems; Excel; Quickbooks,6,3,3,50.0,50.0
428,Melissa Arias,Sales,Account Manager,Account Planning; Client Retention; Crm (Salesforce),Contract Negotiation; Upselling,5,3,2,40.0,60.0
429,Richard Smith,Finance,Auditor,Compliance; Excel; Forensic Accounting; Internal Auditing,Financial Analysis; Risk Assessment,6,4,2,33.33,66.67
430,Lori Smith,Sales,Sales Executive,B2B Sales; Contract Closing; Crm; Lead Generation; Negotiation,Communication,6,5,1,16.67,83.33
431,Alex Taylor,IT,Developer,Docker; Python; Rest Apis; Sql,Git; System Design,6,4,2,33.33,66.67
432,Rachael Johnson,Support,Support Engineer,Itil; Linux; Sql,Bash Scripting; Customer Support; Troubleshooting,6,3,3,50.0,50.0
433,David Bryant,Sales,Sales Executive,Contract Closing; Lead Generation; Negotiation,B2B Sales; Communication; Crm,6,3,3,50.0,50.0
434,James Flores,Support,Support Engineer,Bash Scripting; Customer Support; Itil; Troubleshooting,Linux; Sql,6,4,2,33.33,66.67
435,David Haynes,Support,Support Engineer,Bash Scripting; Customer Support; Itil; Troubleshooting,Linux; Sql,6,4,2,33.33,66.67
436,Marco Chambers,Marketing,SEO Analyst,Ahrefs / Semrush; Google Analytics; Technical Seo,Google Search Console; Keyword Research,5,3,2,40.0,60.0
437,Todd Marsh,HR,HR Executive,Hr Operations; Onboarding; Recruitment,Communication; Hris,5,3,2,40.0,60.0
438,Sydney Robinson,Marketing,SEO Analyst,Google Search Console; Keyword Research,Ahrefs / Semrush; Google Analytics; Technical Seo,5,2,3,60.0,40.0
439,Kelly Watkins,Marketing,SEO Analyst,Ahrefs / Semrush; Google Search Console; Technical Seo,Google Analytics; Keyword Research,5,3,2,40.0,60.0
440,Dr. Kathryn Meyer MD,Sales,Sales Executive,B2B Sales; Communication; Crm,Contract Closing; Lead Generation; Negotiation,6,3,3,50.0,50.0
441,Amy Guerrero,Sales,Sales Executive,B2B Sales; Communication; Contract Closing; Crm; Lead Generation; Negotiation,,6,6,0,0.0,100.0
442,Lindsey Holmes,Support,Helpdesk,Active Directory; Customer Service; Hardware Support; Ticketing Systems,Windows Os,5,4,1,20.0,80.0
443,Donald Cummings,HR,HR Manager,Employee Relations; Hris; Leadership; Performance Management; Talent Acquisition,Labor Law,6,5,1,16.67,83.33
444,Brittney Booth,IT,Tester,Python; Selenium; Unit Testing,Api Testing; Jira; Test Automation,6,3,3,50.0,50.0
445,Ashley Hoffman,Sales,Account Manager,Account Planning; Client Retention; Contract Negotiation; Crm (Salesforce),Upselling,5,4,1,20.0,80.0
446,Oscar Reid,Support,Helpdesk,Active Directory; Customer Service; Hardware Support; Ticketing Systems,Windows Os,5,4,1,20.0,80.0
447,Sarah Smith,Sales,Sales Executive,B2B Sales; Communication; Lead Generation; Negotiation,Contract Closing; Crm,6,4,2,33.33,66.67
448,William Chavez,IT,Tester,Jira; Selenium; Test Automation; Unit Testing,Api Testing; Python,6,4,2,33.33,66.67
449,Angela Rodriguez,Finance,Accountant,Erp Systems; Excel; Financial Accounting,Auditing; Quickbooks; Tax Compliance,6,3,3,50.0,50.0
450,John White,IT,Developer,Docker; Python; Rest Apis,Git; Sql; System Design,6,3,3,50.0,50.0
451,Juan Hardy,Support,Helpdesk,Customer Service; Hardware Support; Ticketing Systems; Windows Os,Active Directory,5,4,1,20.0,80.0
452,Elizabeth Foley,Support,Support Engineer,Bash Scripting; Itil; Linux,Customer Support; Sql; Troubleshooting,6,3,3,50.0,50.0
453,Raven Williams,IT,Engineer,Linux; Networking; Security,Cloud Infrastructure; Git; Python,6,3,3,50.0,50.0
454,Miss Shannon Turner,IT,Engineer,Cloud Infrastructure; Git; Linux; Security,Networking; Python,6,4,2,33.33,66.67
455,Grace Cruz,IT,Developer,Docker; Git; Rest Apis,Python; Sql; System Design,6,3,3,50.0,50.0
456,Robert Morrow,Marketing,Content Lead,Brand Storytelling; Content Strategy; Copywriting,Editorial Planning; Seo; Team Leadership,6,3,3,50.0,50.0
457,Aaron Davis,Support,Helpdesk,Active Directory; Customer Service; Hardware Support,Ticketing Systems; Windows Os,5,3,2,40.0,60.0
458,Trevor Williams,HR,HR Executive,Communication; Hr Operations; Hris; Onboarding,Recruitment,5,4,1,20.0,80.0
459,Albert Chavez,Sales,Account Manager,Account Planning; Contract Negotiation,Client Retention; Crm (Salesforce); Upselling,5,2,3,60.0,40.0
460,Nichole Fitzgerald,Marketing,SEO Analyst,Google Analytics; Keyword Research; Technical Seo,Ahrefs / Semrush; Google Search Console,5,3,2,40.0,60.0
461,Chelsey Roberts,Finance,Accountant,Auditing; Erp Systems; Excel; Financial Accounting; Quickbooks,Tax Compliance,6,5,1,16.67,83.33
462,Brian Rice,Support,Support Engineer,Itil; Linux; Sql,Bash Scripting; Customer Support; Troubleshooting,6,3,3,50.0,50.0
463,Jo Warren,Finance,Accountant,Auditing; Erp Systems; Excel; Quickbooks; Tax Compliance,Financial Accounting,6,5,1,16.67,83.33
464,Cynthia Clark,Sales,Account Manager,Account Planning; Client Retention; Contract Negotiation; Crm (Salesforce),Upselling,5,4,1,20.0,80.0
465,Mary Hudson,Support,Helpdesk,Active Directory; Customer Service; Windows Os,Hardware Support; Ticketing Systems,5,3,2,40.0,60.0
466,Jacqueline Knight,IT,Developer,Docker; Rest Apis; System Design,Git; Python; Sql,6,3,3,50.0,50.0
467,Sydney Sweeney,Finance,Auditor,Compliance; Excel; Financial Analysis; Internal Auditing; Risk Assessment,Forensic Accounting,6,5,1,16.67,83.33
468,Deborah Harris,HR,HR Executive,Hr Operations; Onboarding; Recruitment,Communication; Hris,5,3,2,40.0,60.0
469,Samantha Curtis,Finance,Auditor,Compliance; Excel; Forensic Accounting; Internal Auditing,Financial Analysis; Risk Assessment,6,4,2,33.33,66.67
470,Brett Armstrong,HR,HR Executive,Communication; Hr Operations; Hris; Onboarding,Recruitment,5,4,1,20.0,80.0
471,David Zamora,HR,HR Manager,Employee Relations; Hris; Labor Law; Talent Acquisition,Leadership; Performance Management,6,4,2,33.33,66.67
472,Gregory Contreras,Finance,Accountant,Erp Systems; Financial Accounting; Tax Compliance,Auditing; Excel; Quickbooks,6,3,3,50.0,50.0
473,Brian Peterson,IT,Engineer,Git; Linux; Networking; Python; Security,Cloud Infrastructure,6,5,1,16.67,83.33
474,Frank Ross,Finance,Auditor,Compliance; Excel; Financial Analysis; Forensic Accounting,Internal Auditing; Risk Assessment,6,4,2,33.33,66.67
475,Kelsey Moore,Sales,Account Manager,Client Retention; Contract Negotiation; Upselling,Account Planning; Crm (Salesforce),5,3,2,40.0,60.0
476,Louis Davis,HR,HR Manager,Hris; Labor Law; Performance Management; Talent Acquisition,Employee Relations; Leadership,6,4,2,33.33,66.67
477,Daniel Ruiz,Sales,Sales Executive,B2B Sales; Communication; Contract Closing; Crm; Lead Generation,Negotiation,6,5,1,16.67,83.33
478,Lauren Preston,Marketing,Content Lead,Brand Storytelling; Content Strategy; Editorial Planning; Seo; Team Leadership,Copywriting,6,5,1,16.67,83.33
479,Shawn Grant,IT,Tester,Api Testing; Jira; Selenium; Test Automation,Python; Unit Testing,6,4,2,33.33,66.67
480,Pamela Castro,Support,Helpdesk,Active Directory; Hardware Support; Ticketing Systems; Windows Os,Customer Service,5,4,1,20.0,80.0
481,Brian Thompson,IT,Developer,Python; Rest Apis; System Design,Docker; Git; Sql,6,3,3,50.0,50.0
482,Anthony Jennings,Support,Support Engineer,Customer Support; Itil; Linux; Sql,Bash Scripting; Troubleshooting,6,4,2,33.33,66.67
483,Jennifer Fernandez,IT,Tester,Api Testing; Selenium; Unit Testing,Jira; Python; Test Automation,6,3,3,50.0,50.0
484,Mary Patterson,Sales,Sales Executive,Communication; Contract Closing; Negotiation,B2B Sales; Crm; Lead Generation,6,3,3,50.0,50.0
485,Antonio Johnson,Sales,Sales Executive,Communication; Contract Closing; Crm; Lead Generation; Negotiation,B2B Sales,6,5,1,16.67,83.33
486,Thomas Gomez,Sales,Sales Executive,B2B Sales; Crm; Lead Generation; Negotiation,Communication; Contract Closing,6,4,2,33.33,66.67
487,Stephanie Ryan,IT,Developer,Docker; Git; Python; Rest Apis; System Design,Sql,6,5,1,16.67,83.33
488,Lydia Thomas,Finance,Auditor,Compliance; Excel; Financial Analysis; Forensic Accounting; Internal Auditing,Risk Assessment,6,5,1,16.67,83.33
489,Jonathan Green,Finance,Accountant,Auditing; Excel; Financial Accounting; Quickbooks; Tax Compliance,Erp Systems,6,5,1,16.67,83.33
490,Cheryl Jimenez,HR,HR Manager,Employee Relations; Labor Law; Leadership; Talent Acquisition,Hris; Performance Management,6,4,2,33.33,66.67
491,Kendra Grant,Sales,Account Manager,Account Planning; Contract Negotiation; Upselling,Client Retention; Crm (Salesforce),5,3,2,40.0,60.0
492,Crystal Conway,Marketing,SEO Analyst,Ahrefs / Semrush; Keyword Research; Technical Seo,Google Analytics; Google Search Console,5,3,2,40.0,60.0
493,Nancy Bell,IT,Tester,Api Testing; Jira; Python; Selenium; Test Automation,Unit Testing,6,5,1,16.67,83.33
494,Katrina Thomas,HR,HR Manager,Labor Law; Leadership; Performance Management; Talent Acquisition,Employee Relations; Hris,6,4,2,33.33,66.67
495,Sean Nash,IT,Developer,Docker; Git; Python; Rest Apis,Sql; System Design,6,4,2,33.33,66.67
496,Mrs. Jessica Johnson,IT,Developer,Docker; Git; Python; Rest Apis; System Design,Sql,6,5,1,16.67,83.33
497,Rhonda Torres,Finance,Auditor,Financial Analysis; Forensic Accounting; Internal Auditing; Risk Assessment,Compliance; Excel,6,4,2,33.33,66.67
498,Patricia Fisher,Finance,Accountant,Erp Systems; Excel; Quickbooks,Auditing; Financial Accounting; Tax Compliance,6,3,3,50.0,50.0
499,Dorothy Hartman,Sales,Account Manager,Client Retention; Contract Negotiation; Upselling,Account Planning; Crm (Salesforce),5,3,2,40.0,60.0
500,David Rhodes,Marketing,Content Lead,Brand Storytelling; Content Strategy; Seo; Team Leadership,Copywriting; Editorial Planning,6,4,2,33.33,66.67
100021,Rati Hayre,Finance,Auditor,Compliance; Excel; Financial Analysis; Forensic Accounting; Risk Assessment,Internal Auditing,6,5,1,16.67,83.33
100227,Vihaan Garg,IT,Data Analyst,Excel; Sql; Statistical Analysis,Power Bi; Python; Tableau,6,3,3,50.0,50.0
100468,Arhaan Kibe,Finance,Accountant,Auditing; Erp Systems; Excel,Financial Accounting; Quickbooks; Tax Compliance,6,3,3,50.0,50.0
100518,Baiju Baria,Sales,Account Manager,Contract Negotiation; Upselling,Account Planning; Client Retention; Crm (Salesforce),5,2,3,60.0,40.0
100813,Anaya Chandran,Sales,Business Development,Crm; Partnership Development,Market Research; Pipeline Management; Strategic Pitching,5,2,3,60.0,40.0
100859,Damini Mallick,IT,Cybersecurity Specialist,Cryptography; Network Security; Penetration Testing; Python,Incident Response; Siem,6,4,2,33.33,66.67
100956,Adira Swamy,HR,HR Manager,Labor Law; Performance Management; Talent Acquisition,Employee Relations; Hris; Leadership,6,3,3,50.0,50.0
101069,Indrans Dara,IT,Data Analyst,Power Bi; Python; Sql; Statistical Analysis; Tableau,Excel,6,5,1,16.67,83.33
101319,Rasha Taneja,Marketing,Content Strategist,Information Architecture; Seo; User Research,Content Auditing; Copywriting,5,3,2,40.0,60.0
101467,Zain Viswanathan,HR,Recruitment Specialist,Employer Branding; Interviewing; Technical Sourcing,Ats; Salary Negotiation,5,3,2,40.0,60.0
101509,Drishya Konda,HR,Recruitment Specialist,Ats; Employer Branding; Interviewing; Technical Sourcing,Salary Negotiation,5,4,1,20.0,80.0
102004,Tiya Doshi,IT,Data Analyst,Excel; Power Bi; Python; Statistical Analysis,Sql; Tableau,6,4,2,33.33,66.67
102178,Kimaya Gara,HR,HR Manager,Employee Relations; Hris; Labor Law; Performance Management; Talent Acquisition,Leadership,6,5,1,16.67,83.33
102677,Anahi Mallick,Sales,Account Manager,Client Retention; Crm (Salesforce),Account Planning; Contract Negotiation; Upselling,5,2,3,60.0,40.0
102836,Ojas Thaman,Marketing,Content Strategist,Content Auditing; Information Architecture; Seo; User Research,Copywriting,5,4,1,20.0,80.0
102861,Manjari Uppal,Finance,Auditor,Financial Analysis; Internal Auditing; Risk Assessment,Compliance; Excel; Forensic Accounting,6,3,3,50.0,50.0
102862,Onkar Walla,Marketing,Marketing Executive,Campaign Management; Content Marketing; Digital Marketing,Google Analytics; Seo,5,3,2,40.0,60.0
102907,Inaaya  Randhawa,Finance,Auditor,Compliance; Financial Analysis; Forensic Accounting; Internal Auditing; Risk Assessment,Excel,6,5,1,16.67,83.33
102928,Veer Sagar,HR,Recruitment Specialist,Employer Branding; Interviewing,Ats; Salary Negotiation; Technical Sourcing,5,2,3,60.0,40.0
102988,Hansh Kakar,Sales,Sales Executive,B2B Sales; Communication; Contract Closing; Crm; Lead Generation,Negotiation,6,5,1,16.67,83.33
103022,Krish Gokhale,IT,Data Analyst,Excel; Power Bi; Python; Sql; Statistical Analysis,Tableau,6,5,1,16.67,83.33
103367,Onkar Bedi,Marketing,SEO Specialist,Content Optimization; Html / Css Basics; On-Page Seo,Backlink Strategy; Google Analytics,5,3,2,40.0,60.0
103626,Tara Bhardwaj,Sales,Account Manager,Account Planning; Contract Negotiation; Upselling,Client Retention; Crm (Salesforce),5,3,2,40.0,60.0
104091,Madhup Bhasin,HR,Employee Relations,Conflict Resolution; Employment Law; Investigation,Hr Policies; Mediation,5,3,2,40.0,60.0
104228,Rasha Ahuja,Finance,Auditor,Excel; Forensic Accounting; Internal Auditing; Risk Assessment,Compliance; Financial Analysis,6,4,2,33.33,66.67
104435,Manikya Sanghvi,Sales,Business Development,Crm; Partnership Development; Pipeline Management,Market Research; Strategic Pitching,5,3,2,40.0,60.0
104468,Baiju Kibe,HR,HR Manager,Hris; Leadership; Talent Acquisition,Employee Relations; Labor Law; Performance Management,6,3,3,50.0,50.0
104550,Samarth Kaul,Marketing,SEO Specialist,Google Analytics; Html / Css Basics,Backlink Strategy; Content Optimization; On-Page Seo,5,2,3,60.0,40.0
104582,Riya Kumar,Marketing,Marketing Executive,Campaign Management; Content Marketing; Digital Marketing,Google Analytics; Seo,5,3,2,40.0,60.0
104752,Dharmajan Desai,HR,HR Manager,Leadership; Performance Management; Talent Acquisition,Employee Relations; Hris; Labor Law,6,3,3,50.0,50.0
104894,Arhaan Raman,Marketing,Marketing Executive,Campaign Management; Content Marketing; Digital Marketing; Google Analytics,Seo,5,4,1,20.0,80.0
105085,Rohan Hans,Marketing,SEO Specialist,Content Optimization; Google Analytics; Html / Css Basics; On-Page Seo,Backlink Strategy,5,4,1,20.0,80.0
105109,Hazel Dalal,Marketing,SEO Specialist,Content Optimization; Google Analytics; On-Page Seo,Backlink Strategy; Html / Css Basics,5,3,2,40.0,60.0
105561,Tara Bal,Finance,Auditor,Compliance; Financial Analysis; Forensic Accounting; Internal Auditing; Risk Assessment,Excel,6,5,1,16.67,83.33
105672,Divyansh Bali,Finance,Accountant,Auditing; Excel; Quickbooks; Tax Compliance,Erp Systems; Financial Accounting,6,4,2,33.33,66.67
106054,Divyansh Taneja,Sales,Business Development,Crm; Partnership Development; Pipeline Management; Strategic Pitching,Market Research,5,4,1,20.0,80.0
106444,Tejas Bajaj,Marketing,SEO Specialist,Content Optimization; Google Analytics; On-Page Seo,Backlink Strategy; Html / Css Basics,5,3,2,40.0,60.0
106454,Aayush Lala,Sales,Sales Executive,B2B Sales; Contract Closing; Lead Generation; Negotiation,Communication; Crm,6,4,2,33.33,66.67
106528,Suhana Gour,IT,Cybersecurity Specialist,Cryptography; Network Security; Penetration Testing; Siem,Incident Response; Python,6,4,2,33.33,66.67
106592,Seher Chand,Finance,Financial Analyst,Excel; Financial Modeling; Forecasting; Valuation,Power Bi; Sql,6,4,2,33.33,66.67
106767,Dhruv Srinivas,Finance,Financial Analyst,Forecasting; Power Bi; Sql; Valuation,Excel; Financial Modeling,6,4,2,33.33,66.67
106984,Kashvi Warrior,Sales,Business Development,Crm; Market Research; Partnership Development; Pipeline Management,Strategic Pitching,5,4,1,20.0,80.0
107370,Lakshit Goyal,HR,HR Manager,Hris; Labor Law; Leadership; Performance Management; Talent Acquisition,Employee Relations,6,5,1,16.67,83.33
107620,Lakshay Basu,Finance,Financial Analyst,Excel; Financial Modeling; Power Bi; Sql; Valuation,Forecasting,6,5,1,16.67,83.33
107658,Aaryahi Borah,Sales,Account Manager,Account Planning; Contract Negotiation; Crm (Salesforce),Client Retention; Upselling,5,3,2,40.0,60.0
107707,Khushi Mander,IT,Cybersecurity Specialist,Cryptography; Incident Response; Network Security; Python; Siem,Penetration Testing,6,5,1,16.67,83.33
107784,Lakshit Dave,HR,Recruitment Specialist,Employer Branding; Interviewing; Salary Negotiation; Technical Sourcing,Ats,5,4,1,20.0,80.0
107797,Lagan Khosla,Sales,Account Manager,Client Retention; Contract Negotiation; Crm (Salesforce); Upselling,Account Planning,5,4,1,20.0,80.0
107974,Tarini Korpal,Sales,Business Development,Crm; Pipeline Management,Market Research; Partnership Development; Strategic Pitching,5,2,3,60.0,40.0
108047,Nitara Sen,Sales,Account Manager,Account Planning; Client Retention; Contract Negotiation; Upselling,Crm (Salesforce),5,4,1,20.0,80.0
108201,Nitara Saha,Sales,Sales Executive,B2B Sales; Crm; Lead Generation,Communication; Contract Closing; Negotiation,6,3,3,50.0,50.0
108205,Aniruddh Ray,Sales,Account Manager,Account Planning; Contract Negotiation; Upselling,Client Retention; Crm (Salesforce),5,3,2,40.0,60.0
108459,Aaina Thaman,Finance,Auditor,Compliance; Financial Analysis; Forensic Accounting; Risk Assessment,Excel; Internal Auditing,6,4,2,33.33,66.67
108555,Hazel Chahal,Marketing,Content Strategist,Information Architecture; Seo; User Research,Content Auditing; Copywriting,5,3,2,40.0,60.0
108938,Badal Bhagat,IT,Cybersecurity Specialist,Cryptography; Incident Response; Network Security; Penetration Testing; Siem,Python,6,5,1,16.67,83.33
109057,Nishith Garg,Sales,Sales Executive,B2B Sales; Communication; Crm; Lead Generation; Negotiation,Contract Closing,6,5,1,16.67,83.33
109407,Kartik Vala,Finance,Financial Analyst,Excel; Financial Modeling; Forecasting; Sql; Valuation,Power Bi,6,5,1,16.67,83.33
109437,Jivika Dube,Sales,Business Development,Crm; Market Research; Partnership Development,Pipeline Management; Strategic Pitching,5,3,2,40.0,60.0
109592,Ritvik Kashyap,HR,HR Manager,Employee Relations; Hris; Labor Law; Leadership; Talent Acquisition,Performance Management,6,5,1,16.67,83.33
110121,Manikya Shukla,Marketing,Marketing Executive,Campaign Management; Google Analytics; Seo,Content Marketing; Digital Marketing,5,3,2,40.0,60.0
110245,Aarav Swaminathan,Finance,Auditor,Compliance; Excel; Financial Analysis; Internal Auditing,Forensic Accounting; Risk Assessment,6,4,2,33.33,66.67
110266,Gatik Raj,HR,Employee Relations,Employment Law; Hr Policies; Investigation; Mediation,Conflict Resolution,5,4,1,20.0,80.0
110370,Kavya Joshi,Sales,Business Development,Crm; Pipeline Management; Strategic Pitching,Market Research; Partnership Development,5,3,2,40.0,60.0
110506,Rasha Handa,Finance,Accountant,Auditing; Erp Systems; Excel; Quickbooks; Tax Compliance,Financial Accounting,6,5,1,16.67,83.33
110513,Uthkarsh Sha,Marketing,Marketing Executive,Digital Marketing; Seo,Campaign Management; Content Marketing; Google Analytics,5,2,3,60.0,40.0
110767,Oorja Butala,Finance,Accountant,Erp Systems; Financial Accounting; Quickbooks,Auditing; Excel; Tax Compliance,6,3,3,50.0,50.0
110794,Divij Batra,IT,Software Engineer,Ci/Cd; Data Structures; Docker; Git; Java; Kubernetes,Python,7,6,1,14.29,85.71
111003,Baiju Bhasin,Marketing,Content Strategist,Content Auditing; Information Architecture; Seo; User Research,Copywriting,5,4,1,20.0,80.0
111008,Akarsh Bath,Sales,Account Manager,Account Planning; Client Retention; Contract Negotiation; Crm (Salesforce),Upselling,5,4,1,20.0,80.0
111256,Oorja Bhatnagar,Marketing,Marketing Executive,Campaign Management; Content Marketing; Digital Marketing; Seo,Google Analytics,5,4,1,20.0,80.0
111448,Kiara Rao,HR,Employee Relations,Conflict Resolution; Hr Policies; Investigation,Employment Law; Mediation,5,3,2,40.0,60.0
111544,Nitara Sur,Marketing,SEO Specialist,Content Optimization; Google Analytics; Html / Css Basics; On-Page Seo,Backlink Strategy,5,4,1,20.0,80.0
111590,Saanvi Chowdhury,IT,Cybersecurity Specialist,Incident Response; Network Security; Penetration Testing; Python; Siem,Cryptography,6,5,1,16.67,83.33
111623,Alia Dugal,HR,Employee Relations,Conflict Resolution; Hr Policies,Employment Law; Investigation; Mediation,5,2,3,60.0,40.0
112033,Riya Bora,IT,Data Analyst,Excel; Power Bi; Python; Sql,Statistical Analysis; Tableau,6,4,2,33.33,66.67
112883,Ahana  Ratti,IT,Cybersecurity Specialist,Cryptography; Network Security; Penetration Testing; Python; Siem,Incident Response,6,5,1,16.67,83.33
112977,Jivika Goda,IT,Software Engineer,Ci/Cd; Docker; Git; Java; Kubernetes,Data Structures; Python,7,5,2,28.57,71.43
113558,Pari Date,IT,Cybersecurity Specialist,Incident Response; Network Security; Penetration Testing; Siem,Cryptography; Python,6,4,2,33.33,66.67
113859,Madhup Thaman,Finance,Auditor,Compliance; Excel; Internal Auditing; Risk Assessment,Financial Analysis; Forensic Accounting,6,4,2,33.33,66.67
113981,Vivaan Roy,Finance,Financial Analyst,Excel; Sql; Valuation,Financial Modeling; Forecasting; Power Bi,6,3,3,50.0,50.0
114099,Advik Sinha,Marketing,Marketing Executive,Campaign Management; Digital Marketing; Google Analytics; Seo,Content Marketing,5,4,1,20.0,80.0
114320,Inaaya  Dayal,Marketing,Marketing Executive,Campaign Management; Content Marketing; Google Analytics,Digital Marketing; Seo,5,3,2,40.0,60.0
114390,Saksham Tandon,IT,Software Engineer,Data Structures; Java; Kubernetes; Python,Ci/Cd; Docker; Git,7,4,3,42.86,57.14
114431,Kismat Gupta,Marketing,Marketing Executive,Campaign Management; Content Marketing; Google Analytics,Digital Marketing; Seo,5,3,2,40.0,60.0
114775,Riya Saini,Sales,Sales Executive,Communication; Crm; Lead Generation,B2B Sales; Contract Closing; Negotiation,6,3,3,50.0,50.0
114913,Ayesha Baria,HR,Employee Relations,Conflict Resolution; Employment Law; Investigation,Hr Policies; Mediation,5,3,2,40.0,60.0
115040,Sana Venkatesh,HR,Employee Relations,Conflict Resolution; Hr Policies; Mediation,Employment Law; Investigation,5,3,2,40.0,60.0
115601,Yuvraj  Sagar,Sales,Sales Executive,B2B Sales; Contract Closing; Lead Generation; Negotiation,Communication; Crm,6,4,2,33.33,66.67
115614,Anaya Lad,HR,HR Manager,Hris; Labor Law; Leadership; Performance Management,Employee Relations; Talent Acquisition,6,4,2,33.33,66.67
115774,Amira Chatterjee,Sales,Business Development,Crm; Market Research; Pipeline Management,Partnership Development; Strategic Pitching,5,3,2,40.0,60.0
115931,Biju Sane,Marketing,SEO Specialist,Backlink Strategy; Content Optimization; On-Page Seo,Google Analytics; Html / Css Basics,5,3,2,40.0,60.0
116007,Dharmajan Karpe,Marketing,SEO Specialist,Backlink Strategy; Content Optimization; Google Analytics; On-Page Seo,Html / Css Basics,5,4,1,20.0,80.0
116231,Dhanuk Bala,Sales,Sales Executive,Communication; Contract Closing; Crm,B2B Sales; Lead Generation; Negotiation,6,3,3,50.0,50.0
116319,Gatik Banik,IT,Cybersecurity Specialist,Cryptography; Incident Response; Siem,Network Security; Penetration Testing; Python,6,3,3,50.0,50.0
116414,Alisha Varty,Sales,Account Manager,Account Planning; Client Retention; Contract Negotiation; Crm (Salesforce),Upselling,5,4,1,20.0,80.0
116608,Diya Khatri,Marketing,Content Strategist,Seo; User Research,Content Auditing; Copywriting; Information Architecture,5,2,3,60.0,40.0
116739,Damini Magar,Sales,Sales Executive,Communication; Contract Closing; Crm; Lead Generation; Negotiation,B2B Sales,6,5,1,16.67,83.33
116787,Hridaan Gade,Marketing,Marketing Executive,Campaign Management; Digital Marketing; Google Analytics; Seo,Content Marketing,5,4,1,20.0,80.0
117098,Diya Dara,Finance,Financial Analyst,Excel; Financial Modeling; Forecasting,Power Bi; Sql; Valuation,6,3,3,50.0,50.0
117131,Jivin Som,Sales,Business Development,Crm; Pipeline Management; Strategic Pitching,Market Research; Partnership Development,5,3,2,40.0,60.0
117267,Ivana Savant,HR,Employee Relations,Conflict Resolution; Hr Policies; Investigation; Mediation,Employment Law,5,4,1,20.0,80.0
117388,Zaina Bobal,Marketing,Marketing Executive,Campaign Management; Content Marketing; Google Analytics,Digital Marketing; Seo,5,3,2,40.0,60.0
117607,Heer Kade,Finance,Auditor,Compliance; Excel; Financial Analysis; Risk Assessment,Forensic Accounting; Internal Auditing,6,4,2,33.33,66.67
117709,Shlok Gour,HR,Employee Relations,Employment Law; Hr Policies; Investigation,Conflict Resolution; Mediation,5,3,2,40.0,60.0
117814,Kabir Kapadia,Sales,Business Development,Crm; Market Research; Strategic Pitching,Partnership Development; Pipeline Management,5,3,2,40.0,60.0
117853,Indrans Jhaveri,Sales,Account Manager,Account Planning; Client Retention; Contract Negotiation; Upselling,Crm (Salesforce),5,4,1,20.0,80.0
118134,Renee Kakar,Sales,Account Manager,Account Planning; Client Retention; Crm (Salesforce); Upselling,Contract Negotiation,5,4,1,20.0,80.0
118155,Aarav Trivedi,Finance,Accountant,Auditing; Erp Systems; Excel; Quickbooks,Financial Accounting; Tax Compliance,6,4,2,33.33,66.67
118283,Fateh Gopal,Marketing,SEO Specialist,Content Optimization; Google Analytics; On-Page Seo,Backlink Strategy; Html / Css Basics,5,3,2,40.0,60.0
118741,Saanvi Dada,Marketing,Content Strategist,Content Auditing; Information Architecture; Seo; User Research,Copywriting,5,4,1,20.0,80.0
118799,Amani Gill,Finance,Accountant,Auditing; Erp Systems; Financial Accounting; Quickbooks; Tax Compliance,Excel,6,5,1,16.67,83.33
118920,Vedika Dara,HR,Recruitment Specialist,Ats; Employer Branding; Interviewing; Technical Sourcing,Salary Negotiation,5,4,1,20.0,80.0
119080,Alisha Kalita,Marketing,Marketing Executive,Campaign Management; Content Marketing; Digital Marketing; Google Analytics,Seo,5,4,1,20.0,80.0
119419,Zara Bandi,HR,Recruitment Specialist,Ats; Employer Branding; Salary Negotiation; Technical Sourcing,Interviewing,5,4,1,20.0,80.0
119536,Lakshay Dani,Marketing,SEO Specialist,Backlink Strategy; Content Optimization; Html / Css Basics; On-Page Seo,Google Analytics,5,4,1,20.0,80.0
119844,Pranay Swaminathan,Finance,Auditor,Compliance; Excel; Financial Analysis; Risk Assessment,Forensic Accounting; Internal Auditing,6,4,2,33.33,66.67
120071,Tarini De,Finance,Accountant,Erp Systems; Financial Accounting; Quickbooks; Tax Compliance,Auditing; Excel,6,4,2,33.33,66.67
120216,Zara Sabharwal,IT,Software Engineer,Ci/Cd; Data Structures; Git; Java,Docker; Kubernetes; Python,7,4,3,42.86,57.14
120455,Samaira Ramakrishnan,IT,Cybersecurity Specialist,Cryptography; Network Security; Python; Siem,Incident Response; Penetration Testing,6,4,2,33.33,66.67
120635,Reyansh Tripathi,IT,Data Analyst,Excel; Power Bi; Tableau,Python; Sql; Statistical Analysis,6,3,3,50.0,50.0
120682,Devansh Badami,Sales,Business Development,Crm; Market Research; Partnership Development,Pipeline Management; Strategic Pitching,5,3,2,40.0,60.0
120772,Sumer Subramaniam,Marketing,SEO Specialist,Backlink Strategy; Google Analytics; Html / Css Basics; On-Page Seo,Content Optimization,5,4,1,20.0,80.0
121045,Lagan Sinha,Marketing,Content Strategist,Content Auditing; Seo; User Research,Copywriting; Information Architecture,5,3,2,40.0,60.0
121502,Vidur Thaker,Marketing,SEO Specialist,Backlink Strategy; Content Optimization; On-Page Seo,Google Analytics; Html / Css Basics,5,3,2,40.0,60.0
121835,Abram Chandran,Finance,Financial Analyst,Excel; Financial Modeling; Forecasting; Sql,Power Bi; Valuation,6,4,2,33.33,66.67
121945,Vardaniya De,Sales,Sales Executive,B2B Sales; Communication; Contract Closing; Lead Generation; Negotiation,Crm,6,5,1,16.67,83.33
121979,Aarush Thakkar,IT,Cybersecurity Specialist,Cryptography; Penetration Testing; Python; Siem,Incident Response; Network Security,6,4,2,33.33,66.67
121994,Vanya Sankaran,Sales,Business Development,Crm; Partnership Development; Pipeline Management,Market Research; Strategic Pitching,5,3,2,40.0,60.0
122174,Nehmat Toor,IT,Cybersecurity Specialist,Cryptography; Network Security; Penetration Testing; Python; Siem,Incident Response,6,5,1,16.67,83.33
122337,Samar Bansal,Sales,Sales Executive,B2B Sales; Communication; Contract Closing; Lead Generation; Negotiation,Crm,6,5,1,16.67,83.33
122708,Dharmajan Apte,HR,Employee Relations,Conflict Resolution; Hr Policies; Mediation,Employment Law; Investigation,5,3,2,40.0,60.0
122712,Ivana Soni,Finance,Financial Analyst,Excel; Power Bi; Sql; Valuation,Financial Modeling; Forecasting,6,4,2,33.33,66.67
122843,Mishti Cheema,HR,Recruitment Specialist,Ats; Employer Branding; Interviewing; Salary Negotiation,Technical Sourcing,5,4,1,20.0,80.0
122865,Jhanvi Tailor,Finance,Financial Analyst,Excel; Financial Modeling; Sql; Valuation,Forecasting; Power Bi,6,4,2,33.33,66.67
123009,Vaibhav Sandhu,Finance,Financial Analyst,Excel; Forecasting; Power Bi; Valuation,Financial Modeling; Sql,6,4,2,33.33,66.67
123083,Aarush Gaba,Sales,Sales Executive,B2B Sales; Communication; Contract Closing; Crm; Negotiation,Lead Generation,6,5,1,16.67,83.33
123430,Saanvi Bains,IT,Data Analyst,Excel; Power Bi; Python; Sql; Tableau,Statistical Analysis,6,5,1,16.67,83.33
123940,Vardaniya Solanki,HR,Recruitment Specialist,Ats; Employer Branding; Salary Negotiation; Technical Sourcing,Interviewing,5,4,1,20.0,80.0
123983,Saanvi Sha,HR,Employee Relations,Employment Law; Hr Policies; Mediation,Conflict Resolution; Investigation,5,3,2,40.0,60.0
124188,Tiya Bhatnagar,IT,Data Analyst,Excel; Power Bi; Python; Statistical Analysis; Tableau,Sql,6,5,1,16.67,83.33
124269,Miraya Atwal,Sales,Business Development,Crm; Market Research; Pipeline Management; Strategic Pitching,Partnership Development,5,4,1,20.0,80.0
124294,Aradhya Rana,Sales,Sales Executive,B2B Sales; Communication; Contract Closing; Lead Generation; Negotiation,Crm,6,5,1,16.67,83.33
124448,Damini Jhaveri,Marketing,Content Strategist,Content Auditing; Copywriting; Seo; User Research,Information Architecture,5,4,1,20.0,80.0
124593,Vidur Sankar,Finance,Auditor,Compliance; Excel; Financial Analysis; Internal Auditing; Risk Assessment,Forensic Accounting,6,5,1,16.67,83.33
124790,Saanvi Ben,IT,Software Engineer,Data Structures; Git; Java,Ci/Cd; Docker; Kubernetes; Python,7,3,4,57.14,42.86
124932,Navya Varty,HR,Recruitment Specialist,Ats; Employer Branding,Interviewing; Salary Negotiation; Technical Sourcing,5,2,3,60.0,40.0
125052,Saanvi Venkatesh,Finance,Auditor,Excel; Financial Analysis; Forensic Accounting; Internal Auditing; Risk Assessment,Compliance,6,5,1,16.67,83.33
125136,Miraya Swaminathan,IT,Software Engineer,Ci/Cd; Data Structures; Docker; Git; Java; Kubernetes,Python,7,6,1,14.29,85.71
125170,Yakshit Krishna,IT,Cybersecurity Specialist,Cryptography; Incident Response; Network Security; Penetration Testing; Siem,Python,6,5,1,16.67,83.33
125258,Heer Deol,Finance,Financial Analyst,Excel; Forecasting; Power Bi; Valuation,Financial Modeling; Sql,6,4,2,33.33,66.67
125355,Shaan Bhat,Finance,Financial Analyst,Excel; Financial Modeling; Forecasting; Sql; Valuation,Power Bi,6,5,1,16.67,83.33
125397,Vivaan Kakar,Marketing,Content Strategist,Content Auditing; Information Architecture; Seo; User Research,Copywriting,5,4,1,20.0,80.0
125463,Mishti D’Alia,Finance,Auditor,Compliance; Excel; Forensic Accounting; Risk Assessment,Financial Analysis; Internal Auditing,6,4,2,33.33,66.67
125546,Jiya Keer,Sales,Sales Executive,B2B Sales; Communication; Lead Generation; Negotiation,Contract Closing; Crm,6,4,2,33.33,66.67
125896,Aarav Chad,HR,Recruitment Specialist,Ats; Employer Branding; Interviewing; Salary Negotiation,Technical Sourcing,5,4,1,20.0,80.0
126410,Nehmat Shenoy,Sales,Sales Executive,B2B Sales; Communication; Crm; Negotiation,Contract Closing; Lead Generation,6,4,2,33.33,66.67
126764,Ranbir Sawhney,Finance,Auditor,Financial Analysis; Forensic Accounting; Risk Assessment,Compliance; Excel; Internal Auditing,6,3,3,50.0,50.0
126871,Uthkarsh Joshi,Sales,Account Manager,Account Planning; Crm (Salesforce),Client Retention; Contract Negotiation; Upselling,5,2,3,60.0,40.0
127118,Piya Ravi,Sales,Sales Executive,Communication; Contract Closing; Lead Generation; Negotiation,B2B Sales; Crm,6,4,2,33.33,66.67
127172,Himmat Chandran,HR,Employee Relations,Conflict Resolution; Employment Law; Hr Policies; Investigation,Mediation,5,4,1,20.0,80.0
127284,Ojas Choudhary,Marketing,SEO Specialist,Backlink Strategy; Google Analytics; On-Page Seo,Content Optimization; Html / Css Basics,5,3,2,40.0,60.0
127287,Tara Dhingra,HR,Recruitment Specialist,Employer Branding; Interviewing; Technical Sourcing,Ats; Salary Negotiation,5,3,2,40.0,60.0
127312,Madhup Rama,HR,HR Manager,Employee Relations; Labor Law; Leadership; Performance Management,Hris; Talent Acquisition,6,4,2,33.33,66.67
127618,Indrajit Venkatesh,Marketing,Content Strategist,Copywriting; Information Architecture; User Research,Content Auditing; Seo,5,3,2,40.0,60.0
127736,Ritvik Vohra,IT,Software Engineer,Ci/Cd; Data Structures; Git; Java; Kubernetes,Docker; Python,7,5,2,28.57,71.43
128097,Rania Tella,Marketing,SEO Specialist,Backlink Strategy; Content Optimization; Google Analytics; Html / Css Basics,On-Page Seo,5,4,1,20.0,80.0
128104,Emir Ray,Marketing,SEO Specialist,Backlink Strategy; Content Optimization; Google Analytics; Html / Css Basics,On-Page Seo,5,4,1,20.0,80.0
128657,Samiha Jain,HR,Employee Relations,Conflict Resolution; Employment Law; Hr Policies,Investigation; Mediation,5,3,2,40.0,60.0
128755,Ojas Sama,IT,Software Engineer,Ci/Cd; Docker; Python,Data Structures; Git; Java; Kubernetes,7,3,4,57.14,42.86
129211,Raunak Sodhi,Finance,Accountant,Erp Systems; Excel; Quickbooks; Tax Compliance,Auditing; Financial Accounting,6,4,2,33.33,66.67
129593,Zoya Sidhu,HR,Employee Relations,Conflict Resolution; Employment Law; Hr Policies; Investigation,Mediation,5,4,1,20.0,80.0
129789,Aarav Srivastava,IT,Data Analyst,Excel; Sql; Statistical Analysis; Tableau,Power Bi; Python,6,4,2,33.33,66.67
129815,Vardaniya Buch,HR,Employee Relations,Conflict Resolution; Hr Policies; Investigation; Mediation,Employment Law,5,4,1,20.0,80.0
129858,Rasha Manne,IT,Cybersecurity Specialist,Cryptography; Incident Response; Python,Network Security; Penetration Testing; Siem,6,3,3,50.0,50.0
129892,Kaira Virk,Finance,Financial Analyst,Excel; Forecasting; Valuation,Financial Modeling; Power Bi; Sql,6,3,3,50.0,50.0
129907,Advika Sani,Finance,Financial Analyst,Excel; Financial Modeling; Forecasting; Valuation,Power Bi; Sql,6,4,2,33.33,66.67
130180,Adira Arya,HR,Employee Relations,Conflict Resolution; Employment Law; Hr Policies,Investigation; Mediation,5,3,2,40.0,60.0
130399,Anvi Lad,Finance,Accountant,Auditing; Excel; Financial Accounting; Tax Compliance,Erp Systems; Quickbooks,6,4,2,33.33,66.67
130564,Yuvraj  Kade,IT,Cybersecurity Specialist,Cryptography; Incident Response; Network Security; Penetration Testing; Siem,Python,6,5,1,16.67,83.33
130629,Anya Bains,Marketing,Content Strategist,Content Auditing; Information Architecture; Seo; User Research,Copywriting,5,4,1,20.0,80.0
130655,Madhav Seth,HR,Recruitment Specialist,Ats; Employer Branding; Interviewing,Salary Negotiation; Technical Sourcing,5,3,2,40.0,60.0
130693,Faiyaz Taneja,HR,Employee Relations,Conflict Resolution; Employment Law; Hr Policies; Mediation,Investigation,5,4,1,20.0,80.0
130745,Manjari Agrawal,IT,Cybersecurity Specialist,Network Security; Penetration Testing; Python; Siem,Cryptography; Incident Response,6,4,2,33.33,66.67
131180,Tara Vig,Finance,Financial Analyst,Financial Modeling; Power Bi; Sql; Valuation,Excel; Forecasting,6,4,2,33.33,66.67
131346,Kiaan Mangat,Finance,Financial Analyst,Excel; Forecasting; Power Bi; Valuation,Financial Modeling; Sql,6,4,2,33.33,66.67
131523,Dhanush Sharma,Sales,Business Development,Crm; Market Research; Partnership Development; Pipeline Management,Strategic Pitching,5,4,1,20.0,80.0
132187,Armaan Gara,Sales,Business Development,Partnership Development; Pipeline Management; Strategic Pitching,Crm; Market Research,5,3,2,40.0,60.0
132252,Darshit Shere,IT,Cybersecurity Specialist,Incident Response; Penetration Testing; Python; Siem,Cryptography; Network Security,6,4,2,33.33,66.67
132325,Romil Jaggi,Finance,Accountant,Auditing; Erp Systems; Excel; Financial Accounting; Quickbooks,Tax Compliance,6,5,1,16.67,83.33
132554,Aaryahi Krishna,Finance,Accountant,Erp Systems; Excel; Financial Accounting; Tax Compliance,Auditing; Quickbooks,6,4,2,33.33,66.67
132560,Alia Wason,Sales,Sales Executive,B2B Sales; Contract Closing; Lead Generation; Negotiation,Communication; Crm,6,4,2,33.33,66.67
132645,Arhaan Choudhary,Finance,Auditor,Excel; Financial Analysis; Forensic Accounting; Risk Assessment,Compliance; Internal Auditing,6,4,2,33.33,66.67
132841,Ryan Madan,Sales,Account Manager,Account Planning; Client Retention; Crm (Salesforce); Upselling,Contract Negotiation,5,4,1,20.0,80.0
133001,Manjari Brar,Marketing,Content Strategist,Content Auditing; Copywriting; Information Architecture; User Research,Seo,5,4,1,20.0,80.0
133139,Misha Keer,Marketing,SEO Specialist,Backlink Strategy; Content Optimization; On-Page Seo,Google Analytics; Html / Css Basics,5,3,2,40.0,60.0
133279,Aradhya Saraf,HR,Recruitment Specialist,Ats; Employer Branding; Technical Sourcing,Interviewing; Salary Negotiation,5,3,2,40.0,60.0
133670,Akarsh Jayaraman,Finance,Auditor,Financial Analysis; Forensic Accounting; Internal Auditing,Compliance; Excel; Risk Assessment,6,3,3,50.0,50.0
133728,Onkar Dasgupta,HR,HR Manager,Employee Relations; Hris; Labor Law; Leadership; Talent Acquisition,Performance Management,6,5,1,16.67,83.33
134108,Kaira Sanghvi,Finance,Auditor,Compliance; Excel; Forensic Accounting; Risk Assessment,Financial Analysis; Internal Auditing,6,4,2,33.33,66.67
134259,Mannat Seth,Sales,Sales Executive,B2B Sales; Communication; Crm; Lead Generation,Contract Closing; Negotiation,6,4,2,33.33,66.67
134326,Dharmajan Ramanathan,Finance,Accountant,Auditing; Financial Accounting; Quickbooks,Erp Systems; Excel; Tax Compliance,6,3,3,50.0,50.0
134676,Kavya Vaidya,Finance,Financial Analyst,Excel; Power Bi; Valuation,Financial Modeling; Forecasting; Sql,6,3,3,50.0,50.0
134961,Kabir Sethi,Finance,Accountant,Auditing; Excel; Quickbooks; Tax Compliance,Erp Systems; Financial Accounting,6,4,2,33.33,66.67
135772,Eshani Yadav,Sales,Account Manager,Account Planning; Contract Negotiation; Upselling,Client Retention; Crm (Salesforce),5,3,2,40.0,60.0
135798,Rati Deshmukh,HR,Employee Relations,Conflict Resolution; Employment Law; Hr Policies,Investigation; Mediation,5,3,2,40.0,60.0
135842,Anahi Sehgal,Finance,Accountant,Erp Systems; Financial Accounting; Tax Compliance,Auditing; Excel; Quickbooks,6,3,3,50.0,50.0
136215,Alisha Rao,IT,Cybersecurity Specialist,Cryptography; Network Security; Python; Siem,Incident Response; Penetration Testing,6,4,2,33.33,66.67
136761,Nishith Srivastava,IT,Cybersecurity Specialist,Cryptography; Incident Response; Network Security; Penetration Testing; Siem,Python,6,5,1,16.67,83.33
137127,Saksham Chandra,HR,Recruitment Specialist,Employer Branding; Interviewing; Salary Negotiation,Ats; Technical Sourcing,5,3,2,40.0,60.0
137220,Aarush Wagle,Sales,Sales Executive,B2B Sales; Contract Closing; Crm; Lead Generation; Negotiation,Communication,6,5,1,16.67,83.33
137227,Kashvi Chana,Sales,Sales Executive,B2B Sales; Communication; Contract Closing; Lead Generation; Negotiation,Crm,6,5,1,16.67,83.33
137653,Kismat Chander,HR,Recruitment Specialist,Ats; Employer Branding; Salary Negotiation; Technical Sourcing,Interviewing,5,4,1,20.0,80.0
137704,Himmat Bir,Finance,Financial Analyst,Excel; Financial Modeling; Power Bi; Sql; Valuation,Forecasting,6,5,1,16.67,83.33
137873,Urvi Grewal,HR,HR Manager,Labor Law; Leadership; Performance Management,Employee Relations; Hris; Talent Acquisition,6,3,3,50.0,50.0
138012,Jiya Arora,Marketing,Content Strategist,Copywriting; Information Architecture,Content Auditing; Seo; User Research,5,2,3,60.0,40.0
138077,Bhamini Chowdhury,IT,Cybersecurity Specialist,Incident Response; Penetration Testing; Python,Cryptography; Network Security; Siem,6,3,3,50.0,50.0
138624,Rohan Brahmbhatt,Finance,Accountant,Auditing; Excel; Financial Accounting; Quickbooks; Tax Compliance,Erp Systems,6,5,1,16.67,83.33
138715,Miraan Walia,Sales,Sales Executive,Communication; Contract Closing; Crm; Lead Generation,B2B Sales; Negotiation,6,4,2,33.33,66.67
138783,Yashvi Bala,Sales,Sales Executive,Communication; Contract Closing; Crm; Negotiation,B2B Sales; Lead Generation,6,4,2,33.33,66.67
138855,Reyansh Kuruvilla,IT,Cybersecurity Specialist,Cryptography; Incident Response; Network Security; Penetration Testing; Siem,Python,6,5,1,16.67,83.33
138956,Pranay Kapur,Sales,Account Manager,Account Planning; Contract Negotiation; Crm (Salesforce); Upselling,Client Retention,5,4,1,20.0,80.0
139080,Devansh Kothari,HR,Employee Relations,Conflict Resolution; Investigation; Mediation,Employment Law; Hr Policies,5,3,2,40.0,60.0
139338,Reyansh Date,Finance,Financial Analyst,Excel; Forecasting; Sql; Valuation,Financial Modeling; Power Bi,6,4,2,33.33,66.67
139462,Uthkarsh Dara,Finance,Financial Analyst,Excel; Financial Modeling; Forecasting; Valuation,Power Bi; Sql,6,4,2,33.33,66.67
139511,Lavanya Krishna,HR,Recruitment Specialist,Ats; Employer Branding; Interviewing; Technical Sourcing,Salary Negotiation,5,4,1,20.0,80.0
139711,Divit Sem,Finance,Auditor,Compliance; Financial Analysis; Forensic Accounting; Internal Auditing; Risk Assessment,Excel,6,5,1,16.67,83.33
139995,Elakshi Sant,IT,Data Analyst,Excel; Power Bi; Python; Sql; Tableau,Statistical Analysis,6,5,1,16.67,83.33
140005,Mishti Dubey,HR,Recruitment Specialist,Ats; Interviewing; Salary Negotiation,Employer Branding; Technical Sourcing,5,3,2,40.0,60.0
140409,Pihu Doshi,Marketing,Content Strategist,Content Auditing; Copywriting; Information Architecture; User Research,Seo,5,4,1,20.0,80.0
141021,Lavanya Ravi,HR,Employee Relations,Conflict Resolution; Hr Policies; Investigation; Mediation,Employment Law,5,4,1,20.0,80.0
141061,Darshit Dugal,Marketing,Marketing Executive,Campaign Management; Digital Marketing; Google Analytics; Seo,Content Marketing,5,4,1,20.0,80.0
141361,Navya Ramesh,Sales,Sales Executive,B2B Sales; Communication; Contract Closing; Lead Generation; Negotiation,Crm,6,5,1,16.67,83.33
141444,Shlok Mahajan,Finance,Financial Analyst,Excel; Forecasting; Power Bi; Sql,Financial Modeling; Valuation,6,4,2,33.33,66.67
141547,Kiaan Dutta,Finance,Accountant,Erp Systems; Financial Accounting; Quickbooks; Tax Compliance,Auditing; Excel,6,4,2,33.33,66.67
141601,Rati Batta,Finance,Financial Analyst,Forecasting; Power Bi; Valuation,Excel; Financial Modeling; Sql,6,3,3,50.0,50.0
141745,Oorja Dhingra,Sales,Sales Executive,B2B Sales; Contract Closing; Crm; Lead Generation,Communication; Negotiation,6,4,2,33.33,66.67
142405,Aarav Dutta,HR,Employee Relations,Conflict Resolution; Hr Policies; Investigation,Employment Law; Mediation,5,3,2,40.0,60.0
142719,Oorja Sabharwal,Finance,Financial Analyst,Excel; Financial Modeling; Forecasting; Valuation,Power Bi; Sql,6,4,2,33.33,66.67
142732,Lagan Banerjee,Finance,Financial Analyst,Excel; Forecasting; Power Bi,Financial Modeling; Sql; Valuation,6,3,3,50.0,50.0
142969,Tanya Sodhi,Sales,Sales Executive,B2B Sales; Communication; Lead Generation; Negotiation,Contract Closing; Crm,6,4,2,33.33,66.67
143610,Ranbir Arora,HR,HR Manager,Employee Relations; Hris; Labor Law; Leadership,Performance Management; Talent Acquisition,6,4,2,33.33,66.67
143797,Renee Jaggi,Marketing,Content Strategist,Copywriting; Information Architecture; Seo; User Research,Content Auditing,5,4,1,20.0,80.0
143913,Ela Batta,Marketing,Marketing Executive,Campaign Management; Content Marketing; Google Analytics; Seo,Digital Marketing,5,4,1,20.0,80.0
144240,Yashvi Shanker,HR,HR Manager,Employee Relations; Hris; Performance Management,Labor Law; Leadership; Talent Acquisition,6,3,3,50.0,50.0
144603,Sara Loke,Finance,Auditor,Financial Analysis; Forensic Accounting; Internal Auditing; Risk Assessment,Compliance; Excel,6,4,2,33.33,66.67
144723,Ryan Wason,Sales,Account Manager,Client Retention; Contract Negotiation; Crm (Salesforce),Account Planning; Upselling,5,3,2,40.0,60.0
144782,Dhanush Shukla,IT,Data Analyst,Python; Sql; Statistical Analysis,Excel; Power Bi; Tableau,6,3,3,50.0,50.0
144988,Sara Shetty,Marketing,SEO Specialist,Backlink Strategy; Content Optimization; Html / Css Basics; On-Page Seo,Google Analytics,5,4,1,20.0,80.0
145367,Jayesh Shan,Sales,Account Manager,Contract Negotiation; Crm (Salesforce); Upselling,Account Planning; Client Retention,5,3,2,40.0,60.0
145559,Navya Srinivas,HR,Recruitment Specialist,Ats; Interviewing,Employer Branding; Salary Negotiation; Technical Sourcing,5,2,3,60.0,40.0
145682,Anika Chaudry,Finance,Financial Analyst,Excel; Financial Modeling; Forecasting; Power Bi; Sql,Valuation,6,5,1,16.67,83.33
145730,Advik Ranganathan,Finance,Accountant,Erp Systems; Excel; Financial Accounting; Tax Compliance,Auditing; Quickbooks,6,4,2,33.33,66.67
146035,Vanya Golla,Finance,Accountant,Auditing; Erp Systems; Excel; Quickbooks; Tax Compliance,Financial Accounting,6,5,1,16.67,83.33
146234,Dharmajan Deshpande,Finance,Accountant,Auditing; Erp Systems; Excel; Financial Accounting; Tax Compliance,Quickbooks,6,5,1,16.67,83.33
146318,Armaan Chad,Sales,Sales Executive,B2B Sales; Communication; Contract Closing; Lead Generation,Crm; Negotiation,6,4,2,33.33,66.67
146352,Zeeshan Suresh,HR,Employee Relations,Conflict Resolution; Employment Law; Hr Policies; Investigation,Mediation,5,4,1,20.0,80.0
146417,Prerak Trivedi,IT,Data Analyst,Excel; Power Bi; Sql; Statistical Analysis,Python; Tableau,6,4,2,33.33,66.67
146964,Kavya Choudhury,IT,Data Analyst,Excel; Power Bi; Sql; Statistical Analysis; Tableau,Python,6,5,1,16.67,83.33
146970,Adira Mahal,Finance,Accountant,Auditing; Erp Systems; Excel,Financial Accounting; Quickbooks; Tax Compliance,6,3,3,50.0,50.0
147332,Navya Seshadri,IT,Cybersecurity Specialist,Incident Response; Network Security; Penetration Testing; Python; Siem,Cryptography,6,5,1,16.67,83.33
147572,Stuvan Viswanathan,Marketing,Content Strategist,Content Auditing; Copywriting; Information Architecture,Seo; User Research,5,3,2,40.0,60.0
148453,Yakshit Bandi,HR,HR Manager,Employee Relations; Hris; Leadership; Performance Management; Talent Acquisition,Labor Law,6,5,1,16.67,83.33
148562,Alisha Agate,IT,Cybersecurity Specialist,Incident Response; Penetration Testing; Python,Cryptography; Network Security; Siem,6,3,3,50.0,50.0
148578,Anika Badal,Finance,Accountant,Auditing; Erp Systems; Excel; Financial Accounting; Quickbooks,Tax Compliance,6,5,1,16.67,83.33
148684,Lakshit Yadav,Sales,Sales Executive,B2B Sales; Communication; Crm; Lead Generation; Negotiation,Contract Closing,6,5,1,16.67,83.33
148829,Alisha Bedi,Sales,Account Manager,Account Planning; Client Retention; Contract Negotiation; Upselling,Crm (Salesforce),5,4,1,20.0,80.0
149271,Azad Dhingra,Finance,Auditor,Excel; Financial Analysis; Forensic Accounting; Risk Assessment,Compliance; Internal Auditing,6,4,2,33.33,66.67
149327,Vivaan Kaur,HR,Employee Relations,Conflict Resolution; Hr Policies; Mediation,Employment Law; Investigation,5,3,2,40.0,60.0
149390,Dishani Kara,HR,Employee Relations,Conflict Resolution; Employment Law; Investigation,Hr Policies; Mediation,5,3,2,40.0,60.0
149475,Nitara Dhaliwal,Finance,Financial Analyst,Excel; Financial Modeling; Forecasting; Sql; Valuation,Power Bi,6,5,1,16.67,83.33
149508,Badal D’Alia,Marketing,SEO Specialist,Google Analytics; Html / Css Basics; On-Page Seo,Backlink Strategy; Content Optimization,5,3,2,40.0,60.0
149524,Kimaya Basu,Finance,Financial Analyst,Excel; Power Bi; Valuation,Financial Modeling; Forecasting; Sql,6,3,3,50.0,50.0
149872,Ira Mammen,Sales,Account Manager,Contract Negotiation; Crm (Salesforce); Upselling,Account Planning; Client Retention,5,3,2,40.0,60.0
149969,Trisha Batra,Finance,Auditor,Excel; Financial Analysis; Forensic Accounting; Risk Assessment,Compliance; Internal Auditing,6,4,2,33.33,66.67
149976,Jayant Krish,Marketing,SEO Specialist,Backlink Strategy; Content Optimization; Html / Css Basics; On-Page Seo,Google Analytics,5,4,1,20.0,80.0
150249,Pari Sastry,Sales,Sales Executive,Communication; Contract Closing; Crm; Lead Generation,B2B Sales; Negotiation,6,4,2,33.33,66.67
150406,Ojas Issac,Sales,Account Manager,Account Planning; Contract Negotiation; Crm (Salesforce),Client Retention; Upselling,5,3,2,40.0,60.0
150433,Aayush Vaidya,IT,Data Analyst,Power Bi; Python; Sql; Statistical Analysis,Excel; Tableau,6,4,2,33.33,66.67
151009,Pranay Ramaswamy,Finance,Accountant,Auditing; Excel; Quickbooks; Tax Compliance,Erp Systems; Financial Accounting,6,4,2,33.33,66.67
151131,Ivana Subramaniam,Finance,Financial Analyst,Excel; Financial Modeling; Forecasting; Valuation,Power Bi; Sql,6,4,2,33.33,66.67
151502,Navya Tailor,Marketing,Marketing Executive,Content Marketing; Digital Marketing; Google Analytics; Seo,Campaign Management,5,4,1,20.0,80.0
151516,Lagan Bail,Sales,Sales Executive,B2B Sales; Communication; Contract Closing; Crm; Lead Generation,Negotiation,6,5,1,16.67,83.33
151746,Kavya Garg,Sales,Business Development,Crm; Market Research; Partnership Development; Strategic Pitching,Pipeline Management,5,4,1,20.0,80.0
151905,Baiju Sen,Marketing,Content Strategist,Content Auditing; Copywriting; Seo; User Research,Information Architecture,5,4,1,20.0,80.0
152116,Neelofar Mander,Marketing,Content Strategist,Information Architecture; Seo; User Research,Content Auditing; Copywriting,5,3,2,40.0,60.0
152176,Uthkarsh Chaudhari,Finance,Financial Analyst,Financial Modeling; Power Bi; Sql,Excel; Forecasting; Valuation,6,3,3,50.0,50.0
152231,Aaina Suri,Sales,Business Development,Crm; Market Research; Strategic Pitching,Partnership Development; Pipeline Management,5,3,2,40.0,60.0
152322,Badal Shanker,Finance,Auditor,Excel; Financial Analysis; Forensic Accounting; Internal Auditing; Risk Assessment,Compliance,6,5,1,16.67,83.33
152410,Advika Sengupta,Sales,Business Development,Crm; Pipeline Management; Strategic Pitching,Market Research; Partnership Development,5,3,2,40.0,60.0
152413,Riya Chaudhry,Marketing,Content Strategist,Information Architecture; Seo,Content Auditing; Copywriting; User Research,5,2,3,60.0,40.0
152499,Hazel Grover,IT,Software Engineer,Ci/Cd; Data Structures; Docker; Java; Kubernetes,Git; Python,7,5,2,28.57,71.43
153562,Hazel Vora,HR,Employee Relations,Conflict Resolution; Employment Law; Hr Policies; Investigation,Mediation,5,4,1,20.0,80.0
153656,Drishya Salvi,Marketing,SEO Specialist,Content Optimization; Google Analytics; On-Page Seo,Backlink Strategy; Html / Css Basics,5,3,2,40.0,60.0
154140,Lakshay Kari,IT,Software Engineer,Ci/Cd; Data Structures; Git; Python,Docker; Java; Kubernetes,7,4,3,42.86,57.14
154234,Adira D’Alia,Finance,Auditor,Compliance; Excel; Financial Analysis; Forensic Accounting; Internal Auditing,Risk Assessment,6,5,1,16.67,83.33
154238,Kismat Bhatti,IT,Data Analyst,Excel; Power Bi; Python; Sql; Tableau,Statistical Analysis,6,5,1,16.67,83.33
154551,Ayesha Issac,HR,Recruitment Specialist,Ats; Salary Negotiation; Technical Sourcing,Employer Branding; Interviewing,5,3,2,40.0,60.0
154629,Ahana  Kanda,Sales,Business Development,Partnership Development; Strategic Pitching,Crm; Market Research; Pipeline Management,5,2,3,60.0,40.0
154750,Mohanlal Korpal,HR,HR Manager,Employee Relations; Leadership; Performance Management; Talent Acquisition,Hris; Labor Law,6,4,2,33.33,66.67
154784,Lakshay Krish,HR,Recruitment Specialist,Employer Branding; Interviewing; Salary Negotiation,Ats; Technical Sourcing,5,3,2,40.0,60.0
154864,Priyansh Raju,Sales,Sales Executive,B2B Sales; Communication; Contract Closing; Lead Generation; Negotiation,Crm,6,5,1,16.67,83.33
155063,Jivika Gera,Finance,Auditor,Excel; Forensic Accounting; Internal Auditing; Risk Assessment,Compliance; Financial Analysis,6,4,2,33.33,66.67
155235,Ahana  Banerjee,Sales,Account Manager,Account Planning; Client Retention,Contract Negotiation; Crm (Salesforce); Upselling,5,2,3,60.0,40.0
155357,Onkar Borde,Sales,Business Development,Market Research; Partnership Development; Strategic Pitching,Crm; Pipeline Management,5,3,2,40.0,60.0
156156,Hansh Karnik,IT,Data Analyst,Excel; Sql; Tableau,Power Bi; Python; Statistical Analysis,6,3,3,50.0,50.0
156208,Yasmin Sami,Finance,Auditor,Compliance; Excel; Financial Analysis; Forensic Accounting; Internal Auditing,Risk Assessment,6,5,1,16.67,83.33
156467,Kanav Mangat,IT,Software Engineer,Ci/Cd; Data Structures; Docker; Git; Java; Python,Kubernetes,7,6,1,14.29,85.71
156488,Manikya Gole,IT,Cybersecurity Specialist,Cryptography; Network Security; Penetration Testing; Python,Incident Response; Siem,6,4,2,33.33,66.67
156499,Taimur Mander,IT,Cybersecurity Specialist,Incident Response; Network Security; Penetration Testing,Cryptography; Python; Siem,6,3,3,50.0,50.0
156602,Ela Sant,HR,Employee Relations,Conflict Resolution; Investigation; Mediation,Employment Law; Hr Policies,5,3,2,40.0,60.0
156721,Mehul Hegde,Finance,Accountant,Auditing; Quickbooks; Tax Compliance,Erp Systems; Excel; Financial Accounting,6,3,3,50.0,50.0
156834,Zaina Ravi,HR,Recruitment Specialist,Ats; Employer Branding; Interviewing; Salary Negotiation,Technical Sourcing,5,4,1,20.0,80.0
156878,Heer Lad,Finance,Auditor,Compliance; Excel; Forensic Accounting; Risk Assessment,Financial Analysis; Internal Auditing,6,4,2,33.33,66.67
157240,Hrishita Wason,Finance,Financial Analyst,Excel; Financial Modeling; Forecasting; Power Bi,Sql; Valuation,6,4,2,33.33,66.67
157465,Purab Gour,Marketing,SEO Specialist,Content Optimization; Google Analytics; On-Page Seo,Backlink Strategy; Html / Css Basics,5,3,2,40.0,60.0
158074,Taimur Gulati,IT,Cybersecurity Specialist,Cryptography; Network Security; Penetration Testing; Python; Siem,Incident Response,6,5,1,16.67,83.33
158146,Divit Bhalla,IT,Software Engineer,Ci/Cd; Data Structures; Git; Java; Python,Docker; Kubernetes,7,5,2,28.57,71.43
158185,Sana Sani,Marketing,SEO Specialist,Google Analytics; Html / Css Basics; On-Page Seo,Backlink Strategy; Content Optimization,5,3,2,40.0,60.0
158214,Zain Banerjee,Marketing,Marketing Executive,Content Marketing; Digital Marketing; Google Analytics; Seo,Campaign Management,5,4,1,20.0,80.0
158576,Oorja Shah,Marketing,SEO Specialist,Backlink Strategy; Google Analytics; On-Page Seo,Content Optimization; Html / Css Basics,5,3,2,40.0,60.0
158993,Taran Chahal,HR,HR Manager,Hris; Labor Law; Performance Management,Employee Relations; Leadership; Talent Acquisition,6,3,3,50.0,50.0
159745,Veer Rana,HR,HR Manager,Employee Relations; Labor Law; Leadership; Performance Management,Hris; Talent Acquisition,6,4,2,33.33,66.67
159931,Anay Bains,Marketing,SEO Specialist,Backlink Strategy; Html / Css Basics,Content Optimization; Google Analytics; On-Page Seo,5,2,3,60.0,40.0
160029,Sana Kale,IT,Software Engineer,Ci/Cd; Data Structures; Docker; Git; Java; Kubernetes,Python,7,6,1,14.29,85.71
160363,Kavya Bobal,IT,Data Analyst,Excel; Power Bi; Statistical Analysis; Tableau,Python; Sql,6,4,2,33.33,66.67
160742,Mahika Salvi,Marketing,SEO Specialist,Content Optimization; Google Analytics; Html / Css Basics,Backlink Strategy; On-Page Seo,5,3,2,40.0,60.0
161065,Jayant Karnik,HR,Employee Relations,Employment Law; Investigation; Mediation,Conflict Resolution; Hr Policies,5,3,2,40.0,60.0
161100,Aniruddh Shere,HR,HR Manager,Employee Relations; Hris; Labor Law; Leadership,Performance Management; Talent Acquisition,6,4,2,33.33,66.67
161314,Manjari Sami,Marketing,Content Strategist,Information Architecture; Seo; User Research,Content Auditing; Copywriting,5,3,2,40.0,60.0
161681,Damini Saraf,Sales,Sales Executive,B2B Sales; Communication; Contract Closing; Negotiation,Crm; Lead Generation,6,4,2,33.33,66.67
161961,Arhaan Chaudhari,Finance,Auditor,Excel; Forensic Accounting; Internal Auditing,Compliance; Financial Analysis; Risk Assessment,6,3,3,50.0,50.0
162214,Neysa Krish,HR,Employee Relations,Conflict Resolution; Hr Policies; Mediation,Employment Law; Investigation,5,3,2,40.0,60.0
162225,Kaira Krishnamurthy,HR,Employee Relations,Conflict Resolution; Employment Law; Hr Policies; Mediation,Investigation,5,4,1,20.0,80.0
162230,Umang Kapur,Sales,Business Development,Crm; Market Research; Partnership Development,Pipeline Management; Strategic Pitching,5,3,2,40.0,60.0
162369,Samar Kumar,Finance,Auditor,Compliance; Excel; Internal Auditing; Risk Assessment,Financial Analysis; Forensic Accounting,6,4,2,33.33,66.67
162810,Veer Biswas,Finance,Auditor,Excel; Internal Auditing; Risk Assessment,Compliance; Financial Analysis; Forensic Accounting,6,3,3,50.0,50.0
162959,Tiya Mannan,Sales,Account Manager,Account Planning; Client Retention; Crm (Salesforce); Upselling,Contract Negotiation,5,4,1,20.0,80.0
163103,Oorja Luthra,Finance,Financial Analyst,Financial Modeling; Forecasting; Power Bi; Sql,Excel; Valuation,6,4,2,33.33,66.67
163408,Advik Randhawa,Sales,Account Manager,Client Retention; Contract Negotiation; Crm (Salesforce); Upselling,Account Planning,5,4,1,20.0,80.0
163488,Nirvaan Basu,Finance,Auditor,Compliance; Excel; Financial Analysis; Forensic Accounting; Internal Auditing,Risk Assessment,6,5,1,16.67,83.33
163842,Jivin Tandon,IT,Software Engineer,Ci/Cd; Docker; Java; Kubernetes,Data Structures; Git; Python,7,4,3,42.86,57.14
164170,Ira Virk,Marketing,Content Strategist,Content Auditing; Information Architecture; Seo,Copywriting; User Research,5,3,2,40.0,60.0
164176,Azad Sahni,HR,HR Manager,Employee Relations; Labor Law; Performance Management; Talent Acquisition,Hris; Leadership,6,4,2,33.33,66.67
164384,Yasmin Luthra,HR,Recruitment Specialist,Ats; Employer Branding; Salary Negotiation; Technical Sourcing,Interviewing,5,4,1,20.0,80.0
164753,Manjari Yohannan,HR,HR Manager,Employee Relations; Hris; Labor Law; Performance Management,Leadership; Talent Acquisition,6,4,2,33.33,66.67
165030,Nehmat Wali,HR,HR Manager,Employee Relations; Labor Law; Performance Management; Talent Acquisition,Hris; Leadership,6,4,2,33.33,66.67
165053,Ivana Viswanathan,HR,HR Manager,Hris; Labor Law; Leadership; Performance Management,Employee Relations; Talent Acquisition,6,4,2,33.33,66.67
165205,Shamik Hora,HR,Employee Relations,Conflict Resolution; Hr Policies; Mediation,Employment Law; Investigation,5,3,2,40.0,60.0
165246,Aarav Rajagopalan,Sales,Account Manager,Account Planning; Contract Negotiation; Crm (Salesforce); Upselling,Client Retention,5,4,1,20.0,80.0
165289,Prerak Vora,IT,Software Engineer,Ci/Cd; Docker; Git; Kubernetes,Data Structures; Java; Python,7,4,3,42.86,57.14
165487,Lakshit Kibe,HR,Recruitment Specialist,Employer Branding; Interviewing; Salary Negotiation; Technical Sourcing,Ats,5,4,1,20.0,80.0
166038,Anahi Rana,Marketing,Content Strategist,Copywriting; Information Architecture; User Research,Content Auditing; Seo,5,3,2,40.0,60.0
166202,Mahika Sami,IT,Cybersecurity Specialist,Cryptography; Incident Response; Penetration Testing; Python; Siem,Network Security,6,5,1,16.67,83.33
166316,Yuvraj  Borra,Sales,Business Development,Crm; Market Research; Partnership Development,Pipeline Management; Strategic Pitching,5,3,2,40.0,60.0
166477,Kartik Mannan,Sales,Account Manager,Account Planning; Contract Negotiation; Upselling,Client Retention; Crm (Salesforce),5,3,2,40.0,60.0
166968,Ivana Bhardwaj,Marketing,SEO Specialist,Google Analytics; Html / Css Basics,Backlink Strategy; Content Optimization; On-Page Seo,5,2,3,60.0,40.0
167220,Reyansh Kibe,Marketing,SEO Specialist,Backlink Strategy; Content Optimization; On-Page Seo,Google Analytics; Html / Css Basics,5,3,2,40.0,60.0
167374,Ishaan Venkataraman,IT,Data Analyst,Excel; Power Bi; Python; Sql; Statistical Analysis,Tableau,6,5,1,16.67,83.33
167393,Mohanlal Ahluwalia,Finance,Auditor,Compliance; Excel; Forensic Accounting; Internal Auditing; Risk Assessment,Financial Analysis,6,5,1,16.67,83.33
167558,Navya Saini,IT,Cybersecurity Specialist,Cryptography; Incident Response; Penetration Testing; Python; Siem,Network Security,6,5,1,16.67,83.33
167716,Yakshit Korpal,IT,Data Analyst,Excel; Power Bi; Statistical Analysis,Python; Sql; Tableau,6,3,3,50.0,50.0
167991,Saksham Chana,Finance,Auditor,Excel; Financial Analysis; Internal Auditing; Risk Assessment,Compliance; Forensic Accounting,6,4,2,33.33,66.67
168043,Vedika Chaudhari,IT,Cybersecurity Specialist,Cryptography; Python; Siem,Incident Response; Network Security; Penetration Testing,6,3,3,50.0,50.0
168103,Shray Magar,Marketing,Content Strategist,Copywriting; Information Architecture; Seo,Content Auditing; User Research,5,3,2,40.0,60.0
168343,Dishani Kala,IT,Data Analyst,Excel; Power Bi; Python; Tableau,Sql; Statistical Analysis,6,4,2,33.33,66.67
168402,Kavya Lall,Marketing,SEO Specialist,Backlink Strategy; Content Optimization; Google Analytics; On-Page Seo,Html / Css Basics,5,4,1,20.0,80.0
168703,Kabir Varghese,IT,Cybersecurity Specialist,Incident Response; Penetration Testing; Python; Siem,Cryptography; Network Security,6,4,2,33.33,66.67
168956,Kaira Golla,Finance,Accountant,Auditing; Erp Systems; Financial Accounting; Quickbooks,Excel; Tax Compliance,6,4,2,33.33,66.67
168985,Rasha Lad,IT,Cybersecurity Specialist,Cryptography; Network Security; Penetration Testing; Python,Incident Response; Siem,6,4,2,33.33,66.67
169384,Lakshit Sharma,Sales,Sales Executive,B2B Sales; Communication; Contract Closing; Crm; Negotiation,Lead Generation,6,5,1,16.67,83.33
169680,Darshit Bhasin,Marketing,SEO Specialist,Backlink Strategy; Content Optimization; Html / Css Basics,Google Analytics; On-Page Seo,5,3,2,40.0,60.0
169764,Inaaya  Borra,IT,Data Analyst,Excel; Power Bi; Python,Sql; Statistical Analysis; Tableau,6,3,3,50.0,50.0
170025,Indrans Basak,Sales,Business Development,Crm; Market Research; Partnership Development; Strategic Pitching,Pipeline Management,5,4,1,20.0,80.0
170269,Ranbir Gopal,HR,Employee Relations,Conflict Resolution; Employment Law; Investigation,Hr Policies; Mediation,5,3,2,40.0,60.0
170273,Navya Dave,Finance,Financial Analyst,Excel; Forecasting; Power Bi; Sql; Valuation,Financial Modeling,6,5,1,16.67,83.33
170458,Darshit Hari,IT,Data Analyst,Power Bi; Sql; Statistical Analysis; Tableau,Excel; Python,6,4,2,33.33,66.67
170795,Heer Khurana,HR,HR Manager,Hris; Leadership; Performance Management,Employee Relations; Labor Law; Talent Acquisition,6,3,3,50.0,50.0
170802,Lakshay Choudhury,Sales,Sales Executive,B2B Sales; Contract Closing; Crm; Lead Generation; Negotiation,Communication,6,5,1,16.67,83.33
171258,Hrishita Buch,Sales,Sales Executive,B2B Sales; Communication; Contract Closing; Lead Generation,Crm; Negotiation,6,4,2,33.33,66.67
171279,Manikya Date,Marketing,Content Strategist,Copywriting; Seo; User Research,Content Auditing; Information Architecture,5,3,2,40.0,60.0
171523,Tarini Manda,Sales,Sales Executive,B2B Sales; Communication; Contract Closing; Lead Generation; Negotiation,Crm,6,5,1,16.67,83.33
171714,Heer Acharya,IT,Cybersecurity Specialist,Cryptography; Incident Response; Network Security; Python; Siem,Penetration Testing,6,5,1,16.67,83.33
171718,Ira Subramaniam,Marketing,Marketing Executive,Campaign Management; Content Marketing; Digital Marketing; Seo,Google Analytics,5,4,1,20.0,80.0
171922,Mohanlal Kari,Marketing,SEO Specialist,Backlink Strategy; Google Analytics; Html / Css Basics; On-Page Seo,Content Optimization,5,4,1,20.0,80.0
171937,Hansh Koshy,Marketing,Content Strategist,Content Auditing; Copywriting; Information Architecture; User Research,Seo,5,4,1,20.0,80.0
172146,Aaryahi Mahal,Finance,Accountant,Auditing; Erp Systems; Financial Accounting; Tax Compliance,Excel; Quickbooks,6,4,2,33.33,66.67
172159,Anika Roy,Sales,Business Development,Market Research; Partnership Development; Pipeline Management,Crm; Strategic Pitching,5,3,2,40.0,60.0
172400,Madhav Bose,HR,Employee Relations,Conflict Resolution; Hr Policies; Mediation,Employment Law; Investigation,5,3,2,40.0,60.0
172448,Vaibhav Sharaf,HR,HR Manager,Employee Relations; Hris; Labor Law; Performance Management; Talent Acquisition,Leadership,6,5,1,16.67,83.33
172683,Ira Shere,Sales,Account Manager,Account Planning; Client Retention; Contract Negotiation,Crm (Salesforce); Upselling,5,3,2,40.0,60.0
172793,Anaya Chahal,Finance,Auditor,Compliance; Excel; Risk Assessment,Financial Analysis; Forensic Accounting; Internal Auditing,6,3,3,50.0,50.0
172962,Pari Bora,Marketing,Content Strategist,Content Auditing; Copywriting; Seo,Information Architecture; User Research,5,3,2,40.0,60.0
173088,Tiya Cheema,Finance,Accountant,Auditing; Excel; Quickbooks,Erp Systems; Financial Accounting; Tax Compliance,6,3,3,50.0,50.0
173292,Inaaya  Sehgal,Marketing,Content Strategist,Content Auditing; Information Architecture; User Research,Copywriting; Seo,5,3,2,40.0,60.0
173380,Ishita Apte,HR,HR Manager,Employee Relations; Hris; Labor Law; Performance Management; Talent Acquisition,Leadership,6,5,1,16.67,83.33
173624,Anvi Chhabra,Marketing,SEO Specialist,Backlink Strategy; Content Optimization; Html / Css Basics,Google Analytics; On-Page Seo,5,3,2,40.0,60.0
173989,Siya Manne,IT,Cybersecurity Specialist,Cryptography; Incident Response; Penetration Testing; Python; Siem,Network Security,6,5,1,16.67,83.33
174133,Hiran Buch,Sales,Sales Executive,B2B Sales; Communication; Crm; Lead Generation; Negotiation,Contract Closing,6,5,1,16.67,83.33
174200,Madhup Tella,IT,Software Engineer,Ci/Cd; Data Structures; Docker; Git; Kubernetes; Python,Java,7,6,1,14.29,85.71
174408,Diya Dubey,Finance,Financial Analyst,Excel; Financial Modeling; Power Bi; Valuation,Forecasting; Sql,6,4,2,33.33,66.67
174541,Sahil Dani,HR,HR Manager,Employee Relations; Hris; Labor Law; Leadership; Performance Management,Talent Acquisition,6,5,1,16.67,83.33
174556,Tara Keer,Marketing,SEO Specialist,Backlink Strategy; Html / Css Basics; On-Page Seo,Content Optimization; Google Analytics,5,3,2,40.0,60.0
174576,Hansh Char,HR,Employee Relations,Conflict Resolution; Employment Law; Hr Policies; Mediation,Investigation,5,4,1,20.0,80.0
174649,Chirag Vasa,Sales,Sales Executive,B2B Sales; Communication; Contract Closing; Lead Generation; Negotiation,Crm,6,5,1,16.67,83.33
174684,Shlok Bhatt,Finance,Financial Analyst,Excel; Forecasting; Sql; Valuation,Financial Modeling; Power Bi,6,4,2,33.33,66.67
174984,Shamik Dua,Finance,Accountant,Erp Systems; Excel; Quickbooks; Tax Compliance,Auditing; Financial Accounting,6,4,2,33.33,66.67
175348,Anvi Bahri,HR,Recruitment Specialist,Ats; Employer Branding; Technical Sourcing,Interviewing; Salary Negotiation,5,3,2,40.0,60.0
175504,Divyansh Batta,Marketing,Marketing Executive,Campaign Management; Google Analytics,Content Marketing; Digital Marketing; Seo,5,2,3,60.0,40.0
175813,Jayesh Bandi,IT,Cybersecurity Specialist,Incident Response; Network Security; Penetration Testing; Python; Siem,Cryptography,6,5,1,16.67,83.33
176249,Mamooty Vasa,Finance,Auditor,Financial Analysis; Forensic Accounting; Internal Auditing; Risk Assessment,Compliance; Excel,6,4,2,33.33,66.67
176348,Rati Upadhyay,IT,Cybersecurity Specialist,Cryptography; Network Security; Penetration Testing; Siem,Incident Response; Python,6,4,2,33.33,66.67
176626,Prerak Balay,HR,Employee Relations,Employment Law; Investigation; Mediation,Conflict Resolution; Hr Policies,5,3,2,40.0,60.0
177018,Zoya Bera,HR,Recruitment Specialist,Ats; Employer Branding; Salary Negotiation; Technical Sourcing,Interviewing,5,4,1,20.0,80.0
177090,Zoya Wali,Finance,Auditor,Compliance; Excel; Financial Analysis; Forensic Accounting; Risk Assessment,Internal Auditing,6,5,1,16.67,83.33
177232,Uthkarsh Bains,HR,Employee Relations,Conflict Resolution; Hr Policies; Investigation; Mediation,Employment Law,5,4,1,20.0,80.0
177238,Pari Buch,Finance,Auditor,Compliance; Forensic Accounting; Risk Assessment,Excel; Financial Analysis; Internal Auditing,6,3,3,50.0,50.0
177295,Aaryahi Sant,HR,HR Manager,Employee Relations; Hris; Leadership; Talent Acquisition,Labor Law; Performance Management,6,4,2,33.33,66.67
177315,Aayush Kibe,HR,HR Manager,Leadership; Performance Management; Talent Acquisition,Employee Relations; Hris; Labor Law,6,3,3,50.0,50.0
177440,Shanaya Kuruvilla,HR,Employee Relations,Conflict Resolution; Employment Law; Investigation; Mediation,Hr Policies,5,4,1,20.0,80.0
177492,Eshani Tailor,Marketing,SEO Specialist,Backlink Strategy; Content Optimization; Google Analytics; On-Page Seo,Html / Css Basics,5,4,1,20.0,80.0
177667,Pari Sharma,IT,Cybersecurity Specialist,Cryptography; Incident Response; Python; Siem,Network Security; Penetration Testing,6,4,2,33.33,66.67
177733,Dhanuk Sahni,Sales,Account Manager,Account Planning; Client Retention; Contract Negotiation; Crm (Salesforce),Upselling,5,4,1,20.0,80.0
177855,Shanaya Bhagat,Marketing,Content Strategist,Seo; User Research,Content Auditing; Copywriting; Information Architecture,5,2,3,60.0,40.0
177999,Neelofar Maharaj,Marketing,SEO Specialist,Backlink Strategy; Content Optimization; On-Page Seo,Google Analytics; Html / Css Basics,5,3,2,40.0,60.0
178252,Miraan Chahal,Finance,Auditor,Compliance; Excel; Forensic Accounting; Internal Auditing; Risk Assessment,Financial Analysis,6,5,1,16.67,83.33
178442,Zara Dhingra,Finance,Accountant,Auditing; Erp Systems; Excel; Financial Accounting; Tax Compliance,Quickbooks,6,5,1,16.67,83.33
178537,Tiya Khare,IT,Cybersecurity Specialist,Cryptography; Incident Response; Penetration Testing; Python; Siem,Network Security,6,5,1,16.67,83.33
178944,Hrishita Andra,Marketing,SEO Specialist,Backlink Strategy; Content Optimization; Google Analytics; On-Page Seo,Html / Css Basics,5,4,1,20.0,80.0
179334,Vihaan Brahmbhatt,IT,Cybersecurity Specialist,Cryptography; Incident Response; Network Security; Penetration Testing; Siem,Python,6,5,1,16.67,83.33
179362,Rania Wali,HR,HR Manager,Employee Relations; Hris; Leadership; Performance Management; Talent Acquisition,Labor Law,6,5,1,16.67,83.33
179761,Yuvaan Raju,IT,Software Engineer,Ci/Cd; Data Structures; Docker; Git; Java; Python,Kubernetes,7,6,1,14.29,85.71
179927,Rohan Keer,Marketing,Content Strategist,Content Auditing; Information Architecture; Seo; User Research,Copywriting,5,4,1,20.0,80.0
180317,Purab Shere,HR,HR Manager,Employee Relations; Labor Law; Performance Management; Talent Acquisition,Hris; Leadership,6,4,2,33.33,66.67
180560,Ishaan Ben,Finance,Auditor,Compliance; Excel; Forensic Accounting; Internal Auditing; Risk Assessment,Financial Analysis,6,5,1,16.67,83.33
180633,Emir Sood,Finance,Auditor,Excel; Financial Analysis; Forensic Accounting; Internal Auditing,Compliance; Risk Assessment,6,4,2,33.33,66.67
180828,Fateh Balakrishnan,Marketing,SEO Specialist,Content Optimization; Google Analytics; On-Page Seo,Backlink Strategy; Html / Css Basics,5,3,2,40.0,60.0
180869,Jayant Dhillon,HR,Employee Relations,Hr Policies; Investigation,Conflict Resolution; Employment Law; Mediation,5,2,3,60.0,40.0
181316,Bhamini Lala,HR,HR Manager,Employee Relations; Hris; Leadership; Performance Management,Labor Law; Talent Acquisition,6,4,2,33.33,66.67
181362,Lakshit Lanka,IT,Software Engineer,Data Structures; Docker; Git; Java; Kubernetes; Python,Ci/Cd,7,6,1,14.29,85.71
181518,Farhan Konda,Sales,Business Development,Crm; Market Research; Partnership Development; Strategic Pitching,Pipeline Management,5,4,1,20.0,80.0
181641,Seher Chandran,Finance,Auditor,Excel; Financial Analysis; Forensic Accounting; Internal Auditing; Risk Assessment,Compliance,6,5,1,16.67,83.33
181754,Kiara Doshi,HR,Employee Relations,Conflict Resolution; Employment Law; Hr Policies; Investigation,Mediation,5,4,1,20.0,80.0
181776,Charvi D’Alia,IT,Data Analyst,Excel; Python; Sql; Statistical Analysis; Tableau,Power Bi,6,5,1,16.67,83.33
181960,Jayan Raval,Finance,Accountant,Auditing; Erp Systems; Excel; Financial Accounting; Quickbooks,Tax Compliance,6,5,1,16.67,83.33
182021,Prerak Lal,Finance,Financial Analyst,Excel; Financial Modeling; Forecasting; Power Bi; Sql,Valuation,6,5,1,16.67,83.33
182318,Alia Rout,Sales,Sales Executive,B2B Sales; Contract Closing; Lead Generation,Communication; Crm; Negotiation,6,3,3,50.0,50.0
182341,Bhamini Chada,Sales,Business Development,Crm; Partnership Development; Pipeline Management; Strategic Pitching,Market Research,5,4,1,20.0,80.0
182457,Krish Ramanathan,Finance,Accountant,Erp Systems; Excel; Financial Accounting; Quickbooks,Auditing; Tax Compliance,6,4,2,33.33,66.67
182544,Damini Sethi,Finance,Accountant,Auditing; Financial Accounting; Quickbooks,Erp Systems; Excel; Tax Compliance,6,3,3,50.0,50.0
182586,Ryan Tandon,Sales,Business Development,Market Research; Partnership Development; Pipeline Management; Strategic Pitching,Crm,5,4,1,20.0,80.0
182624,Hazel Trivedi,IT,Software Engineer,Ci/Cd; Data Structures; Docker; Java; Kubernetes; Python,Git,7,6,1,14.29,85.71
182875,Devansh Arya,HR,Recruitment Specialist,Ats; Employer Branding; Interviewing; Salary Negotiation,Technical Sourcing,5,4,1,20.0,80.0
183560,Lavanya Hora,Marketing,Content Strategist,Content Auditing; Copywriting; User Research,Information Architecture; Seo,5,3,2,40.0,60.0
183564,Vardaniya Dass,Finance,Financial Analyst,Financial Modeling; Forecasting; Power Bi; Valuation,Excel; Sql,6,4,2,33.33,66.67
183732,Aradhya Bajwa,Finance,Accountant,Auditing; Excel; Financial Accounting; Quickbooks; Tax Compliance,Erp Systems,6,5,1,16.67,83.33
183931,Ojas Banik,Marketing,Marketing Executive,Digital Marketing; Google Analytics; Seo,Campaign Management; Content Marketing,5,3,2,40.0,60.0
184465,Lagan Bhavsar,IT,Cybersecurity Specialist,Cryptography; Network Security; Penetration Testing; Python; Siem,Incident Response,6,5,1,16.67,83.33
184613,Shlok Dugar,Marketing,Marketing Executive,Campaign Management; Digital Marketing; Seo,Content Marketing; Google Analytics,5,3,2,40.0,60.0
184662,Baiju Guha,Sales,Business Development,Crm; Partnership Development; Pipeline Management; Strategic Pitching,Market Research,5,4,1,20.0,80.0
184728,Shlok Jhaveri,IT,Data Analyst,Excel; Power Bi; Sql; Statistical Analysis,Python; Tableau,6,4,2,33.33,66.67
184752,Keya Sathe,Marketing,SEO Specialist,Backlink Strategy; Content Optimization; Google Analytics; On-Page Seo,Html / Css Basics,5,4,1,20.0,80.0
185073,Aarush Dey,HR,Recruitment Specialist,Employer Branding; Salary Negotiation; Technical Sourcing,Ats; Interviewing,5,3,2,40.0,60.0
185293,Kashvi Brar,Finance,Auditor,Compliance; Excel; Forensic Accounting; Internal Auditing; Risk Assessment,Financial Analysis,6,5,1,16.67,83.33
185382,Jayant Soni,HR,HR Manager,Employee Relations; Hris; Labor Law; Leadership,Performance Management; Talent Acquisition,6,4,2,33.33,66.67
185558,Suhana Lala,IT,Software Engineer,Docker; Git; Java; Kubernetes; Python,Ci/Cd; Data Structures,7,5,2,28.57,71.43
185669,Adira Khare,Marketing,Content Strategist,Content Auditing; Copywriting; Information Architecture; Seo,User Research,5,4,1,20.0,80.0
185729,Alia Tandon,HR,Recruitment Specialist,Ats; Employer Branding; Interviewing; Technical Sourcing,Salary Negotiation,5,4,1,20.0,80.0
185852,Dharmajan Contractor,Finance,Financial Analyst,Excel; Financial Modeling; Valuation,Forecasting; Power Bi; Sql,6,3,3,50.0,50.0
185897,Samaira Anand,HR,Recruitment Specialist,Employer Branding; Interviewing; Salary Negotiation; Technical Sourcing,Ats,5,4,1,20.0,80.0
186110,Anaya Vora,HR,Recruitment Specialist,Ats; Interviewing; Salary Negotiation,Employer Branding; Technical Sourcing,5,3,2,40.0,60.0
186309,Hiran Kata,Sales,Sales Executive,B2B Sales; Communication; Contract Closing,Crm; Lead Generation; Negotiation,6,3,3,50.0,50.0
186492,Tara Mani,Sales,Account Manager,Account Planning; Client Retention; Crm (Salesforce); Upselling,Contract Negotiation,5,4,1,20.0,80.0
186547,Sumer Vohra,Marketing,Marketing Executive,Campaign Management; Content Marketing; Digital Marketing; Google Analytics,Seo,5,4,1,20.0,80.0
186630,Tarini Hayer,Marketing,SEO Specialist,Backlink Strategy; Google Analytics; Html / Css Basics; On-Page Seo,Content Optimization,5,4,1,20.0,80.0
186662,Sumer Master,HR,Employee Relations,Conflict Resolution; Hr Policies; Investigation; Mediation,Employment Law,5,4,1,20.0,80.0
186740,Nishith Dhillon,Sales,Account Manager,Account Planning; Client Retention; Contract Negotiation,Crm (Salesforce); Upselling,5,3,2,40.0,60.0
186868,Samar Chatterjee,Marketing,Marketing Executive,Campaign Management; Content Marketing; Digital Marketing; Google Analytics,Seo,5,4,1,20.0,80.0
187496,Badal Dada,Sales,Account Manager,Contract Negotiation; Crm (Salesforce); Upselling,Account Planning; Client Retention,5,3,2,40.0,60.0
187558,Advika Randhawa,Marketing,Content Strategist,Content Auditing; Copywriting; Information Architecture,Seo; User Research,5,3,2,40.0,60.0
187560,Aarav Karan,Marketing,Marketing Executive,Campaign Management; Content Marketing; Google Analytics; Seo,Digital Marketing,5,4,1,20.0,80.0
187647,Kabir Ratta,Sales,Sales Executive,B2B Sales; Communication; Contract Closing; Negotiation,Crm; Lead Generation,6,4,2,33.33,66.67
187703,Nayantara Raman,Sales,Account Manager,Account Planning; Contract Negotiation; Crm (Salesforce),Client Retention; Upselling,5,3,2,40.0,60.0
188252,Navya Sekhon,Marketing,SEO Specialist,Backlink Strategy; Google Analytics; Html / Css Basics; On-Page Seo,Content Optimization,5,4,1,20.0,80.0
188263,Nirvi Jain,Finance,Financial Analyst,Excel; Financial Modeling; Sql; Valuation,Forecasting; Power Bi,6,4,2,33.33,66.67
188376,Azad Sani,Finance,Accountant,Auditing; Quickbooks; Tax Compliance,Erp Systems; Excel; Financial Accounting,6,3,3,50.0,50.0
188515,Manikya Roy,IT,Cybersecurity Specialist,Cryptography; Incident Response; Penetration Testing; Siem,Network Security; Python,6,4,2,33.33,66.67
188940,Nayantara Butala,Marketing,Content Strategist,Content Auditing; Information Architecture; User Research,Copywriting; Seo,5,3,2,40.0,60.0
188974,Veer Chokshi,Marketing,SEO Specialist,Backlink Strategy; Content Optimization; Html / Css Basics; On-Page Seo,Google Analytics,5,4,1,20.0,80.0
189011,Lakshay Seshadri,HR,HR Manager,Employee Relations; Labor Law; Leadership; Talent Acquisition,Hris; Performance Management,6,4,2,33.33,66.67
189065,Tanya Garg,Marketing,SEO Specialist,Backlink Strategy; Content Optimization; Google Analytics; Html / Css Basics,On-Page Seo,5,4,1,20.0,80.0
189193,Divit Suresh,Sales,Business Development,Crm; Market Research; Partnership Development; Strategic Pitching,Pipeline Management,5,4,1,20.0,80.0
189294,Indranil Saran,Sales,Business Development,Market Research; Partnership Development; Pipeline Management; Strategic Pitching,Crm,5,4,1,20.0,80.0
189560,Fateh Ravi,Finance,Accountant,Excel; Financial Accounting; Quickbooks; Tax Compliance,Auditing; Erp Systems,6,4,2,33.33,66.67
189778,Faiyaz Bains,Sales,Sales Executive,Communication; Contract Closing; Crm; Lead Generation; Negotiation,B2B Sales,6,5,1,16.67,83.33
189952,Nishith Koshy,HR,Recruitment Specialist,Ats; Interviewing; Technical Sourcing,Employer Branding; Salary Negotiation,5,3,2,40.0,60.0
190216,Jiya Boase,Marketing,SEO Specialist,Backlink Strategy; Html / Css Basics; On-Page Seo,Content Optimization; Google Analytics,5,3,2,40.0,60.0
190440,Ivan Ganesh,Finance,Auditor,Excel; Financial Analysis; Forensic Accounting; Risk Assessment,Compliance; Internal Auditing,6,4,2,33.33,66.67
190571,Vidur Mani,Finance,Accountant,Auditing; Erp Systems; Financial Accounting; Quickbooks,Excel; Tax Compliance,6,4,2,33.33,66.67
190585,Damini Varghese,HR,HR Manager,Employee Relations; Hris; Labor Law; Leadership; Performance Management,Talent Acquisition,6,5,1,16.67,83.33
190712,Yasmin Sundaram,Finance,Auditor,Compliance; Excel; Financial Analysis; Forensic Accounting; Risk Assessment,Internal Auditing,6,5,1,16.67,83.33
191069,Emir Krish,IT,Data Analyst,Excel; Power Bi; Python; Sql; Tableau,Statistical Analysis,6,5,1,16.67,83.33
191289,Kartik Kashyap,Sales,Business Development,Market Research; Partnership Development; Strategic Pitching,Crm; Pipeline Management,5,3,2,40.0,60.0
191426,Mamooty Buch,Marketing,Content Strategist,Content Auditing; Copywriting; Information Architecture; Seo,User Research,5,4,1,20.0,80.0
191503,Renee Mandal,HR,Employee Relations,Conflict Resolution; Investigation; Mediation,Employment Law; Hr Policies,5,3,2,40.0,60.0
191554,Mehul Jayaraman,IT,Software Engineer,Ci/Cd; Data Structures; Docker; Kubernetes,Git; Java; Python,7,4,3,42.86,57.14
191671,Nehmat Saraf,Marketing,Content Strategist,Content Auditing; Copywriting; User Research,Information Architecture; Seo,5,3,2,40.0,60.0
191707,Mamooty Ganguly,Marketing,Content Strategist,Content Auditing; Copywriting; Information Architecture; User Research,Seo,5,4,1,20.0,80.0
192403,Chirag Sidhu,IT,Data Analyst,Excel; Power Bi; Sql,Python; Statistical Analysis; Tableau,6,3,3,50.0,50.0
192425,Kanav Goswami,Sales,Business Development,Crm; Partnership Development; Pipeline Management; Strategic Pitching,Market Research,5,4,1,20.0,80.0
192691,Umang Kapadia,Finance,Financial Analyst,Excel; Financial Modeling; Power Bi; Sql,Forecasting; Valuation,6,4,2,33.33,66.67
192763,Rasha Suri,Finance,Financial Analyst,Excel; Financial Modeling; Forecasting; Power Bi; Valuation,Sql,6,5,1,16.67,83.33
192881,Elakshi Varughese,Marketing,Marketing Executive,Campaign Management; Content Marketing; Digital Marketing; Seo,Google Analytics,5,4,1,20.0,80.0
193019,Jivika D’Alia,HR,HR Manager,Employee Relations; Hris; Leadership,Labor Law; Performance Management; Talent Acquisition,6,3,3,50.0,50.0
193366,Hansh Sunder,Marketing,Marketing Executive,Campaign Management; Content Marketing; Google Analytics; Seo,Digital Marketing,5,4,1,20.0,80.0
193478,Dhruv Chatterjee,Finance,Accountant,Auditing; Excel; Financial Accounting; Tax Compliance,Erp Systems; Quickbooks,6,4,2,33.33,66.67
193509,Bhamini Saran,Marketing,Content Strategist,Content Auditing; Copywriting; Information Architecture; User Research,Seo,5,4,1,20.0,80.0
193590,Prisha Kara,HR,HR Manager,Employee Relations; Leadership; Performance Management; Talent Acquisition,Hris; Labor Law,6,4,2,33.33,66.67
193666,Myra Mall,Finance,Accountant,Auditing; Excel; Financial Accounting; Tax Compliance,Erp Systems; Quickbooks,6,4,2,33.33,66.67
193674,Jiya Sarin,IT,Software Engineer,Data Structures; Docker; Git; Java; Python,Ci/Cd; Kubernetes,7,5,2,28.57,71.43
193694,Manjari Bhakta,Marketing,SEO Specialist,Backlink Strategy; Content Optimization; Google Analytics; On-Page Seo,Html / Css Basics,5,4,1,20.0,80.0
193844,Saanvi Dalal,HR,Recruitment Specialist,Interviewing; Technical Sourcing,Ats; Employer Branding; Salary Negotiation,5,2,3,60.0,40.0
194039,Indranil Rau,HR,HR Manager,Employee Relations; Hris; Labor Law; Leadership; Talent Acquisition,Performance Management,6,5,1,16.67,83.33
194151,Zaina Sawhney,Sales,Account Manager,Account Planning; Client Retention; Crm (Salesforce),Contract Negotiation; Upselling,5,3,2,40.0,60.0
194337,Kimaya Lad,HR,Recruitment Specialist,Ats; Salary Negotiation; Technical Sourcing,Employer Branding; Interviewing,5,3,2,40.0,60.0
194410,Zaina Chanda,Finance,Auditor,Compliance; Excel; Financial Analysis; Forensic Accounting; Internal Auditing,Risk Assessment,6,5,1,16.67,83.33
194466,Kaira Aggarwal,Sales,Sales Executive,B2B Sales; Contract Closing; Crm; Lead Generation; Negotiation,Communication,6,5,1,16.67,83.33
194533,Tarini Lad,Marketing,Marketing Executive,Content Marketing; Digital Marketing; Seo,Campaign Management; Google Analytics,5,3,2,40.0,60.0
194552,Ivan Keer,HR,HR Manager,Employee Relations; Hris; Labor Law; Leadership; Talent Acquisition,Performance Management,6,5,1,16.67,83.33
194874,Nishith Soni,Sales,Account Manager,Account Planning; Upselling,Client Retention; Contract Negotiation; Crm (Salesforce),5,2,3,60.0,40.0
194973,Dhanush Sha,HR,Employee Relations,Conflict Resolution; Employment Law; Mediation,Hr Policies; Investigation,5,3,2,40.0,60.0
195044,Shayak Dewan,Finance,Accountant,Auditing; Excel; Financial Accounting; Quickbooks; Tax Compliance,Erp Systems,6,5,1,16.67,83.33
195474,Baiju Issac,Marketing,Content Strategist,Content Auditing; Seo; User Research,Copywriting; Information Architecture,5,3,2,40.0,60.0
195831,Renee Rajagopalan,HR,Employee Relations,Conflict Resolution; Employment Law; Hr Policies; Investigation,Mediation,5,4,1,20.0,80.0
196164,Ishita Issac,IT,Data Analyst,Power Bi; Python; Sql; Statistical Analysis; Tableau,Excel,6,5,1,16.67,83.33
196285,Tanya Raja,IT,Data Analyst,Excel; Power Bi; Python; Statistical Analysis; Tableau,Sql,6,5,1,16.67,83.33
196840,Tara Randhawa,HR,Employee Relations,Employment Law; Hr Policies; Mediation,Conflict Resolution; Investigation,5,3,2,40.0,60.0
197005,Baiju Chhabra,IT,Software Engineer,Data Structures; Docker; Java; Python,Ci/Cd; Git; Kubernetes,7,4,3,42.86,57.14
197024,Mannat Swamy,HR,Recruitment Specialist,Ats; Employer Branding; Interviewing,Salary Negotiation; Technical Sourcing,5,3,2,40.0,60.0
197110,Bhavin Karpe,Marketing,Marketing Executive,Content Marketing; Digital Marketing; Google Analytics; Seo,Campaign Management,5,4,1,20.0,80.0
197224,Misha Bhargava,HR,HR Manager,Employee Relations; Hris; Labor Law; Leadership; Performance Management,Talent Acquisition,6,5,1,16.67,83.33
197333,Amani Kohli,IT,Software Engineer,Data Structures; Git; Java; Kubernetes; Python,Ci/Cd; Docker,7,5,2,28.57,71.43
197367,Shayak Divan,HR,Employee Relations,Employment Law; Hr Policies; Investigation,Conflict Resolution; Mediation,5,3,2,40.0,60.0
197410,Myra Badami,IT,Software Engineer,Data Structures; Git; Kubernetes; Python,Ci/Cd; Docker; Java,7,4,3,42.86,57.14
197547,Jivin Chopra,IT,Cybersecurity Specialist,Incident Response; Penetration Testing; Python; Siem,Cryptography; Network Security,6,4,2,33.33,66.67
197724,Dhanush Lala,Sales,Business Development,Crm; Market Research; Partnership Development,Pipeline Management; Strategic Pitching,5,3,2,40.0,60.0
197938,Vardaniya Saini,Sales,Account Manager,Contract Negotiation; Crm (Salesforce); Upselling,Account Planning; Client Retention,5,3,2,40.0,60.0
198040,Kismat Mani,HR,HR Manager,Employee Relations; Hris; Labor Law; Talent Acquisition,Leadership; Performance Management,6,4,2,33.33,66.67
198144,Akarsh Sridhar,Marketing,SEO Specialist,Backlink Strategy; Content Optimization; Html / Css Basics,Google Analytics; On-Page Seo,5,3,2,40.0,60.0
198245,Arnav Dube,IT,Cybersecurity Specialist,Incident Response; Network Security; Penetration Testing; Python; Siem,Cryptography,6,5,1,16.67,83.33
198280,Navya Krish,HR,Recruitment Specialist,Ats; Employer Branding; Salary Negotiation,Interviewing; Technical Sourcing,5,3,2,40.0,60.0
198895,Tanya Mannan,Sales,Business Development,Crm; Partnership Development; Pipeline Management,Market Research; Strategic Pitching,5,3,2,40.0,60.0
198933,Jayan Rege,Marketing,SEO Specialist,Google Analytics; Html / Css Basics; On-Page Seo,Backlink Strategy; Content Optimization,5,3,2,40.0,60.0
199042,Yakshit Badami,Marketing,Content Strategist,Copywriting; User Research,Content Auditing; Information Architecture; Seo,5,2,3,60.0,40.0
199050,Vidur Chandran,Marketing,Content Strategist,Content Auditing; Information Architecture; Seo,Copywriting; User Research,5,3,2,40.0,60.0
199145,Sana Jhaveri,Marketing,Marketing Executive,Digital Marketing; Google Analytics; Seo,Campaign Management; Content Marketing,5,3,2,40.0,60.0
199340,Vritika Ganesh,HR,Recruitment Specialist,Salary Negotiation; Technical Sourcing,Ats; Employer Branding; Interviewing,5,2,3,60.0,40.0
199534,Stuvan Sibal,Sales,Business Development,Market Research; Partnership Development; Pipeline Management; Strategic Pitching,Crm,5,4,1,20.0,80.0
199571,Prerak Doctor,IT,Data Analyst,Excel; Python; Sql; Statistical Analysis,Power Bi; Tableau,6,4,2,33.33,66.67
199854,Saira Dua,Marketing,Marketing Executive,Campaign Management; Content Marketing; Google Analytics; Seo,Digital Marketing,5,4,1,20.0,80.0
199900,Pihu Dua,Marketing,SEO Specialist,Content Optimization; Html / Css Basics; On-Page Seo,Backlink Strategy; Google Analytics,5,3,2,40.0,60.0
199980,Onkar Kari,HR,HR Manager,Employee Relations; Hris; Leadership; Performance Management; Talent Acquisition,Labor Law,6,5,1,16.67,83.33
200096,Lakshit Kaur,HR,Recruitment Specialist,Ats; Employer Branding; Interviewing; Technical Sourcing,Salary Negotiation,5,4,1,20.0,80.0
200386,Anay Dubey,Sales,Business Development,Crm; Market Research; Partnership Development; Strategic Pitching,Pipeline Management,5,4,1,20.0,80.0
200768,Zaina Dutta,Marketing,Marketing Executive,Campaign Management; Digital Marketing; Google Analytics; Seo,Content Marketing,5,4,1,20.0,80.0
201240,Jayan Mahajan,Finance,Financial Analyst,Financial Modeling; Forecasting; Sql,Excel; Power Bi; Valuation,6,3,3,50.0,50.0
201265,Damini Date,Marketing,Content Strategist,Content Auditing; Copywriting; Information Architecture; User Research,Seo,5,4,1,20.0,80.0
201415,Fateh Chokshi,IT,Cybersecurity Specialist,Cryptography; Network Security; Penetration Testing; Python; Siem,Incident Response,6,5,1,16.67,83.33
201487,Nishith Dar,IT,Cybersecurity Specialist,Cryptography; Incident Response; Network Security; Penetration Testing; Python,Siem,6,5,1,16.67,83.33
201511,Ivan Bajaj,Finance,Auditor,Compliance; Excel; Financial Analysis; Forensic Accounting; Risk Assessment,Internal Auditing,6,5,1,16.67,83.33
201544,Alisha Khurana,Marketing,Marketing Executive,Digital Marketing; Seo,Campaign Management; Content Marketing; Google Analytics,5,2,3,60.0,40.0
201578,Siya Khanna,Marketing,Content Strategist,Information Architecture; Seo; User Research,Content Auditing; Copywriting,5,3,2,40.0,60.0
201647,Elakshi Char,HR,Recruitment Specialist,Employer Branding; Interviewing; Salary Negotiation; Technical Sourcing,Ats,5,4,1,20.0,80.0
201801,Dhanuk Varghese,Finance,Financial Analyst,Excel; Financial Modeling; Power Bi; Sql; Valuation,Forecasting,6,5,1,16.67,83.33
202110,Romil Kothari,HR,Employee Relations,Conflict Resolution; Employment Law; Investigation,Hr Policies; Mediation,5,3,2,40.0,60.0
202194,Shaan Sachdev,IT,Software Engineer,Data Structures; Docker; Java; Kubernetes,Ci/Cd; Git; Python,7,4,3,42.86,57.14
202456,Sara Borra,Marketing,Content Strategist,Copywriting; Seo; User Research,Content Auditing; Information Architecture,5,3,2,40.0,60.0
202575,Aniruddh Dada,Marketing,SEO Specialist,Backlink Strategy; Google Analytics; Html / Css Basics,Content Optimization; On-Page Seo,5,3,2,40.0,60.0
202702,Darshit Devan,HR,HR Manager,Labor Law; Leadership; Performance Management; Talent Acquisition,Employee Relations; Hris,6,4,2,33.33,66.67
202827,Faiyaz Kuruvilla,Marketing,Marketing Executive,Campaign Management; Content Marketing; Digital Marketing; Seo,Google Analytics,5,4,1,20.0,80.0
202970,Tiya Ganesh,HR,Employee Relations,Conflict Resolution; Hr Policies; Investigation; Mediation,Employment Law,5,4,1,20.0,80.0
202996,Zoya Wadhwa,Marketing,Content Strategist,Copywriting; Information Architecture; Seo; User Research,Content Auditing,5,4,1,20.0,80.0
203128,Charvi Vasa,IT,Cybersecurity Specialist,Incident Response; Network Security; Penetration Testing; Python; Siem,Cryptography,6,5,1,16.67,83.33
203931,Shalv Bajaj,IT,Data Analyst,Excel; Power Bi; Python,Sql; Statistical Analysis; Tableau,6,3,3,50.0,50.0
204062,Manikya Shanker,IT,Data Analyst,Excel; Power Bi; Python; Sql; Statistical Analysis,Tableau,6,5,1,16.67,83.33
204347,Baiju Cheema,HR,Employee Relations,Employment Law; Investigation; Mediation,Conflict Resolution; Hr Policies,5,3,2,40.0,60.0
204388,Raunak Hari,Marketing,SEO Specialist,Content Optimization; Html / Css Basics; On-Page Seo,Backlink Strategy; Google Analytics,5,3,2,40.0,60.0
204435,Dhanuk Mand,Marketing,Marketing Executive,Campaign Management; Google Analytics; Seo,Content Marketing; Digital Marketing,5,3,2,40.0,60.0
204580,Vanya Samra,IT,Data Analyst,Power Bi; Python; Sql; Statistical Analysis; Tableau,Excel,6,5,1,16.67,83.33
204652,Saanvi Hora,HR,HR Manager,Employee Relations; Hris; Performance Management,Labor Law; Leadership; Talent Acquisition,6,3,3,50.0,50.0
204792,Stuvan Brahmbhatt,IT,Data Analyst,Excel; Power Bi; Python; Statistical Analysis; Tableau,Sql,6,5,1,16.67,83.33
204833,Onkar Kashyap,Sales,Account Manager,Account Planning; Client Retention; Crm (Salesforce); Upselling,Contract Negotiation,5,4,1,20.0,80.0
204979,Myra Kamdar,Marketing,SEO Specialist,Backlink Strategy; Content Optimization; Google Analytics; On-Page Seo,Html / Css Basics,5,4,1,20.0,80.0
205046,Advika Aurora,Sales,Sales Executive,B2B Sales; Contract Closing; Crm; Lead Generation,Communication; Negotiation,6,4,2,33.33,66.67
206331,Shaan Goel,HR,Recruitment Specialist,Ats; Interviewing; Salary Negotiation,Employer Branding; Technical Sourcing,5,3,2,40.0,60.0
206369,Samar Sabharwal,Marketing,SEO Specialist,Content Optimization; Google Analytics; Html / Css Basics; On-Page Seo,Backlink Strategy,5,4,1,20.0,80.0
207126,Mohanlal Dayal,Finance,Accountant,Auditing; Erp Systems; Tax Compliance,Excel; Financial Accounting; Quickbooks,6,3,3,50.0,50.0
207158,Manjari Chahal,Sales,Sales Executive,Communication; Contract Closing; Crm; Lead Generation; Negotiation,B2B Sales,6,5,1,16.67,83.33
207236,Ahana  Mane,Sales,Business Development,Crm; Market Research; Strategic Pitching,Partnership Development; Pipeline Management,5,3,2,40.0,60.0
207255,Jayan Rama,Marketing,SEO Specialist,Google Analytics; Html / Css Basics; On-Page Seo,Backlink Strategy; Content Optimization,5,3,2,40.0,60.0
207324,Navya Ganesh,Finance,Auditor,Excel; Financial Analysis; Forensic Accounting; Risk Assessment,Compliance; Internal Auditing,6,4,2,33.33,66.67
207810,Ayesha Dugal,Marketing,Content Strategist,Content Auditing; Information Architecture; Seo; User Research,Copywriting,5,4,1,20.0,80.0
207885,Umang Kalita,HR,Recruitment Specialist,Ats; Employer Branding; Interviewing; Salary Negotiation,Technical Sourcing,5,4,1,20.0,80.0
207899,Jayan Bal,Finance,Auditor,Compliance; Excel; Financial Analysis; Internal Auditing,Forensic Accounting; Risk Assessment,6,4,2,33.33,66.67
208148,Aarav Sengupta,HR,Recruitment Specialist,Employer Branding; Interviewing; Technical Sourcing,Ats; Salary Negotiation,5,3,2,40.0,60.0
208283,Samaira Kaul,HR,Recruitment Specialist,Ats; Employer Branding; Interviewing; Salary Negotiation,Technical Sourcing,5,4,1,20.0,80.0
208502,Nitya Raja,Sales,Business Development,Crm; Partnership Development; Pipeline Management,Market Research; Strategic Pitching,5,3,2,40.0,60.0
208522,Sumer Suri,Marketing,Marketing Executive,Campaign Management; Content Marketing; Digital Marketing; Seo,Google Analytics,5,4,1,20.0,80.0
208696,Kimaya Wagle,IT,Cybersecurity Specialist,Cryptography; Incident Response; Penetration Testing; Python,Network Security; Siem,6,4,2,33.33,66.67
208933,Zeeshan Shetty,Finance,Accountant,Erp Systems; Financial Accounting; Quickbooks; Tax Compliance,Auditing; Excel,6,4,2,33.33,66.67
209017,Shlok Mani,Sales,Account Manager,Client Retention; Contract Negotiation; Upselling,Account Planning; Crm (Salesforce),5,3,2,40.0,60.0
209083,Damini Malhotra,HR,HR Manager,Hris; Leadership; Performance Management,Employee Relations; Labor Law; Talent Acquisition,6,3,3,50.0,50.0
209199,Krish Comar,IT,Cybersecurity Specialist,Cryptography; Incident Response; Network Security; Python,Penetration Testing; Siem,6,4,2,33.33,66.67
209419,Kiara Bumb,Marketing,Marketing Executive,Campaign Management; Content Marketing; Google Analytics; Seo,Digital Marketing,5,4,1,20.0,80.0
209477,Ivana Bhatnagar,Finance,Accountant,Auditing; Excel; Quickbooks; Tax Compliance,Erp Systems; Financial Accounting,6,4,2,33.33,66.67
209712,Nehmat Din,IT,Cybersecurity Specialist,Cryptography; Incident Response; Network Security; Penetration Testing; Python,Siem,6,5,1,16.67,83.33
209733,Samar Ratti,Marketing,Marketing Executive,Campaign Management; Content Marketing; Digital Marketing; Google Analytics,Seo,5,4,1,20.0,80.0
209939,Baiju Tak,Sales,Sales Executive,B2B Sales; Contract Closing; Lead Generation; Negotiation,Communication; Crm,6,4,2,33.33,66.67
210159,Anvi Dua,HR,Employee Relations,Conflict Resolution; Hr Policies; Investigation; Mediation,Employment Law,5,4,1,20.0,80.0
210335,Anay Kar,HR,HR Manager,Labor Law; Leadership; Performance Management,Employee Relations; Hris; Talent Acquisition,6,3,3,50.0,50.0
210622,Aaina Krishnan,HR,HR Manager,Employee Relations; Labor Law; Talent Acquisition,Hris; Leadership; Performance Management,6,3,3,50.0,50.0
210858,Onkar Dara,HR,Recruitment Specialist,Ats; Salary Negotiation; Technical Sourcing,Employer Branding; Interviewing,5,3,2,40.0,60.0
210947,Ehsaan Dada,Sales,Business Development,Crm; Market Research; Pipeline Management; Strategic Pitching,Partnership Development,5,4,1,20.0,80.0
210952,Ivana Sarin,HR,Employee Relations,Conflict Resolution; Investigation; Mediation,Employment Law; Hr Policies,5,3,2,40.0,60.0
211295,Zaina Barman,Marketing,Content Strategist,Content Auditing; Information Architecture; Seo; User Research,Copywriting,5,4,1,20.0,80.0
211434,Kimaya Kakar,Marketing,Content Strategist,Information Architecture; Seo; User Research,Content Auditing; Copywriting,5,3,2,40.0,60.0
211458,Priyansh Dalal,Finance,Auditor,Excel; Financial Analysis; Internal Auditing,Compliance; Forensic Accounting; Risk Assessment,6,3,3,50.0,50.0
211543,Ishaan Bail,Finance,Auditor,Compliance; Financial Analysis; Forensic Accounting; Internal Auditing; Risk Assessment,Excel,6,5,1,16.67,83.33
211915,Renee Mahal,IT,Software Engineer,Ci/Cd; Data Structures; Docker; Git; Kubernetes,Java; Python,7,5,2,28.57,71.43
211921,Pari Zacharia,HR,Employee Relations,Conflict Resolution; Employment Law; Investigation,Hr Policies; Mediation,5,3,2,40.0,60.0
211923,Kabir Sarna,IT,Data Analyst,Power Bi; Python; Sql,Excel; Statistical Analysis; Tableau,6,3,3,50.0,50.0
212010,Shanaya Verma,Marketing,SEO Specialist,Backlink Strategy; Content Optimization; Google Analytics; Html / Css Basics,On-Page Seo,5,4,1,20.0,80.0
212140,Yuvraj  Kadakia,Finance,Financial Analyst,Financial Modeling; Forecasting; Power Bi; Sql,Excel; Valuation,6,4,2,33.33,66.67
212229,Yuvaan Dalal,Sales,Account Manager,Account Planning; Upselling,Client Retention; Contract Negotiation; Crm (Salesforce),5,2,3,60.0,40.0
212289,Shalv Dora,HR,Recruitment Specialist,Ats; Employer Branding; Technical Sourcing,Interviewing; Salary Negotiation,5,3,2,40.0,60.0
212840,Kashvi Sood,Sales,Account Manager,Client Retention; Contract Negotiation; Crm (Salesforce); Upselling,Account Planning,5,4,1,20.0,80.0
212943,Zoya Balasubramanian,Marketing,Marketing Executive,Content Marketing; Digital Marketing; Seo,Campaign Management; Google Analytics,5,3,2,40.0,60.0
213126,Seher Bali,IT,Data Analyst,Excel; Python; Sql; Tableau,Power Bi; Statistical Analysis,6,4,2,33.33,66.67
213349,Sana Goda,Sales,Sales Executive,B2B Sales; Communication; Crm; Negotiation,Contract Closing; Lead Generation,6,4,2,33.33,66.67
213427,Raunak Sundaram,Sales,Sales Executive,B2B Sales; Communication; Negotiation,Contract Closing; Crm; Lead Generation,6,3,3,50.0,50.0
213554,Adah Hayre,Sales,Sales Executive,B2B Sales; Communication; Lead Generation; Negotiation,Contract Closing; Crm,6,4,2,33.33,66.67
213797,Romil Samra,Finance,Auditor,Compliance; Excel; Financial Analysis; Forensic Accounting,Internal Auditing; Risk Assessment,6,4,2,33.33,66.67
213802,Nakul Chakraborty,Finance,Financial Analyst,Excel; Forecasting; Power Bi,Financial Modeling; Sql; Valuation,6,3,3,50.0,50.0
214260,Ritvik Suri,IT,Cybersecurity Specialist,Cryptography; Incident Response; Network Security; Penetration Testing; Python,Siem,6,5,1,16.67,83.33
214279,Alisha Chana,Finance,Accountant,Auditing; Excel; Quickbooks; Tax Compliance,Erp Systems; Financial Accounting,6,4,2,33.33,66.67
214387,Hridaan Shan,Finance,Auditor,Compliance; Excel; Internal Auditing; Risk Assessment,Financial Analysis; Forensic Accounting,6,4,2,33.33,66.67
214673,Sahil Sodhi,Marketing,SEO Specialist,Backlink Strategy; Html / Css Basics,Content Optimization; Google Analytics; On-Page Seo,5,2,3,60.0,40.0
214698,Samiha Varghese,Finance,Financial Analyst,Excel; Financial Modeling; Forecasting; Power Bi; Sql,Valuation,6,5,1,16.67,83.33
215160,Tushar Mandal,Finance,Accountant,Auditing; Erp Systems; Excel; Financial Accounting; Quickbooks,Tax Compliance,6,5,1,16.67,83.33
215298,Aniruddh Manda,HR,Employee Relations,Employment Law; Hr Policies; Investigation; Mediation,Conflict Resolution,5,4,1,20.0,80.0
215316,Biju Kalita,Marketing,Content Strategist,Content Auditing; Copywriting; Seo; User Research,Information Architecture,5,4,1,20.0,80.0
215348,Ivana Ravi,Marketing,SEO Specialist,Backlink Strategy; Google Analytics; Html / Css Basics,Content Optimization; On-Page Seo,5,3,2,40.0,60.0
215684,Amira Bhattacharyya,Sales,Business Development,Crm; Market Research; Partnership Development; Strategic Pitching,Pipeline Management,5,4,1,20.0,80.0
215780,Jivin Majumdar,Finance,Auditor,Compliance; Excel; Forensic Accounting; Internal Auditing; Risk Assessment,Financial Analysis,6,5,1,16.67,83.33
215858,Ehsaan Kadakia,Sales,Account Manager,Account Planning; Contract Negotiation; Crm (Salesforce),Client Retention; Upselling,5,3,2,40.0,60.0
215876,Shlok Andra,Sales,Account Manager,Account Planning; Crm (Salesforce); Upselling,Client Retention; Contract Negotiation,5,3,2,40.0,60.0
216033,Zain Kata,IT,Software Engineer,Ci/Cd; Data Structures; Docker,Git; Java; Kubernetes; Python,7,3,4,57.14,42.86
216251,Parinaaz Sankar,Sales,Business Development,Crm; Partnership Development,Market Research; Pipeline Management; Strategic Pitching,5,2,3,60.0,40.0
216324,Samiha Khurana,HR,Recruitment Specialist,Employer Branding; Interviewing; Salary Negotiation; Technical Sourcing,Ats,5,4,1,20.0,80.0
216769,Seher Bhalla,HR,HR Manager,Employee Relations; Hris; Labor Law; Talent Acquisition,Leadership; Performance Management,6,4,2,33.33,66.67
216837,Charvi Thaker,Sales,Business Development,Crm; Market Research; Partnership Development; Pipeline Management,Strategic Pitching,5,4,1,20.0,80.0
216921,Kismat Kant,HR,Employee Relations,Conflict Resolution; Employment Law; Hr Policies,Investigation; Mediation,5,3,2,40.0,60.0
217243,Jayan Ganguly,Sales,Business Development,Crm; Market Research; Strategic Pitching,Partnership Development; Pipeline Management,5,3,2,40.0,60.0
217289,Akarsh Bali,Sales,Account Manager,Account Planning; Client Retention; Contract Negotiation; Upselling,Crm (Salesforce),5,4,1,20.0,80.0
217539,Siya Kamdar,Marketing,SEO Specialist,Content Optimization; Google Analytics; On-Page Seo,Backlink Strategy; Html / Css Basics,5,3,2,40.0,60.0
217760,Indranil Tiwari,Marketing,SEO Specialist,Content Optimization; Google Analytics; Html / Css Basics,Backlink Strategy; On-Page Seo,5,3,2,40.0,60.0
217874,Yakshit Kurian,HR,Recruitment Specialist,Ats; Employer Branding; Salary Negotiation; Technical Sourcing,Interviewing,5,4,1,20.0,80.0
218020,Kiara Sen,HR,HR Manager,Hris; Labor Law; Leadership,Employee Relations; Performance Management; Talent Acquisition,6,3,3,50.0,50.0
218346,Nitya Chauhan,IT,Data Analyst,Excel; Power Bi; Python; Statistical Analysis; Tableau,Sql,6,5,1,16.67,83.33
218595,Nitara Sarma,Marketing,Marketing Executive,Content Marketing; Digital Marketing; Google Analytics; Seo,Campaign Management,5,4,1,20.0,80.0
218716,Veer Wason,IT,Cybersecurity Specialist,Cryptography; Incident Response; Network Security; Python; Siem,Penetration Testing,6,5,1,16.67,83.33
218969,Urvi Hora,Finance,Auditor,Compliance; Financial Analysis; Internal Auditing; Risk Assessment,Excel; Forensic Accounting,6,4,2,33.33,66.67
219038,Mannat Sridhar,Finance,Accountant,Auditing; Erp Systems; Excel; Tax Compliance,Financial Accounting; Quickbooks,6,4,2,33.33,66.67
219132,Hansh Dar,Sales,Account Manager,Account Planning; Client Retention; Contract Negotiation; Upselling,Crm (Salesforce),5,4,1,20.0,80.0
219194,Madhav Subramaniam,HR,Employee Relations,Conflict Resolution; Employment Law; Hr Policies; Investigation,Mediation,5,4,1,20.0,80.0
219261,Shray Mannan,IT,Cybersecurity Specialist,Incident Response; Network Security; Penetration Testing; Python,Cryptography; Siem,6,4,2,33.33,66.67
219479,Shamik Sahota,IT,Software Engineer,Ci/Cd; Git; Kubernetes,Data Structures; Docker; Java; Python,7,3,4,57.14,42.86
219499,Elakshi Kibe,Sales,Business Development,Crm; Partnership Development; Strategic Pitching,Market Research; Pipeline Management,5,3,2,40.0,60.0
219508,Nirvaan Chanda,Sales,Account Manager,Account Planning; Contract Negotiation; Upselling,Client Retention; Crm (Salesforce),5,3,2,40.0,60.0
219532,Hrishita Koshy,HR,HR Manager,Employee Relations; Leadership; Performance Management,Hris; Labor Law; Talent Acquisition,6,3,3,50.0,50.0
219699,Saksham Mahal,Finance,Auditor,Compliance; Forensic Accounting; Internal Auditing; Risk Assessment,Excel; Financial Analysis,6,4,2,33.33,66.67
219835,Azad Seth,Marketing,Marketing Executive,Campaign Management; Digital Marketing; Google Analytics,Content Marketing; Seo,5,3,2,40.0,60.0
220450,Madhav Hayer,IT,Data Analyst,Excel; Power Bi; Tableau,Python; Sql; Statistical Analysis,6,3,3,50.0,50.0
220541,Ira Dua,Finance,Auditor,Excel; Financial Analysis; Forensic Accounting; Risk Assessment,Compliance; Internal Auditing,6,4,2,33.33,66.67
220546,Ayesha Shroff,HR,Employee Relations,Conflict Resolution; Employment Law; Investigation; Mediation,Hr Policies,5,4,1,20.0,80.0
220585,Baiju Dar,Sales,Business Development,Crm; Partnership Development; Pipeline Management; Strategic Pitching,Market Research,5,4,1,20.0,80.0
220836,Neelofar Vig,Marketing,SEO Specialist,Content Optimization; Google Analytics; Html / Css Basics,Backlink Strategy; On-Page Seo,5,3,2,40.0,60.0
221196,Hansh Desai,IT,Software Engineer,Ci/Cd; Data Structures; Docker; Kubernetes; Python,Git; Java,7,5,2,28.57,71.43
221222,Riaan Sidhu,HR,Recruitment Specialist,Ats; Salary Negotiation; Technical Sourcing,Employer Branding; Interviewing,5,3,2,40.0,60.0
221231,Chirag Seshadri,HR,Recruitment Specialist,Ats; Employer Branding; Interviewing; Technical Sourcing,Salary Negotiation,5,4,1,20.0,80.0
221239,Badal Bal,Sales,Account Manager,Account Planning; Client Retention; Crm (Salesforce),Contract Negotiation; Upselling,5,3,2,40.0,60.0
221365,Hunar Sehgal,Finance,Auditor,Excel; Financial Analysis; Forensic Accounting; Risk Assessment,Compliance; Internal Auditing,6,4,2,33.33,66.67
221408,Tarini Sundaram,Sales,Account Manager,Account Planning; Client Retention; Contract Negotiation; Upselling,Crm (Salesforce),5,4,1,20.0,80.0
221469,Arhaan Lalla,Sales,Account Manager,Client Retention; Crm (Salesforce); Upselling,Account Planning; Contract Negotiation,5,3,2,40.0,60.0
221582,Jiya Cheema,Marketing,Marketing Executive,Campaign Management; Digital Marketing; Google Analytics; Seo,Content Marketing,5,4,1,20.0,80.0
221770,Dhanuk Mander,HR,HR Manager,Employee Relations; Hris; Labor Law; Talent Acquisition,Leadership; Performance Management,6,4,2,33.33,66.67
222337,Fateh Ravel,Marketing,Content Strategist,Copywriting; Information Architecture; Seo; User Research,Content Auditing,5,4,1,20.0,80.0
222441,Badal Mani,HR,Employee Relations,Conflict Resolution; Hr Policies; Investigation; Mediation,Employment Law,5,4,1,20.0,80.0
223413,Raghav Sawhney,Sales,Account Manager,Account Planning; Contract Negotiation; Crm (Salesforce); Upselling,Client Retention,5,4,1,20.0,80.0
223501,Dhanuk Basu,Sales,Account Manager,Account Planning; Client Retention; Crm (Salesforce); Upselling,Contract Negotiation,5,4,1,20.0,80.0
223790,Badal Tara,HR,Employee Relations,Conflict Resolution; Employment Law; Hr Policies; Mediation,Investigation,5,4,1,20.0,80.0
224744,Abram Saha,HR,Recruitment Specialist,Ats; Interviewing; Salary Negotiation,Employer Branding; Technical Sourcing,5,3,2,40.0,60.0
224768,Azad Sarin,HR,HR Manager,Labor Law; Leadership; Performance Management; Talent Acquisition,Employee Relations; Hris,6,4,2,33.33,66.67
224821,Emir Kumer,Marketing,SEO Specialist,Backlink Strategy; Html / Css Basics; On-Page Seo,Content Optimization; Google Analytics,5,3,2,40.0,60.0
224870,Mishti Handa,IT,Cybersecurity Specialist,Cryptography; Network Security; Penetration Testing; Python; Siem,Incident Response,6,5,1,16.67,83.33
224965,Neelofar Rajan,HR,Recruitment Specialist,Ats; Employer Branding; Salary Negotiation; Technical Sourcing,Interviewing,5,4,1,20.0,80.0
225584,Shalv Krishnamurthy,Finance,Auditor,Excel; Forensic Accounting; Internal Auditing; Risk Assessment,Compliance; Financial Analysis,6,4,2,33.33,66.67
225689,Veer Kurian,HR,Employee Relations,Employment Law; Hr Policies; Mediation,Conflict Resolution; Investigation,5,3,2,40.0,60.0
225708,Mahika Hora,IT,Software Engineer,Ci/Cd; Data Structures; Docker; Git; Java; Python,Kubernetes,7,6,1,14.29,85.71
226552,Hridaan Vig,Finance,Accountant,Auditing; Erp Systems; Excel; Quickbooks,Financial Accounting; Tax Compliance,6,4,2,33.33,66.67
226681,Uthkarsh Grewal,IT,Software Engineer,Ci/Cd; Data Structures; Docker; Git; Java; Kubernetes,Python,7,6,1,14.29,85.71
226687,Vritika Tandon,HR,Recruitment Specialist,Employer Branding; Interviewing; Salary Negotiation,Ats; Technical Sourcing,5,3,2,40.0,60.0
226849,Kavya Yadav,Finance,Financial Analyst,Excel; Forecasting; Power Bi; Sql; Valuation,Financial Modeling,6,5,1,16.67,83.33
227125,Kanav Sharaf,Sales,Business Development,Crm; Market Research; Strategic Pitching,Partnership Development; Pipeline Management,5,3,2,40.0,60.0
227383,Arhaan Bali,HR,Employee Relations,Conflict Resolution; Employment Law; Mediation,Hr Policies; Investigation,5,3,2,40.0,60.0
227704,Gokul Kamdar,HR,HR Manager,Employee Relations; Hris; Talent Acquisition,Labor Law; Leadership; Performance Management,6,3,3,50.0,50.0
227717,Ishita Dyal,HR,Employee Relations,Employment Law; Investigation; Mediation,Conflict Resolution; Hr Policies,5,3,2,40.0,60.0
228392,Prisha Lal,Marketing,Marketing Executive,Content Marketing; Digital Marketing; Google Analytics,Campaign Management; Seo,5,3,2,40.0,60.0
228663,Indrans Mall,Finance,Accountant,Auditing; Erp Systems; Excel; Tax Compliance,Financial Accounting; Quickbooks,6,4,2,33.33,66.67
228875,Ela Ghose,Sales,Sales Executive,B2B Sales; Crm; Lead Generation; Negotiation,Communication; Contract Closing,6,4,2,33.33,66.67
228972,Alisha Maharaj,Sales,Account Manager,Account Planning; Client Retention; Contract Negotiation; Crm (Salesforce),Upselling,5,4,1,20.0,80.0
229264,Dhanush Kari,Finance,Financial Analyst,Excel; Financial Modeling; Forecasting; Sql; Valuation,Power Bi,6,5,1,16.67,83.33
229357,Ivan Ram,Finance,Accountant,Auditing; Erp Systems; Excel,Financial Accounting; Quickbooks; Tax Compliance,6,3,3,50.0,50.0
229431,Madhup Tiwari,Marketing,SEO Specialist,Content Optimization; Html / Css Basics; On-Page Seo,Backlink Strategy; Google Analytics,5,3,2,40.0,60.0
229750,Saksham Ramesh,IT,Cybersecurity Specialist,Cryptography; Network Security; Penetration Testing; Python; Siem,Incident Response,6,5,1,16.67,83.33
230158,Pranay Karpe,Sales,Sales Executive,B2B Sales; Contract Closing; Negotiation,Communication; Crm; Lead Generation,6,3,3,50.0,50.0
231085,Pihu Lal,HR,Recruitment Specialist,Ats; Salary Negotiation,Employer Branding; Interviewing; Technical Sourcing,5,2,3,60.0,40.0
231366,Purab Tara,HR,HR Manager,Employee Relations; Hris; Labor Law; Leadership; Performance Management,Talent Acquisition,6,5,1,16.67,83.33
231534,Mahika Contractor,Sales,Business Development,Crm; Market Research; Partnership Development; Pipeline Management,Strategic Pitching,5,4,1,20.0,80.0
232186,Riya Lad,Marketing,Content Strategist,Content Auditing; Copywriting; Information Architecture; User Research,Seo,5,4,1,20.0,80.0
232245,Eva Bhavsar,Finance,Financial Analyst,Power Bi; Sql; Valuation,Excel; Financial Modeling; Forecasting,6,3,3,50.0,50.0
232269,Riaan Chacko,HR,Employee Relations,Employment Law; Investigation; Mediation,Conflict Resolution; Hr Policies,5,3,2,40.0,60.0
232329,Reyansh Yohannan,HR,HR Manager,Employee Relations; Labor Law; Leadership; Talent Acquisition,Hris; Performance Management,6,4,2,33.33,66.67
232350,Mishti Sinha,HR,Recruitment Specialist,Interviewing; Salary Negotiation; Technical Sourcing,Ats; Employer Branding,5,3,2,40.0,60.0
232946,Farhan Agate,Finance,Auditor,Financial Analysis; Internal Auditing; Risk Assessment,Compliance; Excel; Forensic Accounting,6,3,3,50.0,50.0
232977,Zain Kalla,Sales,Sales Executive,B2B Sales; Contract Closing; Lead Generation; Negotiation,Communication; Crm,6,4,2,33.33,66.67
233059,Jayesh Kara,Finance,Accountant,Erp Systems; Excel; Financial Accounting; Quickbooks; Tax Compliance,Auditing,6,5,1,16.67,83.33
233089,Jivin Khare,Sales,Sales Executive,B2B Sales; Communication; Contract Closing; Crm,Lead Generation; Negotiation,6,4,2,33.33,66.67
233411,Tarini Khatri,HR,Recruitment Specialist,Ats; Salary Negotiation; Technical Sourcing,Employer Branding; Interviewing,5,3,2,40.0,60.0
233654,Ryan Vora,IT,Software Engineer,Ci/Cd; Data Structures; Git; Java; Kubernetes; Python,Docker,7,6,1,14.29,85.71
233714,Drishya Aurora,Sales,Sales Executive,B2B Sales; Communication; Contract Closing; Crm; Negotiation,Lead Generation,6,5,1,16.67,83.33
233858,Badal Sinha,IT,Cybersecurity Specialist,Cryptography; Network Security; Penetration Testing; Python,Incident Response; Siem,6,4,2,33.33,66.67
233933,Zeeshan Banerjee,HR,HR Manager,Labor Law; Leadership; Performance Management,Employee Relations; Hris; Talent Acquisition,6,3,3,50.0,50.0
234781,Sana Chakrabarti,Marketing,Marketing Executive,Campaign Management; Google Analytics; Seo,Content Marketing; Digital Marketing,5,3,2,40.0,60.0
234804,Seher Kala,HR,Employee Relations,Employment Law; Hr Policies; Mediation,Conflict Resolution; Investigation,5,3,2,40.0,60.0
235296,Gatik Boase,IT,Software Engineer,Ci/Cd; Data Structures; Docker; Git,Java; Kubernetes; Python,7,4,3,42.86,57.14
235575,Shayak Konda,HR,Recruitment Specialist,Interviewing; Technical Sourcing,Ats; Employer Branding; Salary Negotiation,5,2,3,60.0,40.0
235703,Rasha Kothari,IT,Software Engineer,Data Structures; Docker; Git; Java; Kubernetes; Python,Ci/Cd,7,6,1,14.29,85.71
235704,Zain Gill,HR,Employee Relations,Conflict Resolution; Hr Policies,Employment Law; Investigation; Mediation,5,2,3,60.0,40.0
235762,Veer Shah,HR,HR Manager,Employee Relations; Hris; Labor Law; Leadership; Performance Management,Talent Acquisition,6,5,1,16.67,83.33
235934,Ivan Sami,HR,Recruitment Specialist,Ats; Employer Branding; Interviewing; Technical Sourcing,Salary Negotiation,5,4,1,20.0,80.0
236093,Tejas Goswami,Sales,Sales Executive,B2B Sales; Communication; Contract Closing; Lead Generation; Negotiation,Crm,6,5,1,16.67,83.33
236238,Myra Ganesh,Finance,Financial Analyst,Excel; Financial Modeling; Forecasting; Sql,Power Bi; Valuation,6,4,2,33.33,66.67
236373,Stuvan Gulati,IT,Cybersecurity Specialist,Cryptography; Incident Response; Network Security,Penetration Testing; Python; Siem,6,3,3,50.0,50.0
236487,Romil Choudhury,Marketing,Content Strategist,Content Auditing; Copywriting; Information Architecture; User Research,Seo,5,4,1,20.0,80.0
236512,Dhanush Tiwari,Sales,Business Development,Crm; Pipeline Management; Strategic Pitching,Market Research; Partnership Development,5,3,2,40.0,60.0
236702,Tara Randhawa,Finance,Accountant,Erp Systems; Financial Accounting; Quickbooks; Tax Compliance,Auditing; Excel,6,4,2,33.33,66.67
236930,Arnav Sarma,HR,Employee Relations,Conflict Resolution; Employment Law; Investigation; Mediation,Hr Policies,5,4,1,20.0,80.0
237189,Ehsaan Mallick,IT,Data Analyst,Excel; Power Bi; Statistical Analysis; Tableau,Python; Sql,6,4,2,33.33,66.67
237322,Dishani Yadav,Finance,Financial Analyst,Excel; Financial Modeling; Forecasting; Power Bi; Sql,Valuation,6,5,1,16.67,83.33
237379,Kaira Bala,Finance,Accountant,Auditing; Erp Systems; Excel; Tax Compliance,Financial Accounting; Quickbooks,6,4,2,33.33,66.67
237392,Eshani Chacko,Sales,Business Development,Partnership Development; Pipeline Management; Strategic Pitching,Crm; Market Research,5,3,2,40.0,60.0
237549,Shalv Kunda,HR,HR Manager,Employee Relations; Hris; Performance Management,Labor Law; Leadership; Talent Acquisition,6,3,3,50.0,50.0
238037,Shaan Shetty,Marketing,Marketing Executive,Digital Marketing; Google Analytics; Seo,Campaign Management; Content Marketing,5,3,2,40.0,60.0
238211,Jayesh Krish,IT,Cybersecurity Specialist,Cryptography; Incident Response; Network Security; Python; Siem,Penetration Testing,6,5,1,16.67,83.33
238458,Farhan Chandran,Finance,Financial Analyst,Excel; Forecasting; Sql,Financial Modeling; Power Bi; Valuation,6,3,3,50.0,50.0
239159,Nirvi Sengupta,Sales,Account Manager,Account Planning; Client Retention; Contract Negotiation,Crm (Salesforce); Upselling,5,3,2,40.0,60.0
239240,Oorja Samra,Marketing,Marketing Executive,Campaign Management; Content Marketing; Google Analytics; Seo,Digital Marketing,5,4,1,20.0,80.0
239365,Siya Kamdar,Sales,Business Development,Crm; Market Research; Pipeline Management; Strategic Pitching,Partnership Development,5,4,1,20.0,80.0
239737,Raunak Shere,Finance,Auditor,Compliance; Excel; Financial Analysis; Forensic Accounting; Risk Assessment,Internal Auditing,6,5,1,16.67,83.33
239763,Zeeshan Goda,Finance,Financial Analyst,Excel; Forecasting; Sql; Valuation,Financial Modeling; Power Bi,6,4,2,33.33,66.67
239865,Mehul Ganguly,Marketing,SEO Specialist,Backlink Strategy; Google Analytics; Html / Css Basics; On-Page Seo,Content Optimization,5,4,1,20.0,80.0
239972,Samaira Ramanathan,IT,Cybersecurity Specialist,Cryptography; Penetration Testing; Python,Incident Response; Network Security; Siem,6,3,3,50.0,50.0
240288,Ojas Joshi,IT,Software Engineer,Docker; Git; Kubernetes; Python,Ci/Cd; Data Structures; Java,7,4,3,42.86,57.14
240501,Nishith Chander,HR,HR Manager,Employee Relations; Labor Law; Leadership; Performance Management,Hris; Talent Acquisition,6,4,2,33.33,66.67
240533,Abram Rajan,IT,Software Engineer,Ci/Cd; Git; Java; Kubernetes; Python,Data Structures; Docker,7,5,2,28.57,71.43
240774,Keya Arora,HR,HR Manager,Hris; Leadership; Performance Management,Employee Relations; Labor Law; Talent Acquisition,6,3,3,50.0,50.0
241428,Kismat Rattan,Sales,Business Development,Crm; Market Research; Partnership Development; Strategic Pitching,Pipeline Management,5,4,1,20.0,80.0
241844,Aarush Anand,HR,Employee Relations,Employment Law; Hr Policies; Investigation; Mediation,Conflict Resolution,5,4,1,20.0,80.0
242190,Yuvraj  Aggarwal,HR,HR Manager,Employee Relations; Hris; Performance Management; Talent Acquisition,Labor Law; Leadership,6,4,2,33.33,66.67
242212,Divyansh Sekhon,HR,Recruitment Specialist,Ats; Interviewing; Salary Negotiation; Technical Sourcing,Employer Branding,5,4,1,20.0,80.0
242372,Navya Tara,Marketing,SEO Specialist,Content Optimization; Google Analytics; Html / Css Basics; On-Page Seo,Backlink Strategy,5,4,1,20.0,80.0
242466,Pari Sane,IT,Cybersecurity Specialist,Incident Response; Network Security; Penetration Testing; Python; Siem,Cryptography,6,5,1,16.67,83.33
242841,Drishya Upadhyay,Marketing,Content Strategist,Content Auditing; Copywriting; Information Architecture; User Research,Seo,5,4,1,20.0,80.0
242915,Tanya Sane,Marketing,Marketing Executive,Campaign Management; Content Marketing; Digital Marketing; Seo,Google Analytics,5,4,1,20.0,80.0
242992,Fateh Venkatesh,IT,Cybersecurity Specialist,Network Security; Penetration Testing; Siem,Cryptography; Incident Response; Python,6,3,3,50.0,50.0
243592,Pari Sami,IT,Software Engineer,Ci/Cd; Git; Kubernetes; Python,Data Structures; Docker; Java,7,4,3,42.86,57.14
243622,Eva Talwar,HR,Recruitment Specialist,Ats; Interviewing; Salary Negotiation; Technical Sourcing,Employer Branding,5,4,1,20.0,80.0
243690,Vritika Sibal,Marketing,Marketing Executive,Campaign Management; Digital Marketing; Google Analytics,Content Marketing; Seo,5,3,2,40.0,60.0
243721,Inaaya  Chaudhari,Marketing,SEO Specialist,Backlink Strategy; Content Optimization; On-Page Seo,Google Analytics; Html / Css Basics,5,3,2,40.0,60.0
243975,Tejas Chandran,Marketing,Marketing Executive,Campaign Management; Content Marketing; Seo,Digital Marketing; Google Analytics,5,3,2,40.0,60.0
244588,Kimaya Datta,IT,Data Analyst,Excel; Power Bi; Python; Sql; Statistical Analysis,Tableau,6,5,1,16.67,83.33
245086,Hunar Brar,IT,Cybersecurity Specialist,Cryptography; Network Security; Penetration Testing; Python; Siem,Incident Response,6,5,1,16.67,83.33
245187,Bhavin Kapur,Marketing,Content Strategist,Content Auditing; Copywriting; Information Architecture,Seo; User Research,5,3,2,40.0,60.0
245396,Jiya Wali,IT,Data Analyst,Power Bi; Python; Sql; Tableau,Excel; Statistical Analysis,6,4,2,33.33,66.67
245504,Kanav Sachar,IT,Data Analyst,Excel; Python; Statistical Analysis,Power Bi; Sql; Tableau,6,3,3,50.0,50.0
245783,Vihaan Subramaniam,HR,HR Manager,Employee Relations; Hris; Labor Law; Talent Acquisition,Leadership; Performance Management,6,4,2,33.33,66.67
245924,Dhanush Rastogi,Sales,Sales Executive,B2B Sales; Communication; Contract Closing,Crm; Lead Generation; Negotiation,6,3,3,50.0,50.0
246294,Rhea Sarma,Marketing,Marketing Executive,Campaign Management; Content Marketing; Google Analytics; Seo,Digital Marketing,5,4,1,20.0,80.0
246390,Ojas Bir,Sales,Sales Executive,B2B Sales; Communication; Contract Closing; Lead Generation; Negotiation,Crm,6,5,1,16.67,83.33
246470,Riya Dash,HR,Employee Relations,Employment Law; Hr Policies; Investigation; Mediation,Conflict Resolution,5,4,1,20.0,80.0
247250,Alisha Kadakia,IT,Cybersecurity Specialist,Cryptography; Incident Response; Penetration Testing; Siem,Network Security; Python,6,4,2,33.33,66.67
247430,Eva Khanna,IT,Data Analyst,Excel; Power Bi; Statistical Analysis,Python; Sql; Tableau,6,3,3,50.0,50.0
247543,Indrajit Shah,IT,Cybersecurity Specialist,Incident Response; Network Security; Penetration Testing; Siem,Cryptography; Python,6,4,2,33.33,66.67
247900,Aniruddh Grover,Finance,Financial Analyst,Financial Modeling; Power Bi; Sql; Valuation,Excel; Forecasting,6,4,2,33.33,66.67
248037,Stuvan Kapoor,IT,Cybersecurity Specialist,Network Security; Penetration Testing; Python; Siem,Cryptography; Incident Response,6,4,2,33.33,66.67
248169,Amira Sur,IT,Cybersecurity Specialist,Incident Response; Network Security; Penetration Testing; Python; Siem,Cryptography,6,5,1,16.67,83.33
248278,Kismat Grover,Marketing,Marketing Executive,Content Marketing; Digital Marketing; Google Analytics; Seo,Campaign Management,5,4,1,20.0,80.0
248305,Anahita Kala,Marketing,Content Strategist,Content Auditing; Copywriting; User Research,Information Architecture; Seo,5,3,2,40.0,60.0
248692,Inaaya  Luthra,HR,Employee Relations,Conflict Resolution; Hr Policies,Employment Law; Investigation; Mediation,5,2,3,60.0,40.0
248820,Amani Swamy,Marketing,Marketing Executive,Content Marketing; Digital Marketing; Seo,Campaign Management; Google Analytics,5,3,2,40.0,60.0
249029,Vardaniya Chada,Sales,Business Development,Crm; Market Research; Strategic Pitching,Partnership Development; Pipeline Management,5,3,2,40.0,60.0
249172,Raunak Goda,IT,Software Engineer,Ci/Cd; Data Structures; Docker; Git; Java; Python,Kubernetes,7,6,1,14.29,85.71
249463,Darshit Shah,IT,Data Analyst,Excel; Python; Statistical Analysis; Tableau,Power Bi; Sql,6,4,2,33.33,66.67
249512,Saanvi Aggarwal,HR,HR Manager,Employee Relations; Leadership; Performance Management; Talent Acquisition,Hris; Labor Law,6,4,2,33.33,66.67
249848,Mamooty Bansal,HR,HR Manager,Employee Relations; Hris; Leadership; Performance Management; Talent Acquisition,Labor Law,6,5,1,16.67,83.33
250239,Zara Roy,Finance,Accountant,Auditing; Erp Systems; Excel; Financial Accounting; Tax Compliance,Quickbooks,6,5,1,16.67,83.33
250490,Alia Varty,Sales,Business Development,Crm; Market Research; Partnership Development; Pipeline Management,Strategic Pitching,5,4,1,20.0,80.0
250513,Vihaan Dey,HR,HR Manager,Hris; Labor Law; Leadership; Performance Management; Talent Acquisition,Employee Relations,6,5,1,16.67,83.33
250973,Aradhya Ganguly,IT,Cybersecurity Specialist,Cryptography; Network Security; Python; Siem,Incident Response; Penetration Testing,6,4,2,33.33,66.67
251009,Eva Zacharia,IT,Data Analyst,Power Bi; Python; Sql; Statistical Analysis; Tableau,Excel,6,5,1,16.67,83.33
251209,Mannat Bakshi,Finance,Financial Analyst,Excel; Financial Modeling; Valuation,Forecasting; Power Bi; Sql,6,3,3,50.0,50.0
251222,Nirvaan Sani,HR,Employee Relations,Conflict Resolution; Employment Law; Investigation; Mediation,Hr Policies,5,4,1,20.0,80.0
251623,Kartik Venkataraman,Marketing,SEO Specialist,Backlink Strategy; Content Optimization; On-Page Seo,Google Analytics; Html / Css Basics,5,3,2,40.0,60.0
251680,Veer Ghose,Sales,Business Development,Market Research; Partnership Development; Pipeline Management,Crm; Strategic Pitching,5,3,2,40.0,60.0
251693,Riaan Sachdev,HR,HR Manager,Employee Relations; Hris; Leadership,Labor Law; Performance Management; Talent Acquisition,6,3,3,50.0,50.0
252553,Hazel Gandhi,Finance,Auditor,Compliance; Excel; Financial Analysis; Risk Assessment,Forensic Accounting; Internal Auditing,6,4,2,33.33,66.67
252844,Vedika Deshpande,IT,Software Engineer,Data Structures; Docker; Git; Java; Kubernetes; Python,Ci/Cd,7,6,1,14.29,85.71
252870,Mishti Acharya,Finance,Accountant,Erp Systems; Excel; Financial Accounting; Tax Compliance,Auditing; Quickbooks,6,4,2,33.33,66.67
253148,Jayan Soman,HR,Employee Relations,Conflict Resolution; Hr Policies; Investigation; Mediation,Employment Law,5,4,1,20.0,80.0
253416,Khushi Kurian,IT,Software Engineer,Ci/Cd; Data Structures; Docker; Java; Kubernetes,Git; Python,7,5,2,28.57,71.43
253583,Nitara Kala,Sales,Sales Executive,B2B Sales; Contract Closing; Crm; Lead Generation,Communication; Negotiation,6,4,2,33.33,66.67
253805,Damini Chadha,Marketing,SEO Specialist,Content Optimization; Html / Css Basics; On-Page Seo,Backlink Strategy; Google Analytics,5,3,2,40.0,60.0
253947,Darshit Chaudhry,Sales,Sales Executive,B2B Sales; Communication; Contract Closing; Lead Generation; Negotiation,Crm,6,5,1,16.67,83.33
254095,Jayan Rajan,IT,Data Analyst,Excel; Power Bi; Python; Sql,Statistical Analysis; Tableau,6,4,2,33.33,66.67
254181,Ishita Handa,Marketing,Content Strategist,Copywriting; Information Architecture; Seo; User Research,Content Auditing,5,4,1,20.0,80.0
254257,Advika Thakkar,Sales,Business Development,Crm; Partnership Development; Pipeline Management; Strategic Pitching,Market Research,5,4,1,20.0,80.0
254337,Pranay Shukla,Marketing,Marketing Executive,Campaign Management; Content Marketing; Google Analytics; Seo,Digital Marketing,5,4,1,20.0,80.0
254394,Lagan Balan,IT,Cybersecurity Specialist,Cryptography; Incident Response; Penetration Testing; Python; Siem,Network Security,6,5,1,16.67,83.33
254544,Rati Loke,Sales,Account Manager,Account Planning; Client Retention; Crm (Salesforce); Upselling,Contract Negotiation,5,4,1,20.0,80.0
255134,Aarav Doshi,Sales,Sales Executive,B2B Sales; Communication; Crm; Lead Generation,Contract Closing; Negotiation,6,4,2,33.33,66.67
255161,Saanvi Borra,Sales,Business Development,Crm; Partnership Development; Pipeline Management,Market Research; Strategic Pitching,5,3,2,40.0,60.0
255208,Sumer Kothari,Finance,Financial Analyst,Forecasting; Power Bi; Sql; Valuation,Excel; Financial Modeling,6,4,2,33.33,66.67
255426,Yashvi Handa,IT,Software Engineer,Data Structures; Docker; Git; Kubernetes,Ci/Cd; Java; Python,7,4,3,42.86,57.14
255458,Bhamini Chand,Marketing,Content Strategist,Copywriting; Information Architecture; Seo,Content Auditing; User Research,5,3,2,40.0,60.0
255488,Romil Bhatnagar,IT,Cybersecurity Specialist,Cryptography; Incident Response; Penetration Testing,Network Security; Python; Siem,6,3,3,50.0,50.0
255648,Oorja Khalsa,IT,Cybersecurity Specialist,Cryptography; Incident Response; Network Security; Penetration Testing,Python; Siem,6,4,2,33.33,66.67
256154,Amira Rajan,Sales,Business Development,Market Research; Partnership Development; Pipeline Management; Strategic Pitching,Crm,5,4,1,20.0,80.0
256422,Adira Chandran,Finance,Auditor,Compliance; Excel; Financial Analysis; Forensic Accounting,Internal Auditing; Risk Assessment,6,4,2,33.33,66.67
256638,Yashvi Mangat,HR,Employee Relations,Conflict Resolution; Hr Policies; Mediation,Employment Law; Investigation,5,3,2,40.0,60.0
257068,Adah Kumer,Marketing,Content Strategist,Content Auditing; Copywriting; Information Architecture; Seo,User Research,5,4,1,20.0,80.0
257073,Saanvi Apte,IT,Data Analyst,Python; Statistical Analysis; Tableau,Excel; Power Bi; Sql,6,3,3,50.0,50.0
257403,Heer Ram,HR,Recruitment Specialist,Ats; Salary Negotiation,Employer Branding; Interviewing; Technical Sourcing,5,2,3,60.0,40.0
257706,Sana Chaudhari,HR,HR Manager,Employee Relations; Leadership; Performance Management; Talent Acquisition,Hris; Labor Law,6,4,2,33.33,66.67
257807,Abram Din,Marketing,Marketing Executive,Campaign Management; Digital Marketing; Google Analytics; Seo,Content Marketing,5,4,1,20.0,80.0
258361,Tanya Buch,HR,Employee Relations,Conflict Resolution; Employment Law; Hr Policies; Investigation,Mediation,5,4,1,20.0,80.0
258496,Romil Suresh,Finance,Accountant,Erp Systems; Excel; Tax Compliance,Auditing; Financial Accounting; Quickbooks,6,3,3,50.0,50.0
258563,Hazel Rao,Marketing,Marketing Executive,Campaign Management; Content Marketing; Digital Marketing; Google Analytics,Seo,5,4,1,20.0,80.0
258663,Mamooty Srinivas,Finance,Financial Analyst,Excel; Financial Modeling; Forecasting; Power Bi; Valuation,Sql,6,5,1,16.67,83.33
258946,Amani Sundaram,HR,Employee Relations,Conflict Resolution; Investigation; Mediation,Employment Law; Hr Policies,5,3,2,40.0,60.0
259100,Nakul Chakraborty,IT,Data Analyst,Power Bi; Sql; Statistical Analysis; Tableau,Excel; Python,6,4,2,33.33,66.67
259747,Riaan Baria,Marketing,SEO Specialist,Content Optimization; Google Analytics; Html / Css Basics,Backlink Strategy; On-Page Seo,5,3,2,40.0,60.0
259811,Inaaya  Mahajan,Marketing,Marketing Executive,Digital Marketing; Google Analytics; Seo,Campaign Management; Content Marketing,5,3,2,40.0,60.0
260061,Indrans Dara,Sales,Sales Executive,B2B Sales; Communication; Contract Closing; Lead Generation; Negotiation,Crm,6,5,1,16.67,83.33
260608,Eva Gade,Marketing,SEO Specialist,Content Optimization; Google Analytics; Html / Css Basics,Backlink Strategy; On-Page Seo,5,3,2,40.0,60.0
260624,Samar Bhatnagar,Finance,Financial Analyst,Financial Modeling; Power Bi; Sql; Valuation,Excel; Forecasting,6,4,2,33.33,66.67
260701,Lakshit Kar,Finance,Accountant,Erp Systems; Excel; Financial Accounting; Quickbooks; Tax Compliance,Auditing,6,5,1,16.67,83.33
260881,Vaibhav Sem,IT,Cybersecurity Specialist,Cryptography; Incident Response; Penetration Testing; Python,Network Security; Siem,6,4,2,33.33,66.67
260922,Myra Jaggi,Marketing,Content Strategist,Content Auditing; Information Architecture; Seo,Copywriting; User Research,5,3,2,40.0,60.0
261476,Zara Bahri,Marketing,SEO Specialist,Backlink Strategy; Content Optimization; Google Analytics; On-Page Seo,Html / Css Basics,5,4,1,20.0,80.0
261584,Shalv Grewal,Sales,Sales Executive,Communication; Contract Closing; Crm; Lead Generation,B2B Sales; Negotiation,6,4,2,33.33,66.67
261647,Hiran Kalla,IT,Software Engineer,Docker; Java; Kubernetes; Python,Ci/Cd; Data Structures; Git,7,4,3,42.86,57.14
261701,Samarth Bansal,HR,HR Manager,Employee Relations; Hris; Labor Law; Performance Management; Talent Acquisition,Leadership,6,5,1,16.67,83.33
262147,Zain Sampath,Marketing,Content Strategist,Content Auditing; Copywriting; Information Architecture; Seo,User Research,5,4,1,20.0,80.0
262429,Amira Khurana,Sales,Account Manager,Client Retention; Contract Negotiation; Crm (Salesforce); Upselling,Account Planning,5,4,1,20.0,80.0
262442,Divyansh Chandran,HR,Recruitment Specialist,Ats; Interviewing; Salary Negotiation,Employer Branding; Technical Sourcing,5,3,2,40.0,60.0
262598,Manikya Shetty,Marketing,Marketing Executive,Content Marketing; Digital Marketing; Google Analytics; Seo,Campaign Management,5,4,1,20.0,80.0
262682,Saira Kurian,IT,Software Engineer,Ci/Cd; Data Structures; Docker; Java; Kubernetes; Python,Git,7,6,1,14.29,85.71
262728,Ayesha Kumar,Sales,Sales Executive,Communication; Contract Closing; Lead Generation; Negotiation,B2B Sales; Crm,6,4,2,33.33,66.67
262841,Armaan Guha,Marketing,Content Strategist,Content Auditing; Copywriting; Information Architecture; User Research,Seo,5,4,1,20.0,80.0
263373,Badal Mangat,IT,Software Engineer,Ci/Cd; Data Structures; Git; Java; Python,Docker; Kubernetes,7,5,2,28.57,71.43
263461,Rasha Dada,Finance,Auditor,Compliance; Excel; Financial Analysis; Internal Auditing; Risk Assessment,Forensic Accounting,6,5,1,16.67,83.33
263674,Rhea Bhavsar,Marketing,Content Strategist,Content Auditing; Copywriting; Information Architecture; User Research,Seo,5,4,1,20.0,80.0
263697,Vedika Ahluwalia,Finance,Financial Analyst,Excel; Power Bi; Sql,Financial Modeling; Forecasting; Valuation,6,3,3,50.0,50.0
264228,Aarav Kapur,IT,Cybersecurity Specialist,Cryptography; Incident Response; Network Security; Siem,Penetration Testing; Python,6,4,2,33.33,66.67
264232,Oorja Varma,Marketing,Content Strategist,Content Auditing; Seo; User Research,Copywriting; Information Architecture,5,3,2,40.0,60.0
264382,Rasha Dugar,Finance,Auditor,Excel; Forensic Accounting; Internal Auditing; Risk Assessment,Compliance; Financial Analysis,6,4,2,33.33,66.67
264411,Aaryahi Guha,IT,Software Engineer,Data Structures; Git; Java; Kubernetes,Ci/Cd; Docker; Python,7,4,3,42.86,57.14
264862,Aayush Swaminathan,IT,Cybersecurity Specialist,Cryptography; Incident Response; Network Security; Python; Siem,Penetration Testing,6,5,1,16.67,83.33
265214,Shaan Mandal,Finance,Financial Analyst,Excel; Financial Modeling; Forecasting; Power Bi; Valuation,Sql,6,5,1,16.67,83.33
265320,Prisha Vig,Marketing,Content Strategist,Content Auditing; Copywriting; Seo; User Research,Information Architecture,5,4,1,20.0,80.0
265525,Misha Dixit,Marketing,Marketing Executive,Campaign Management; Digital Marketing; Seo,Content Marketing; Google Analytics,5,3,2,40.0,60.0
266354,Prerak Kara,Sales,Sales Executive,B2B Sales; Communication; Crm; Lead Generation; Negotiation,Contract Closing,6,5,1,16.67,83.33
266424,Tiya Dugar,Sales,Sales Executive,Communication; Contract Closing; Crm,B2B Sales; Lead Generation; Negotiation,6,3,3,50.0,50.0
266462,Vivaan Goyal,IT,Data Analyst,Excel; Python; Sql; Statistical Analysis; Tableau,Power Bi,6,5,1,16.67,83.33
266584,Nirvaan Shan,HR,Employee Relations,Employment Law; Hr Policies,Conflict Resolution; Investigation; Mediation,5,2,3,60.0,40.0
266688,Riya Mand,Sales,Account Manager,Client Retention; Contract Negotiation; Crm (Salesforce); Upselling,Account Planning,5,4,1,20.0,80.0
266915,Ishaan Sastry,Finance,Auditor,Excel; Financial Analysis; Forensic Accounting; Internal Auditing,Compliance; Risk Assessment,6,4,2,33.33,66.67
266926,Miraya Kapadia,HR,Employee Relations,Conflict Resolution; Employment Law; Hr Policies; Mediation,Investigation,5,4,1,20.0,80.0
267158,Dhruv Bhakta,Marketing,Marketing Executive,Campaign Management; Digital Marketing; Seo,Content Marketing; Google Analytics,5,3,2,40.0,60.0
267253,Purab Kibe,HR,Employee Relations,Conflict Resolution; Employment Law; Investigation; Mediation,Hr Policies,5,4,1,20.0,80.0
267354,Divyansh Mane,Marketing,Content Strategist,Information Architecture; Seo; User Research,Content Auditing; Copywriting,5,3,2,40.0,60.0
267605,Hrishita Lad,HR,Employee Relations,Conflict Resolution; Hr Policies; Investigation,Employment Law; Mediation,5,3,2,40.0,60.0
267795,Rhea Ghose,Finance,Accountant,Erp Systems; Financial Accounting; Quickbooks; Tax Compliance,Auditing; Excel,6,4,2,33.33,66.67
267851,Hunar Bhattacharyya,Finance,Accountant,Erp Systems; Excel; Financial Accounting; Tax Compliance,Auditing; Quickbooks,6,4,2,33.33,66.67
267932,Aaryahi Loyal,HR,Employee Relations,Employment Law; Investigation; Mediation,Conflict Resolution; Hr Policies,5,3,2,40.0,60.0
268009,Manikya Bandi,Sales,Business Development,Crm; Market Research; Partnership Development,Pipeline Management; Strategic Pitching,5,3,2,40.0,60.0
268043,Aaina Swaminathan,Finance,Financial Analyst,Forecasting; Power Bi; Sql; Valuation,Excel; Financial Modeling,6,4,2,33.33,66.67
268051,Kiaan Agate,IT,Cybersecurity Specialist,Cryptography; Network Security; Penetration Testing,Incident Response; Python; Siem,6,3,3,50.0,50.0
268088,Mohanlal Sheth,IT,Cybersecurity Specialist,Cryptography; Incident Response; Network Security; Penetration Testing; Python,Siem,6,5,1,16.67,83.33
268102,Navya Virk,IT,Cybersecurity Specialist,Incident Response; Penetration Testing; Python; Siem,Cryptography; Network Security,6,4,2,33.33,66.67
268203,Aayush Sampath,Sales,Business Development,Crm; Partnership Development; Pipeline Management; Strategic Pitching,Market Research,5,4,1,20.0,80.0
268350,Zara Anand,Sales,Business Development,Market Research; Partnership Development; Pipeline Management,Crm; Strategic Pitching,5,3,2,40.0,60.0
268409,Tushar Jayaraman,IT,Software Engineer,Data Structures; Git; Java; Kubernetes; Python,Ci/Cd; Docker,7,5,2,28.57,71.43
268419,Ayesha Wali,Sales,Sales Executive,B2B Sales; Communication; Crm,Contract Closing; Lead Generation; Negotiation,6,3,3,50.0,50.0
268455,Elakshi Chandra,Finance,Financial Analyst,Forecasting; Power Bi; Sql; Valuation,Excel; Financial Modeling,6,4,2,33.33,66.67
268753,Jayesh Comar,HR,Employee Relations,Conflict Resolution; Employment Law; Investigation,Hr Policies; Mediation,5,3,2,40.0,60.0
268830,Emir Swaminathan,HR,Recruitment Specialist,Ats; Employer Branding; Salary Negotiation; Technical Sourcing,Interviewing,5,4,1,20.0,80.0
269172,Ritvik Amble,IT,Cybersecurity Specialist,Cryptography; Incident Response; Network Security; Python; Siem,Penetration Testing,6,5,1,16.67,83.33
269236,Lavanya Samra,IT,Data Analyst,Power Bi; Python; Sql; Statistical Analysis; Tableau,Excel,6,5,1,16.67,83.33
269255,Pari Sastry,IT,Data Analyst,Excel; Python; Statistical Analysis,Power Bi; Sql; Tableau,6,3,3,50.0,50.0
269372,Bhavin Taneja,HR,Employee Relations,Conflict Resolution; Employment Law; Hr Policies; Mediation,Investigation,5,4,1,20.0,80.0
269464,Eshani Bora,Finance,Financial Analyst,Excel; Forecasting; Power Bi; Valuation,Financial Modeling; Sql,6,4,2,33.33,66.67
269477,Krish Bhavsar,Marketing,Marketing Executive,Campaign Management; Content Marketing; Digital Marketing; Seo,Google Analytics,5,4,1,20.0,80.0
269730,Divij Vala,Finance,Auditor,Compliance; Excel; Forensic Accounting,Financial Analysis; Internal Auditing; Risk Assessment,6,3,3,50.0,50.0
270267,Badal Gaba,IT,Software Engineer,Ci/Cd; Data Structures; Git; Java; Kubernetes,Docker; Python,7,5,2,28.57,71.43
270481,Rasha Bose,Marketing,Marketing Executive,Digital Marketing; Seo,Campaign Management; Content Marketing; Google Analytics,5,2,3,60.0,40.0
271037,Lakshit Sabharwal,Marketing,Content Strategist,Content Auditing; Copywriting; Information Architecture; Seo,User Research,5,4,1,20.0,80.0
271054,Divij Rao,Marketing,SEO Specialist,Backlink Strategy; Html / Css Basics; On-Page Seo,Content Optimization; Google Analytics,5,3,2,40.0,60.0
271056,Yuvaan Rajagopalan,Sales,Account Manager,Client Retention; Contract Negotiation; Upselling,Account Planning; Crm (Salesforce),5,3,2,40.0,60.0
271309,Diya Gopal,HR,Employee Relations,Conflict Resolution; Employment Law; Hr Policies,Investigation; Mediation,5,3,2,40.0,60.0
271632,Samaira Kashyap,Sales,Sales Executive,B2B Sales; Communication; Contract Closing; Negotiation,Crm; Lead Generation,6,4,2,33.33,66.67
271641,Riya Chandran,Sales,Business Development,Market Research; Partnership Development; Strategic Pitching,Crm; Pipeline Management,5,3,2,40.0,60.0
271872,Samar Arya,Sales,Sales Executive,B2B Sales; Contract Closing; Lead Generation; Negotiation,Communication; Crm,6,4,2,33.33,66.67
271877,Ishita Tiwari,Sales,Account Manager,Account Planning; Client Retention; Contract Negotiation; Crm (Salesforce),Upselling,5,4,1,20.0,80.0
271893,Shray Sunder,Sales,Account Manager,Account Planning; Contract Negotiation; Crm (Salesforce); Upselling,Client Retention,5,4,1,20.0,80.0
272238,Saksham Bal,HR,Recruitment Specialist,Ats; Employer Branding; Salary Negotiation,Interviewing; Technical Sourcing,5,3,2,40.0,60.0
272269,Yakshit Bhardwaj,HR,Employee Relations,Employment Law; Hr Policies; Mediation,Conflict Resolution; Investigation,5,3,2,40.0,60.0
272304,Reyansh Karpe,Sales,Business Development,Market Research; Partnership Development; Pipeline Management; Strategic Pitching,Crm,5,4,1,20.0,80.0
272738,Uthkarsh Agate,Marketing,Marketing Executive,Campaign Management; Content Marketing; Digital Marketing; Seo,Google Analytics,5,4,1,20.0,80.0
273080,Mohanlal Sundaram,Marketing,SEO Specialist,Backlink Strategy; Content Optimization; Html / Css Basics,Google Analytics; On-Page Seo,5,3,2,40.0,60.0
273190,Vanya Varughese,HR,Employee Relations,Conflict Resolution; Employment Law; Hr Policies,Investigation; Mediation,5,3,2,40.0,60.0
273286,Emir Amble,HR,HR Manager,Employee Relations; Hris; Labor Law; Performance Management; Talent Acquisition,Leadership,6,5,1,16.67,83.33
273389,Jayant Kaul,Sales,Business Development,Market Research; Pipeline Management; Strategic Pitching,Crm; Partnership Development,5,3,2,40.0,60.0
273417,Manikya Sekhon,HR,Recruitment Specialist,Ats; Employer Branding; Interviewing; Technical Sourcing,Salary Negotiation,5,4,1,20.0,80.0
273429,Shaan Wadhwa,Marketing,Content Strategist,Content Auditing; Copywriting; User Research,Information Architecture; Seo,5,3,2,40.0,60.0
273465,Amira Karnik,IT,Data Analyst,Excel; Power Bi; Sql; Statistical Analysis; Tableau,Python,6,5,1,16.67,83.33
273890,Umang Swaminathan,Finance,Financial Analyst,Financial Modeling; Forecasting; Sql; Valuation,Excel; Power Bi,6,4,2,33.33,66.67
274173,Eva Mahajan,Marketing,Content Strategist,Copywriting; Information Architecture; User Research,Content Auditing; Seo,5,3,2,40.0,60.0
274246,Anaya Rana,HR,Recruitment Specialist,Ats; Salary Negotiation,Employer Branding; Interviewing; Technical Sourcing,5,2,3,60.0,40.0
274295,Chirag Jhaveri,IT,Cybersecurity Specialist,Cryptography; Incident Response; Network Security; Python; Siem,Penetration Testing,6,5,1,16.67,83.33
275124,Mohanlal Ravel,Marketing,Marketing Executive,Campaign Management; Content Marketing; Digital Marketing; Seo,Google Analytics,5,4,1,20.0,80.0
275185,Ishita Sunder,Marketing,SEO Specialist,Content Optimization; Google Analytics; On-Page Seo,Backlink Strategy; Html / Css Basics,5,3,2,40.0,60.0
275234,Neelofar Savant,IT,Data Analyst,Excel; Power Bi; Python; Tableau,Sql; Statistical Analysis,6,4,2,33.33,66.67
275281,Mannat Dugar,HR,HR Manager,Employee Relations; Hris; Labor Law; Talent Acquisition,Leadership; Performance Management,6,4,2,33.33,66.67
275284,Krish Subramanian,Finance,Financial Analyst,Forecasting; Power Bi; Sql; Valuation,Excel; Financial Modeling,6,4,2,33.33,66.67
275335,Anahi Suri,Sales,Business Development,Market Research; Partnership Development; Pipeline Management; Strategic Pitching,Crm,5,4,1,20.0,80.0
275377,Miraan Sarin,Finance,Financial Analyst,Excel; Forecasting; Sql; Valuation,Financial Modeling; Power Bi,6,4,2,33.33,66.67
275463,Kiara Bajaj,Sales,Account Manager,Account Planning; Client Retention; Contract Negotiation; Crm (Salesforce),Upselling,5,4,1,20.0,80.0
275552,Trisha Bir,Sales,Account Manager,Account Planning; Client Retention; Contract Negotiation; Crm (Salesforce),Upselling,5,4,1,20.0,80.0
275762,Gokul Jhaveri,Finance,Accountant,Erp Systems; Excel; Financial Accounting; Quickbooks; Tax Compliance,Auditing,6,5,1,16.67,83.33
275810,Zeeshan Vohra,HR,Employee Relations,Employment Law; Hr Policies; Investigation; Mediation,Conflict Resolution,5,4,1,20.0,80.0
276037,Nehmat Sarraf,IT,Cybersecurity Specialist,Incident Response; Network Security; Siem,Cryptography; Penetration Testing; Python,6,3,3,50.0,50.0
276251,Samiha Sule,Finance,Accountant,Auditing; Erp Systems; Excel; Financial Accounting; Quickbooks,Tax Compliance,6,5,1,16.67,83.33
276271,Jivin Lala,Finance,Accountant,Auditing; Erp Systems; Financial Accounting; Quickbooks,Excel; Tax Compliance,6,4,2,33.33,66.67
276470,Tushar Kakar,Finance,Financial Analyst,Excel; Power Bi; Sql; Valuation,Financial Modeling; Forecasting,6,4,2,33.33,66.67
276598,Pari Batta,IT,Cybersecurity Specialist,Cryptography; Penetration Testing; Python; Siem,Incident Response; Network Security,6,4,2,33.33,66.67
276713,Anika Dara,IT,Software Engineer,Data Structures; Docker; Java; Python,Ci/Cd; Git; Kubernetes,7,4,3,42.86,57.14
276737,Baiju Sethi,Finance,Financial Analyst,Excel; Financial Modeling; Forecasting; Power Bi; Valuation,Sql,6,5,1,16.67,83.33
276778,Yasmin Zachariah,Sales,Sales Executive,B2B Sales; Contract Closing; Crm; Negotiation,Communication; Lead Generation,6,4,2,33.33,66.67
277131,Zain Viswanathan,Sales,Sales Executive,B2B Sales; Communication; Lead Generation; Negotiation,Contract Closing; Crm,6,4,2,33.33,66.67
277155,Alisha Tella,IT,Data Analyst,Excel; Power Bi; Python; Sql; Statistical Analysis,Tableau,6,5,1,16.67,83.33
277640,Trisha Tandon,Sales,Account Manager,Account Planning; Client Retention; Contract Negotiation; Crm (Salesforce),Upselling,5,4,1,20.0,80.0
277652,Dishani Maharaj,Sales,Account Manager,Account Planning; Crm (Salesforce); Upselling,Client Retention; Contract Negotiation,5,3,2,40.0,60.0
277702,Vanya Baria,Sales,Sales Executive,Contract Closing; Lead Generation; Negotiation,B2B Sales; Communication; Crm,6,3,3,50.0,50.0
277711,Seher Uppal,Finance,Accountant,Auditing; Excel; Financial Accounting; Quickbooks; Tax Compliance,Erp Systems,6,5,1,16.67,83.33
277979,Ryan Dara,Marketing,Marketing Executive,Content Marketing; Digital Marketing; Google Analytics,Campaign Management; Seo,5,3,2,40.0,60.0
278127,Mannat Rama,Finance,Auditor,Compliance; Excel; Internal Auditing; Risk Assessment,Financial Analysis; Forensic Accounting,6,4,2,33.33,66.67
278306,Nakul Rout,Finance,Accountant,Excel; Financial Accounting; Quickbooks; Tax Compliance,Auditing; Erp Systems,6,4,2,33.33,66.67
278563,Heer Atwal,HR,Recruitment Specialist,Employer Branding; Interviewing; Salary Negotiation,Ats; Technical Sourcing,5,3,2,40.0,60.0
278587,Mannat Mand,IT,Software Engineer,Data Structures; Docker; Git; Kubernetes; Python,Ci/Cd; Java,7,5,2,28.57,71.43
278760,Samarth Bhandari,HR,HR Manager,Hris; Labor Law; Leadership; Performance Management; Talent Acquisition,Employee Relations,6,5,1,16.67,83.33
279158,Advika Mani,HR,Recruitment Specialist,Employer Branding; Interviewing; Technical Sourcing,Ats; Salary Negotiation,5,3,2,40.0,60.0
279221,Raunak Bakshi,Marketing,SEO Specialist,Backlink Strategy; Google Analytics; Html / Css Basics; On-Page Seo,Content Optimization,5,4,1,20.0,80.0
279724,Suhana Verma,Finance,Auditor,Excel; Forensic Accounting; Internal Auditing; Risk Assessment,Compliance; Financial Analysis,6,4,2,33.33,66.67
279951,Diya Kalla,Finance,Financial Analyst,Financial Modeling; Forecasting; Power Bi; Sql; Valuation,Excel,6,5,1,16.67,83.33
280261,Vaibhav Wadhwa,Marketing,Content Strategist,Content Auditing; Copywriting; Seo; User Research,Information Architecture,5,4,1,20.0,80.0
280372,Arhaan Yadav,HR,Recruitment Specialist,Ats; Employer Branding; Salary Negotiation; Technical Sourcing,Interviewing,5,4,1,20.0,80.0
280419,Sana Divan,Finance,Auditor,Compliance; Financial Analysis; Forensic Accounting; Internal Auditing; Risk Assessment,Excel,6,5,1,16.67,83.33
280912,Mahika Soman,HR,Recruitment Specialist,Employer Branding; Interviewing; Technical Sourcing,Ats; Salary Negotiation,5,3,2,40.0,60.0
280988,Akarsh Khurana,IT,Software Engineer,Ci/Cd; Data Structures; Docker; Java; Kubernetes; Python,Git,7,6,1,14.29,85.71
281004,Saira Krishna,IT,Software Engineer,Ci/Cd; Git; Kubernetes; Python,Data Structures; Docker; Java,7,4,3,42.86,57.14
281299,Kiara Jayaraman,IT,Software Engineer,Ci/Cd; Docker; Java; Python,Data Structures; Git; Kubernetes,7,4,3,42.86,57.14
281482,Bhamini Bose,HR,Recruitment Specialist,Ats; Employer Branding; Interviewing; Salary Negotiation,Technical Sourcing,5,4,1,20.0,80.0
281726,Uthkarsh Kakar,Finance,Financial Analyst,Excel; Financial Modeling; Valuation,Forecasting; Power Bi; Sql,6,3,3,50.0,50.0
281822,Sumer Dyal,Finance,Accountant,Erp Systems; Financial Accounting; Tax Compliance,Auditing; Excel; Quickbooks,6,3,3,50.0,50.0
281956,Mahika Kade,HR,Employee Relations,Conflict Resolution; Hr Policies; Investigation; Mediation,Employment Law,5,4,1,20.0,80.0
281969,Divit Sodhi,IT,Software Engineer,Ci/Cd; Java; Kubernetes; Python,Data Structures; Docker; Git,7,4,3,42.86,57.14
281981,Abram Das,Finance,Accountant,Auditing; Erp Systems; Quickbooks,Excel; Financial Accounting; Tax Compliance,6,3,3,50.0,50.0
282132,Himmat Bhatnagar,HR,Recruitment Specialist,Employer Branding; Salary Negotiation; Technical Sourcing,Ats; Interviewing,5,3,2,40.0,60.0
282449,Indrans Shroff,Sales,Account Manager,Client Retention; Contract Negotiation; Crm (Salesforce),Account Planning; Upselling,5,3,2,40.0,60.0
282785,Tushar Virk,Sales,Sales Executive,B2B Sales; Communication; Contract Closing; Crm; Lead Generation,Negotiation,6,5,1,16.67,83.33
283018,Hunar Sura,IT,Software Engineer,Ci/Cd; Data Structures; Git; Java; Kubernetes,Docker; Python,7,5,2,28.57,71.43
283075,Suhana Mammen,Marketing,Marketing Executive,Campaign Management; Content Marketing; Digital Marketing; Google Analytics,Seo,5,4,1,20.0,80.0
283077,Alisha Varghese,Sales,Sales Executive,Communication; Contract Closing; Lead Generation,B2B Sales; Crm; Negotiation,6,3,3,50.0,50.0
283137,Anay Gara,Sales,Business Development,Market Research; Partnership Development; Pipeline Management,Crm; Strategic Pitching,5,3,2,40.0,60.0
283201,Ojas Mahal,IT,Cybersecurity Specialist,Incident Response; Network Security; Python,Cryptography; Penetration Testing; Siem,6,3,3,50.0,50.0
283291,Alia Sawhney,IT,Data Analyst,Excel; Python; Sql; Statistical Analysis; Tableau,Power Bi,6,5,1,16.67,83.33
283315,Hridaan Sangha,Sales,Sales Executive,Communication; Contract Closing; Lead Generation; Negotiation,B2B Sales; Crm,6,4,2,33.33,66.67
283446,Umang Ramaswamy,Marketing,SEO Specialist,Backlink Strategy; Html / Css Basics; On-Page Seo,Content Optimization; Google Analytics,5,3,2,40.0,60.0
283744,Tiya Butala,Marketing,Marketing Executive,Campaign Management; Content Marketing; Digital Marketing; Seo,Google Analytics,5,4,1,20.0,80.0
284205,Bhamini Madan,Finance,Accountant,Auditing; Excel; Tax Compliance,Erp Systems; Financial Accounting; Quickbooks,6,3,3,50.0,50.0
284767,Sahil Warrior,Sales,Sales Executive,B2B Sales; Communication; Contract Closing; Lead Generation; Negotiation,Crm,6,5,1,16.67,83.33
285059,Jayant Bora,Finance,Financial Analyst,Excel; Sql; Valuation,Financial Modeling; Forecasting; Power Bi,6,3,3,50.0,50.0
285256,Raghav Venkataraman,Marketing,Marketing Executive,Campaign Management; Content Marketing; Google Analytics; Seo,Digital Marketing,5,4,1,20.0,80.0
285447,Mamooty Kannan,Sales,Account Manager,Account Planning; Client Retention; Crm (Salesforce); Upselling,Contract Negotiation,5,4,1,20.0,80.0
285608,Ryan Tandon,Marketing,Content Strategist,Content Auditing; Copywriting; Information Architecture,Seo; User Research,5,3,2,40.0,60.0
285614,Anay Chokshi,Marketing,Marketing Executive,Campaign Management; Content Marketing; Digital Marketing; Google Analytics,Seo,5,4,1,20.0,80.0
285619,Azad Wason,IT,Cybersecurity Specialist,Cryptography; Network Security; Penetration Testing; Python; Siem,Incident Response,6,5,1,16.67,83.33
285907,Jivin Kashyap,HR,Employee Relations,Conflict Resolution; Employment Law; Hr Policies; Investigation,Mediation,5,4,1,20.0,80.0
286027,Bhamini Bhat,Sales,Business Development,Crm; Market Research; Partnership Development; Pipeline Management,Strategic Pitching,5,4,1,20.0,80.0
286143,Pihu Korpal,Sales,Sales Executive,Communication; Contract Closing; Crm; Lead Generation; Negotiation,B2B Sales,6,5,1,16.67,83.33
286418,Jayant Kara,HR,Recruitment Specialist,Ats; Employer Branding; Interviewing; Technical Sourcing,Salary Negotiation,5,4,1,20.0,80.0
286442,Tanya Sharma,HR,HR Manager,Employee Relations; Labor Law; Leadership; Talent Acquisition,Hris; Performance Management,6,4,2,33.33,66.67
286475,Adah Khalsa,Marketing,SEO Specialist,Backlink Strategy; Google Analytics; On-Page Seo,Content Optimization; Html / Css Basics,5,3,2,40.0,60.0
286756,Ryan Sethi,Marketing,Marketing Executive,Content Marketing; Digital Marketing; Seo,Campaign Management; Google Analytics,5,3,2,40.0,60.0
286824,Riya Madan,Finance,Financial Analyst,Excel; Financial Modeling; Power Bi; Sql,Forecasting; Valuation,6,4,2,33.33,66.67
286853,Chirag Shenoy,Marketing,Content Strategist,Copywriting; Seo; User Research,Content Auditing; Information Architecture,5,3,2,40.0,60.0
287020,Pranay Chad,HR,Recruitment Specialist,Ats; Interviewing; Salary Negotiation; Technical Sourcing,Employer Branding,5,4,1,20.0,80.0
287528,Abram Yohannan,Sales,Business Development,Market Research; Partnership Development; Pipeline Management; Strategic Pitching,Crm,5,4,1,20.0,80.0
287695,Samarth Kata,IT,Software Engineer,Data Structures; Docker; Git; Java; Kubernetes,Ci/Cd; Python,7,5,2,28.57,71.43
288123,Saanvi Sarkar,Finance,Accountant,Erp Systems; Financial Accounting; Quickbooks,Auditing; Excel; Tax Compliance,6,3,3,50.0,50.0
288216,Ela Agrawal,Sales,Account Manager,Account Planning; Contract Negotiation; Upselling,Client Retention; Crm (Salesforce),5,3,2,40.0,60.0
288469,Madhav Randhawa,IT,Data Analyst,Excel; Power Bi; Sql; Statistical Analysis,Python; Tableau,6,4,2,33.33,66.67
288553,Fateh Yadav,Finance,Accountant,Auditing; Erp Systems; Financial Accounting; Quickbooks; Tax Compliance,Excel,6,5,1,16.67,83.33
288594,Manikya Sura,Finance,Financial Analyst,Forecasting; Power Bi; Sql; Valuation,Excel; Financial Modeling,6,4,2,33.33,66.67
288665,Baiju Jha,Finance,Accountant,Auditing; Financial Accounting; Quickbooks; Tax Compliance,Erp Systems; Excel,6,4,2,33.33,66.67
288679,Siya Devi,Marketing,Marketing Executive,Campaign Management; Content Marketing; Google Analytics; Seo,Digital Marketing,5,4,1,20.0,80.0
288779,Umang Dugal,IT,Cybersecurity Specialist,Cryptography; Incident Response; Network Security; Penetration Testing,Python; Siem,6,4,2,33.33,66.67
289083,Nitara Rajagopalan,HR,HR Manager,Employee Relations; Hris; Leadership; Talent Acquisition,Labor Law; Performance Management,6,4,2,33.33,66.67
289526,Vidur Kashyap,Marketing,Content Strategist,Content Auditing; Copywriting; Seo,Information Architecture; User Research,5,3,2,40.0,60.0
289677,Tejas D’Alia,IT,Software Engineer,Ci/Cd; Data Structures; Git; Java; Python,Docker; Kubernetes,7,5,2,28.57,71.43
289687,Divit Ravel,Finance,Auditor,Compliance; Excel; Financial Analysis; Risk Assessment,Forensic Accounting; Internal Auditing,6,4,2,33.33,66.67
289795,Kartik Jaggi,Marketing,Content Strategist,Copywriting; Information Architecture; User Research,Content Auditing; Seo,5,3,2,40.0,60.0
289849,Ojas Shah,HR,HR Manager,Hris; Labor Law; Leadership; Performance Management; Talent Acquisition,Employee Relations,6,5,1,16.67,83.33
290108,Heer Saxena,IT,Software Engineer,Ci/Cd; Data Structures; Docker; Git; Java; Python,Kubernetes,7,6,1,14.29,85.71
290472,Prisha Sandhu,Sales,Account Manager,Client Retention; Contract Negotiation,Account Planning; Crm (Salesforce); Upselling,5,2,3,60.0,40.0
290559,Ela Kamdar,Sales,Business Development,Crm; Partnership Development,Market Research; Pipeline Management; Strategic Pitching,5,2,3,60.0,40.0
290729,Sana Cherian,Marketing,Content Strategist,Content Auditing; Copywriting; User Research,Information Architecture; Seo,5,3,2,40.0,60.0
290890,Aniruddh Desai,HR,Employee Relations,Conflict Resolution; Employment Law; Hr Policies; Mediation,Investigation,5,4,1,20.0,80.0
291107,Pihu Sheth,IT,Cybersecurity Specialist,Incident Response; Network Security; Penetration Testing; Python; Siem,Cryptography,6,5,1,16.67,83.33
291280,Ivana Bhat,Sales,Business Development,Crm; Market Research; Strategic Pitching,Partnership Development; Pipeline Management,5,3,2,40.0,60.0
291381,Tarini Karpe,IT,Data Analyst,Excel; Power Bi; Python; Tableau,Sql; Statistical Analysis,6,4,2,33.33,66.67
291591,Hiran Chaudhari,IT,Cybersecurity Specialist,Network Security; Penetration Testing; Python; Siem,Cryptography; Incident Response,6,4,2,33.33,66.67
291654,Nehmat Bhattacharyya,Marketing,Content Strategist,Content Auditing; Information Architecture; User Research,Copywriting; Seo,5,3,2,40.0,60.0
291860,Faiyaz Talwar,Finance,Accountant,Auditing; Erp Systems; Excel; Financial Accounting; Quickbooks,Tax Compliance,6,5,1,16.67,83.33
291931,Lakshay Dara,IT,Data Analyst,Excel; Python; Sql; Statistical Analysis; Tableau,Power Bi,6,5,1,16.67,83.33
292023,Zoya Kakar,IT,Data Analyst,Excel; Python; Sql; Tableau,Power Bi; Statistical Analysis,6,4,2,33.33,66.67
292074,Nayantara Kale,Sales,Sales Executive,B2B Sales; Communication; Crm; Lead Generation; Negotiation,Contract Closing,6,5,1,16.67,83.33
292276,Rhea Sagar,HR,Recruitment Specialist,Ats; Employer Branding; Salary Negotiation; Technical Sourcing,Interviewing,5,4,1,20.0,80.0
292278,Hunar Sarraf,Marketing,Marketing Executive,Campaign Management; Digital Marketing; Seo,Content Marketing; Google Analytics,5,3,2,40.0,60.0
292420,Baiju Chaudhuri,Marketing,Content Strategist,Information Architecture; Seo; User Research,Content Auditing; Copywriting,5,3,2,40.0,60.0
292515,Dhanuk Kamdar,Sales,Sales Executive,Communication; Contract Closing; Lead Generation; Negotiation,B2B Sales; Crm,6,4,2,33.33,66.67
292640,Advik Saraf,IT,Data Analyst,Power Bi; Sql; Tableau,Excel; Python; Statistical Analysis,6,3,3,50.0,50.0
292904,Tiya Varma,HR,Recruitment Specialist,Ats; Employer Branding; Salary Negotiation; Technical Sourcing,Interviewing,5,4,1,20.0,80.0
293210,Zoya Grewal,Sales,Business Development,Crm; Market Research; Partnership Development; Strategic Pitching,Pipeline Management,5,4,1,20.0,80.0
294096,Bhamini Brahmbhatt,Marketing,SEO Specialist,Backlink Strategy; Google Analytics; On-Page Seo,Content Optimization; Html / Css Basics,5,3,2,40.0,60.0
294202,Lagan Babu,Sales,Sales Executive,Communication; Contract Closing; Crm; Lead Generation; Negotiation,B2B Sales,6,5,1,16.67,83.33
294251,Ivana Butala,Finance,Auditor,Excel; Financial Analysis; Forensic Accounting; Internal Auditing,Compliance; Risk Assessment,6,4,2,33.33,66.67
294626,Miraan Bali,Finance,Accountant,Auditing; Erp Systems; Excel; Financial Accounting; Tax Compliance,Quickbooks,6,5,1,16.67,83.33
294821,Riya Dara,IT,Data Analyst,Excel; Power Bi; Python; Statistical Analysis,Sql; Tableau,6,4,2,33.33,66.67
295113,Gatik Guha,Marketing,Content Strategist,Content Auditing; Copywriting; Information Architecture; Seo,User Research,5,4,1,20.0,80.0
295187,Diya Sha,IT,Data Analyst,Excel; Power Bi; Sql; Statistical Analysis,Python; Tableau,6,4,2,33.33,66.67
295304,Uthkarsh Kapadia,IT,Cybersecurity Specialist,Cryptography; Incident Response; Penetration Testing; Siem,Network Security; Python,6,4,2,33.33,66.67
295342,Saanvi Borah,Marketing,SEO Specialist,Google Analytics; Html / Css Basics; On-Page Seo,Backlink Strategy; Content Optimization,5,3,2,40.0,60.0
295577,Indranil Rama,IT,Data Analyst,Excel; Sql; Statistical Analysis; Tableau,Power Bi; Python,6,4,2,33.33,66.67
295585,Piya Zacharia,IT,Data Analyst,Excel; Power Bi; Statistical Analysis,Python; Sql; Tableau,6,3,3,50.0,50.0
295742,Neysa Johal,Sales,Sales Executive,Communication; Crm; Lead Generation,B2B Sales; Contract Closing; Negotiation,6,3,3,50.0,50.0
295743,Mohanlal Khare,Marketing,Content Strategist,Content Auditing; Copywriting,Information Architecture; Seo; User Research,5,2,3,60.0,40.0
295750,Eva Shukla,Marketing,SEO Specialist,Content Optimization; Html / Css Basics; On-Page Seo,Backlink Strategy; Google Analytics,5,3,2,40.0,60.0
295827,Jhanvi Bansal,Sales,Business Development,Market Research; Partnership Development; Pipeline Management; Strategic Pitching,Crm,5,4,1,20.0,80.0
295853,Mohanlal Raju,Finance,Auditor,Compliance; Financial Analysis; Forensic Accounting; Internal Auditing,Excel; Risk Assessment,6,4,2,33.33,66.67
295929,Mamooty Sundaram,IT,Software Engineer,Ci/Cd; Docker; Kubernetes; Python,Data Structures; Git; Java,7,4,3,42.86,57.14
296027,Piya Gole,HR,HR Manager,Employee Relations; Labor Law; Leadership; Performance Management; Talent Acquisition,Hris,6,5,1,16.67,83.33
296088,Hansh Kala,Finance,Accountant,Auditing; Excel; Financial Accounting; Tax Compliance,Erp Systems; Quickbooks,6,4,2,33.33,66.67
296089,Shalv Ratti,Sales,Sales Executive,B2B Sales; Communication; Contract Closing; Lead Generation,Crm; Negotiation,6,4,2,33.33,66.67
296395,Seher Khatri,Marketing,Marketing Executive,Campaign Management; Google Analytics; Seo,Content Marketing; Digital Marketing,5,3,2,40.0,60.0
296520,Parinaaz Kamdar,IT,Data Analyst,Power Bi; Python; Sql; Tableau,Excel; Statistical Analysis,6,4,2,33.33,66.67
296808,Nayantara Sengupta,IT,Software Engineer,Ci/Cd; Data Structures; Git; Python,Docker; Java; Kubernetes,7,4,3,42.86,57.14
296812,Inaaya  Kurian,Sales,Business Development,Partnership Development; Pipeline Management; Strategic Pitching,Crm; Market Research,5,3,2,40.0,60.0
296819,Siya Dua,HR,Recruitment Specialist,Ats; Employer Branding; Salary Negotiation,Interviewing; Technical Sourcing,5,3,2,40.0,60.0
296917,Vardaniya Kota,IT,Data Analyst,Power Bi; Python; Sql; Statistical Analysis,Excel; Tableau,6,4,2,33.33,66.67
296920,Pari Chatterjee,Finance,Auditor,Compliance; Financial Analysis; Internal Auditing; Risk Assessment,Excel; Forensic Accounting,6,4,2,33.33,66.67
297108,Jayan Chowdhury,Marketing,SEO Specialist,Backlink Strategy; Content Optimization; Google Analytics; On-Page Seo,Html / Css Basics,5,4,1,20.0,80.0
297348,Azad Kannan,HR,HR Manager,Employee Relations; Hris; Labor Law; Performance Management,Leadership; Talent Acquisition,6,4,2,33.33,66.67
297565,Elakshi Sane,IT,Data Analyst,Power Bi; Python; Sql; Statistical Analysis; Tableau,Excel,6,5,1,16.67,83.33
297819,Jivika Sant,Finance,Accountant,Erp Systems; Excel; Financial Accounting; Tax Compliance,Auditing; Quickbooks,6,4,2,33.33,66.67
298334,Samarth Thaman,IT,Cybersecurity Specialist,Cryptography; Incident Response; Network Security; Penetration Testing; Siem,Python,6,5,1,16.67,83.33
298513,Myra Subramaniam,IT,Data Analyst,Excel; Power Bi; Python; Sql; Tableau,Statistical Analysis,6,5,1,16.67,83.33
298732,Misha Banik,IT,Software Engineer,Ci/Cd; Data Structures; Docker; Git; Java,Kubernetes; Python,7,5,2,28.57,71.43
298955,Hunar Contractor,IT,Software Engineer,Ci/Cd; Data Structures; Docker; Git; Java; Python,Kubernetes,7,6,1,14.29,85.71
299262,Amira Borde,IT,Software Engineer,Ci/Cd; Docker; Java,Data Structures; Git; Kubernetes; Python,7,3,4,57.14,42.86
299323,Myra Balay,IT,Cybersecurity Specialist,Cryptography; Network Security; Penetration Testing; Siem,Incident Response; Python,6,4,2,33.33,66.67
299441,Ahana  Arya,Finance,Financial Analyst,Excel; Forecasting; Power Bi; Sql; Valuation,Financial Modeling,6,5,1,16.67,83.33
299503,Samar Ganguly,HR,Employee Relations,Conflict Resolution; Hr Policies; Investigation; Mediation,Employment Law,5,4,1,20.0,80.0
299648,Hazel Dugar,IT,Data Analyst,Excel; Python; Sql,Power Bi; Statistical Analysis; Tableau,6,3,3,50.0,50.0
299828,Zoya Bumb,IT,Data Analyst,Power Bi; Python; Sql; Statistical Analysis,Excel; Tableau,6,4,2,33.33,66.67
300291,Dhanush Shukla,Finance,Auditor,Compliance; Financial Analysis; Forensic Accounting; Internal Auditing,Excel; Risk Assessment,6,4,2,33.33,66.67
300330,Aarav Yadav,HR,HR Manager,Employee Relations; Hris; Labor Law; Performance Management; Talent Acquisition,Leadership,6,5,1,16.67,83.33
300363,Emir Ratta,IT,Cybersecurity Specialist,Cryptography; Incident Response; Network Security; Python; Siem,Penetration Testing,6,5,1,16.67,83.33
300475,Hazel Thaker,HR,HR Manager,Employee Relations; Hris; Leadership; Performance Management; Talent Acquisition,Labor Law,6,5,1,16.67,83.33
300481,Dhanush Garde,Marketing,Marketing Executive,Content Marketing; Google Analytics; Seo,Campaign Management; Digital Marketing,5,3,2,40.0,60.0
300537,Gatik Chakrabarti,Finance,Financial Analyst,Excel; Forecasting; Power Bi; Sql; Valuation,Financial Modeling,6,5,1,16.67,83.33
301213,Shlok Goswami,HR,Employee Relations,Conflict Resolution; Employment Law; Hr Policies; Mediation,Investigation,5,4,1,20.0,80.0
301263,Akarsh Chanda,HR,Employee Relations,Conflict Resolution; Hr Policies; Investigation,Employment Law; Mediation,5,3,2,40.0,60.0
301292,Saira Kaur,Sales,Business Development,Crm; Partnership Development; Strategic Pitching,Market Research; Pipeline Management,5,3,2,40.0,60.0
301570,Ira Kari,IT,Cybersecurity Specialist,Cryptography; Penetration Testing; Python; Siem,Incident Response; Network Security,6,4,2,33.33,66.67
301758,Gatik Deshmukh,Sales,Account Manager,Client Retention; Contract Negotiation; Crm (Salesforce),Account Planning; Upselling,5,3,2,40.0,60.0
301979,Myra Banerjee,Finance,Financial Analyst,Financial Modeling; Forecasting; Power Bi; Valuation,Excel; Sql,6,4,2,33.33,66.67
302120,Uthkarsh Bhakta,IT,Cybersecurity Specialist,Cryptography; Network Security; Penetration Testing; Python; Siem,Incident Response,6,5,1,16.67,83.33
302189,Anahi Kari,Sales,Business Development,Market Research; Pipeline Management; Strategic Pitching,Crm; Partnership Development,5,3,2,40.0,60.0
302567,Taran Kakar,Marketing,SEO Specialist,Backlink Strategy; Google Analytics; Html / Css Basics,Content Optimization; On-Page Seo,5,3,2,40.0,60.0
302929,Anahi Tella,Marketing,SEO Specialist,Backlink Strategy; Content Optimization; Google Analytics; Html / Css Basics,On-Page Seo,5,4,1,20.0,80.0
302988,Piya Acharya,Sales,Account Manager,Account Planning; Contract Negotiation; Crm (Salesforce); Upselling,Client Retention,5,4,1,20.0,80.0
303341,Advik Bassi,Marketing,SEO Specialist,Backlink Strategy; Google Analytics; Html / Css Basics; On-Page Seo,Content Optimization,5,4,1,20.0,80.0
303561,Advika Trivedi,Finance,Financial Analyst,Excel; Forecasting; Power Bi; Sql,Financial Modeling; Valuation,6,4,2,33.33,66.67
303700,Gokul Arora,Finance,Financial Analyst,Excel; Financial Modeling; Forecasting; Power Bi; Sql,Valuation,6,5,1,16.67,83.33
303977,Devansh Lad,HR,Employee Relations,Hr Policies; Investigation; Mediation,Conflict Resolution; Employment Law,5,3,2,40.0,60.0
304341,Gatik Sharaf,Sales,Account Manager,Contract Negotiation; Crm (Salesforce); Upselling,Account Planning; Client Retention,5,3,2,40.0,60.0
304449,Anika Dora,Marketing,Marketing Executive,Content Marketing; Digital Marketing; Google Analytics; Seo,Campaign Management,5,4,1,20.0,80.0
304460,Arhaan Brahmbhatt,Sales,Sales Executive,B2B Sales; Contract Closing; Crm; Lead Generation; Negotiation,Communication,6,5,1,16.67,83.33
304464,Suhana Ramaswamy,HR,Recruitment Specialist,Ats; Employer Branding; Technical Sourcing,Interviewing; Salary Negotiation,5,3,2,40.0,60.0
304834,Baiju Sarkar,IT,Software Engineer,Data Structures; Git; Java; Kubernetes; Python,Ci/Cd; Docker,7,5,2,28.57,71.43
304851,Saksham Cherian,Sales,Account Manager,Account Planning; Crm (Salesforce); Upselling,Client Retention; Contract Negotiation,5,3,2,40.0,60.0
305015,Devansh Kala,HR,Employee Relations,Conflict Resolution; Employment Law; Hr Policies; Investigation,Mediation,5,4,1,20.0,80.0
305281,Biju Mane,Marketing,Content Strategist,Copywriting; Information Architecture; Seo,Content Auditing; User Research,5,3,2,40.0,60.0
305308,Elakshi Kamdar,Sales,Account Manager,Account Planning; Client Retention; Contract Negotiation; Upselling,Crm (Salesforce),5,4,1,20.0,80.0
305331,Elakshi Dhar,Marketing,Marketing Executive,Campaign Management; Google Analytics; Seo,Content Marketing; Digital Marketing,5,3,2,40.0,60.0
305519,Pranay Borra,HR,HR Manager,Employee Relations; Hris; Leadership; Talent Acquisition,Labor Law; Performance Management,6,4,2,33.33,66.67
305557,Shayak Deshpande,IT,Software Engineer,Data Structures; Docker; Git; Java; Kubernetes,Ci/Cd; Python,7,5,2,28.57,71.43
305887,Inaaya  Sha,Finance,Accountant,Auditing; Erp Systems; Excel; Financial Accounting; Quickbooks,Tax Compliance,6,5,1,16.67,83.33
306118,Divit Kamdar,Marketing,SEO Specialist,Backlink Strategy; Html / Css Basics; On-Page Seo,Content Optimization; Google Analytics,5,3,2,40.0,60.0
306124,Uthkarsh Atwal,HR,Recruitment Specialist,Ats; Employer Branding; Interviewing; Salary Negotiation,Technical Sourcing,5,4,1,20.0,80.0
306160,Ahana  Suresh,Sales,Account Manager,Account Planning; Crm (Salesforce); Upselling,Client Retention; Contract Negotiation,5,3,2,40.0,60.0
306244,Kiara Kulkarni,HR,Recruitment Specialist,Ats; Interviewing; Technical Sourcing,Employer Branding; Salary Negotiation,5,3,2,40.0,60.0
306571,Darshit Dara,Marketing,Content Strategist,Copywriting; Information Architecture; Seo,Content Auditing; User Research,5,3,2,40.0,60.0
306594,Nishith Venkatesh,IT,Cybersecurity Specialist,Cryptography; Incident Response; Network Security; Penetration Testing,Python; Siem,6,4,2,33.33,66.67
306666,Uthkarsh Sodhi,Sales,Sales Executive,B2B Sales; Contract Closing; Crm; Lead Generation; Negotiation,Communication,6,5,1,16.67,83.33
306725,Divyansh Goyal,Sales,Account Manager,Client Retention; Contract Negotiation; Crm (Salesforce); Upselling,Account Planning,5,4,1,20.0,80.0
306888,Baiju Gara,Finance,Financial Analyst,Financial Modeling; Forecasting; Power Bi; Sql; Valuation,Excel,6,5,1,16.67,83.33
307039,Indrajit Bali,Finance,Auditor,Compliance; Excel; Risk Assessment,Financial Analysis; Forensic Accounting; Internal Auditing,6,3,3,50.0,50.0
307074,Renee Chatterjee,IT,Software Engineer,Ci/Cd; Data Structures; Java; Kubernetes,Docker; Git; Python,7,4,3,42.86,57.14
307189,Farhan Mandal,HR,HR Manager,Employee Relations; Hris; Labor Law; Leadership; Performance Management,Talent Acquisition,6,5,1,16.67,83.33
307534,Piya Comar,Marketing,SEO Specialist,Backlink Strategy; Content Optimization; Google Analytics; Html / Css Basics,On-Page Seo,5,4,1,20.0,80.0
307543,Shray Gulati,IT,Data Analyst,Power Bi; Python; Statistical Analysis,Excel; Sql; Tableau,6,3,3,50.0,50.0
308039,Rasha Tripathi,Finance,Auditor,Financial Analysis; Forensic Accounting; Risk Assessment,Compliance; Excel; Internal Auditing,6,3,3,50.0,50.0
308048,Dhruv Babu,HR,Recruitment Specialist,Ats; Interviewing; Salary Negotiation; Technical Sourcing,Employer Branding,5,4,1,20.0,80.0
308105,Ayesha Ram,Finance,Auditor,Compliance; Excel; Financial Analysis; Risk Assessment,Forensic Accounting; Internal Auditing,6,4,2,33.33,66.67
308136,Shayak Khare,HR,Employee Relations,Employment Law; Hr Policies; Investigation,Conflict Resolution; Mediation,5,3,2,40.0,60.0
308251,Zoya Bala,Marketing,Marketing Executive,Content Marketing; Digital Marketing,Campaign Management; Google Analytics; Seo,5,2,3,60.0,40.0
308395,Lakshay Chada,HR,Recruitment Specialist,Ats; Interviewing; Salary Negotiation; Technical Sourcing,Employer Branding,5,4,1,20.0,80.0
308533,Baiju De,HR,Recruitment Specialist,Ats; Interviewing; Salary Negotiation,Employer Branding; Technical Sourcing,5,3,2,40.0,60.0
309011,Jivika Sha,HR,Employee Relations,Conflict Resolution; Employment Law; Hr Policies; Investigation,Mediation,5,4,1,20.0,80.0
309326,Madhup Samra,HR,Recruitment Specialist,Employer Branding; Salary Negotiation; Technical Sourcing,Ats; Interviewing,5,3,2,40.0,60.0
310262,Pihu Borra,HR,Recruitment Specialist,Ats; Interviewing; Salary Negotiation; Technical Sourcing,Employer Branding,5,4,1,20.0,80.0
310329,Myra Kashyap,Marketing,SEO Specialist,Backlink Strategy; Content Optimization; On-Page Seo,Google Analytics; Html / Css Basics,5,3,2,40.0,60.0
310803,Inaaya  Yadav,Marketing,Marketing Executive,Campaign Management; Content Marketing; Seo,Digital Marketing; Google Analytics,5,3,2,40.0,60.0
311211,Yuvraj  Swaminathan,Marketing,Content Strategist,Content Auditing; Copywriting; User Research,Information Architecture; Seo,5,3,2,40.0,60.0
311245,Vritika Chaudhari,HR,Recruitment Specialist,Ats; Interviewing; Technical Sourcing,Employer Branding; Salary Negotiation,5,3,2,40.0,60.0
311438,Riaan Krishnan,Marketing,Marketing Executive,Campaign Management; Content Marketing; Google Analytics; Seo,Digital Marketing,5,4,1,20.0,80.0
311532,Drishya Bakshi,HR,HR Manager,Hris; Labor Law; Leadership; Performance Management; Talent Acquisition,Employee Relations,6,5,1,16.67,83.33
311713,Shanaya Krishnan,Finance,Financial Analyst,Excel; Financial Modeling; Forecasting; Sql,Power Bi; Valuation,6,4,2,33.33,66.67
312218,Lavanya Sharaf,Finance,Accountant,Erp Systems; Excel; Quickbooks,Auditing; Financial Accounting; Tax Compliance,6,3,3,50.0,50.0
312278,Emir Goel,Sales,Sales Executive,B2B Sales; Communication; Contract Closing; Lead Generation,Crm; Negotiation,6,4,2,33.33,66.67
312287,Jayesh Sarma,Finance,Auditor,Compliance; Excel; Internal Auditing; Risk Assessment,Financial Analysis; Forensic Accounting,6,4,2,33.33,66.67
312337,Samaira Iyengar,HR,Recruitment Specialist,Ats; Employer Branding; Salary Negotiation,Interviewing; Technical Sourcing,5,3,2,40.0,60.0
312405,Indrans Aurora,Sales,Account Manager,Account Planning; Contract Negotiation; Crm (Salesforce); Upselling,Client Retention,5,4,1,20.0,80.0
312634,Rati Hayer,Finance,Financial Analyst,Financial Modeling; Forecasting; Power Bi; Sql; Valuation,Excel,6,5,1,16.67,83.33
312682,Riaan Sehgal,HR,Employee Relations,Conflict Resolution; Hr Policies; Investigation,Employment Law; Mediation,5,3,2,40.0,60.0
313460,Gatik Kumer,Marketing,Content Strategist,Content Auditing; Seo; User Research,Copywriting; Information Architecture,5,3,2,40.0,60.0
313484,Ojas Bansal,IT,Software Engineer,Ci/Cd; Data Structures; Docker; Git; Java; Kubernetes,Python,7,6,1,14.29,85.71
313636,Jayesh Doctor,Finance,Auditor,Financial Analysis; Forensic Accounting; Risk Assessment,Compliance; Excel; Internal Auditing,6,3,3,50.0,50.0
314014,Neelofar Chakraborty,Sales,Account Manager,Account Planning; Client Retention; Contract Negotiation; Crm (Salesforce),Upselling,5,4,1,20.0,80.0
314234,Taran Magar,Finance,Accountant,Auditing; Erp Systems; Excel; Financial Accounting,Quickbooks; Tax Compliance,6,4,2,33.33,66.67
314260,Hiran Chacko,Sales,Business Development,Market Research; Partnership Development; Pipeline Management; Strategic Pitching,Crm,5,4,1,20.0,80.0
314437,Ishita Brahmbhatt,IT,Cybersecurity Specialist,Cryptography; Incident Response; Penetration Testing; Python; Siem,Network Security,6,5,1,16.67,83.33
314472,Suhana Hans,Finance,Accountant,Excel; Financial Accounting; Quickbooks; Tax Compliance,Auditing; Erp Systems,6,4,2,33.33,66.67
314488,Kiara Yogi,IT,Cybersecurity Specialist,Cryptography; Incident Response; Siem,Network Security; Penetration Testing; Python,6,3,3,50.0,50.0
314593,Raunak Kakar,Finance,Accountant,Auditing; Erp Systems; Quickbooks; Tax Compliance,Excel; Financial Accounting,6,4,2,33.33,66.67
314597,Divij Sagar,Sales,Sales Executive,B2B Sales; Contract Closing; Lead Generation; Negotiation,Communication; Crm,6,4,2,33.33,66.67
314720,Divit Kapur,Sales,Account Manager,Account Planning; Contract Negotiation; Upselling,Client Retention; Crm (Salesforce),5,3,2,40.0,60.0
314725,Miraya Mani,IT,Software Engineer,Ci/Cd; Data Structures; Git; Java,Docker; Kubernetes; Python,7,4,3,42.86,57.14
315163,Mahika Upadhyay,Sales,Sales Executive,Communication; Contract Closing; Crm; Negotiation,B2B Sales; Lead Generation,6,4,2,33.33,66.67
315200,Dhanuk Bal,Sales,Business Development,Crm; Market Research; Strategic Pitching,Partnership Development; Pipeline Management,5,3,2,40.0,60.0
315288,Hansh Kapoor,Sales,Business Development,Crm; Market Research; Partnership Development; Strategic Pitching,Pipeline Management,5,4,1,20.0,80.0
315371,Abram Sankar,IT,Software Engineer,Ci/Cd; Data Structures; Docker; Git; Kubernetes; Python,Java,7,6,1,14.29,85.71
315430,Tushar Bath,Marketing,Marketing Executive,Campaign Management; Content Marketing; Digital Marketing; Seo,Google Analytics,5,4,1,20.0,80.0
315441,Mehul Kamdar,Marketing,Content Strategist,Content Auditing; Information Architecture; Seo,Copywriting; User Research,5,3,2,40.0,60.0
315653,Biju Bajwa,Marketing,Marketing Executive,Content Marketing; Digital Marketing; Google Analytics; Seo,Campaign Management,5,4,1,20.0,80.0
315945,Samiha Rastogi,Finance,Accountant,Auditing; Erp Systems; Excel; Financial Accounting; Tax Compliance,Quickbooks,6,5,1,16.67,83.33
316421,Mahika Taneja,IT,Data Analyst,Excel; Power Bi; Python; Sql; Statistical Analysis,Tableau,6,5,1,16.67,83.33
316427,Renee Mahal,HR,Recruitment Specialist,Ats; Employer Branding; Interviewing; Technical Sourcing,Salary Negotiation,5,4,1,20.0,80.0
316433,Hunar Sarkar,IT,Data Analyst,Excel; Power Bi; Python; Statistical Analysis; Tableau,Sql,6,5,1,16.67,83.33
316519,Ehsaan Sant,HR,Recruitment Specialist,Ats; Interviewing; Salary Negotiation; Technical Sourcing,Employer Branding,5,4,1,20.0,80.0
317022,Akarsh Behl,IT,Software Engineer,Ci/Cd; Docker; Git; Java; Kubernetes; Python,Data Structures,7,6,1,14.29,85.71
317218,Samar Wali,Finance,Auditor,Excel; Forensic Accounting; Internal Auditing; Risk Assessment,Compliance; Financial Analysis,6,4,2,33.33,66.67
317578,Jivika Bhalla,HR,Recruitment Specialist,Employer Branding; Interviewing; Technical Sourcing,Ats; Salary Negotiation,5,3,2,40.0,60.0
317649,Samar Choudhury,Marketing,Content Strategist,Copywriting; Information Architecture; Seo,Content Auditing; User Research,5,3,2,40.0,60.0
318048,Ira Thakkar,IT,Cybersecurity Specialist,Incident Response; Network Security; Penetration Testing,Cryptography; Python; Siem,6,3,3,50.0,50.0
318172,Gatik Luthra,IT,Cybersecurity Specialist,Cryptography; Incident Response; Network Security; Penetration Testing; Python,Siem,6,5,1,16.67,83.33
318462,Dhanush Boase,Sales,Sales Executive,B2B Sales; Communication; Contract Closing; Negotiation,Crm; Lead Generation,6,4,2,33.33,66.67
318631,Keya Majumdar,HR,HR Manager,Employee Relations; Hris; Labor Law; Leadership; Performance Management,Talent Acquisition,6,5,1,16.67,83.33
318850,Farhan Chada,IT,Software Engineer,Data Structures; Docker; Kubernetes; Python,Ci/Cd; Git; Java,7,4,3,42.86,57.14
318895,Nirvaan Badal,HR,HR Manager,Employee Relations; Leadership; Performance Management,Hris; Labor Law; Talent Acquisition,6,3,3,50.0,50.0
319256,Taimur Balasubramanian,Sales,Business Development,Market Research; Partnership Development; Strategic Pitching,Crm; Pipeline Management,5,3,2,40.0,60.0
319347,Shayak Chanda,IT,Software Engineer,Data Structures; Docker; Git; Kubernetes; Python,Ci/Cd; Java,7,5,2,28.57,71.43
319589,Aarav Dugar,Sales,Account Manager,Account Planning; Client Retention; Crm (Salesforce),Contract Negotiation; Upselling,5,3,2,40.0,60.0
319676,Ishita Bhatti,Sales,Sales Executive,B2B Sales; Communication; Crm; Lead Generation; Negotiation,Contract Closing,6,5,1,16.67,83.33
319787,Amani Babu,Finance,Accountant,Auditing; Erp Systems; Excel; Tax Compliance,Financial Accounting; Quickbooks,6,4,2,33.33,66.67
320211,Yuvraj  Keer,HR,Recruitment Specialist,Ats; Salary Negotiation; Technical Sourcing,Employer Branding; Interviewing,5,3,2,40.0,60.0
320337,Emir Kurian,Marketing,Marketing Executive,Campaign Management; Content Marketing; Digital Marketing; Seo,Google Analytics,5,4,1,20.0,80.0
320412,Hrishita Kamdar,HR,Employee Relations,Employment Law; Hr Policies; Investigation; Mediation,Conflict Resolution,5,4,1,20.0,80.0
320541,Shray Reddy,HR,Employee Relations,Employment Law; Hr Policies; Investigation,Conflict Resolution; Mediation,5,3,2,40.0,60.0
320741,Aaina Karnik,Finance,Auditor,Excel; Financial Analysis; Forensic Accounting; Internal Auditing; Risk Assessment,Compliance,6,5,1,16.67,83.33
320979,Zara Barad,HR,Recruitment Specialist,Employer Branding; Interviewing; Technical Sourcing,Ats; Salary Negotiation,5,3,2,40.0,60.0
321003,Nitara Buch,Sales,Sales Executive,B2B Sales; Communication; Crm; Lead Generation,Contract Closing; Negotiation,6,4,2,33.33,66.67
321762,Dishani Buch,IT,Cybersecurity Specialist,Cryptography; Python; Siem,Incident Response; Network Security; Penetration Testing,6,3,3,50.0,50.0
322000,Mamooty Kalita,Sales,Business Development,Crm; Market Research; Pipeline Management; Strategic Pitching,Partnership Development,5,4,1,20.0,80.0
322135,Ivan Ravel,Marketing,Content Strategist,Copywriting; Information Architecture; Seo; User Research,Content Auditing,5,4,1,20.0,80.0
322196,Nehmat Samra,IT,Data Analyst,Excel; Power Bi; Python; Sql; Statistical Analysis,Tableau,6,5,1,16.67,83.33
322211,Misha Chokshi,Sales,Business Development,Crm; Market Research; Pipeline Management; Strategic Pitching,Partnership Development,5,4,1,20.0,80.0
322253,Pranay Mander,Finance,Accountant,Auditing; Excel; Financial Accounting; Quickbooks,Erp Systems; Tax Compliance,6,4,2,33.33,66.67
322452,Darshit Gour,IT,Data Analyst,Power Bi; Python; Sql; Statistical Analysis; Tableau,Excel,6,5,1,16.67,83.33
322501,Dishani Tata,Finance,Financial Analyst,Excel; Forecasting; Power Bi,Financial Modeling; Sql; Valuation,6,3,3,50.0,50.0
322502,Anaya Loke,Marketing,Marketing Executive,Campaign Management; Content Marketing; Digital Marketing; Google Analytics,Seo,5,4,1,20.0,80.0
322688,Romil Sachdev,Finance,Accountant,Auditing; Erp Systems; Tax Compliance,Excel; Financial Accounting; Quickbooks,6,3,3,50.0,50.0
322714,Tejas Sangha,Finance,Financial Analyst,Excel; Financial Modeling; Power Bi; Valuation,Forecasting; Sql,6,4,2,33.33,66.67
322718,Vedika Kala,HR,Employee Relations,Conflict Resolution; Employment Law; Investigation; Mediation,Hr Policies,5,4,1,20.0,80.0
322852,Chirag Karnik,Marketing,SEO Specialist,Content Optimization; Google Analytics; Html / Css Basics; On-Page Seo,Backlink Strategy,5,4,1,20.0,80.0
322870,Shanaya Agate,Finance,Accountant,Erp Systems; Quickbooks; Tax Compliance,Auditing; Excel; Financial Accounting,6,3,3,50.0,50.0
323181,Zain Raja,Marketing,SEO Specialist,Backlink Strategy; Content Optimization; On-Page Seo,Google Analytics; Html / Css Basics,5,3,2,40.0,60.0
323227,Kiaan Goyal,Finance,Financial Analyst,Excel; Financial Modeling; Forecasting; Sql; Valuation,Power Bi,6,5,1,16.67,83.33
323326,Nirvi Buch,Marketing,SEO Specialist,Content Optimization; Google Analytics; Html / Css Basics; On-Page Seo,Backlink Strategy,5,4,1,20.0,80.0
323646,Lagan Lal,IT,Software Engineer,Git; Java; Kubernetes; Python,Ci/Cd; Data Structures; Docker,7,4,3,42.86,57.14
323829,Nishith Dhar,Marketing,SEO Specialist,Backlink Strategy; Content Optimization; Google Analytics; Html / Css Basics,On-Page Seo,5,4,1,20.0,80.0
323889,Adira Kumar,Finance,Accountant,Erp Systems; Excel; Financial Accounting; Quickbooks; Tax Compliance,Auditing,6,5,1,16.67,83.33
323997,Hansh Buch,IT,Software Engineer,Data Structures; Git; Java; Kubernetes,Ci/Cd; Docker; Python,7,4,3,42.86,57.14
324049,Suhana Dube,HR,Recruitment Specialist,Ats; Employer Branding; Interviewing; Salary Negotiation,Technical Sourcing,5,4,1,20.0,80.0
324224,Kimaya Kala,Finance,Auditor,Excel; Internal Auditing; Risk Assessment,Compliance; Financial Analysis; Forensic Accounting,6,3,3,50.0,50.0
324244,Yuvraj  Sha,Marketing,Content Strategist,Content Auditing; Seo; User Research,Copywriting; Information Architecture,5,3,2,40.0,60.0
324259,Chirag Sachdev,HR,HR Manager,Employee Relations; Hris; Labor Law; Performance Management; Talent Acquisition,Leadership,6,5,1,16.67,83.33
324262,Mamooty Virk,Finance,Accountant,Erp Systems; Excel; Financial Accounting; Quickbooks; Tax Compliance,Auditing,6,5,1,16.67,83.33
324323,Jiya Rama,Sales,Business Development,Market Research; Partnership Development; Pipeline Management; Strategic Pitching,Crm,5,4,1,20.0,80.0
324408,Tushar Sunder,IT,Cybersecurity Specialist,Incident Response; Network Security; Python; Siem,Cryptography; Penetration Testing,6,4,2,33.33,66.67
324427,Divij Randhawa,Finance,Financial Analyst,Forecasting; Power Bi; Sql; Valuation,Excel; Financial Modeling,6,4,2,33.33,66.67
325278,Tanya Hegde,Sales,Account Manager,Account Planning; Contract Negotiation; Upselling,Client Retention; Crm (Salesforce),5,3,2,40.0,60.0
325377,Aarav Mall,Sales,Sales Executive,B2B Sales; Communication; Contract Closing; Negotiation,Crm; Lead Generation,6,4,2,33.33,66.67
325523,Mishti Krishnan,IT,Software Engineer,Ci/Cd; Data Structures; Docker; Git; Kubernetes; Python,Java,7,6,1,14.29,85.71
325537,Renee Issac,IT,Data Analyst,Power Bi; Python; Statistical Analysis; Tableau,Excel; Sql,6,4,2,33.33,66.67
325646,Sara Sen,IT,Cybersecurity Specialist,Cryptography; Incident Response; Penetration Testing; Python; Siem,Network Security,6,5,1,16.67,83.33
325754,Vaibhav Bhargava,Finance,Financial Analyst,Excel; Financial Modeling; Forecasting; Power Bi; Sql,Valuation,6,5,1,16.67,83.33
325772,Hansh Yadav,Finance,Accountant,Auditing; Erp Systems; Excel; Tax Compliance,Financial Accounting; Quickbooks,6,4,2,33.33,66.67
325961,Ahana  Sunder,Sales,Business Development,Market Research; Partnership Development; Strategic Pitching,Crm; Pipeline Management,5,3,2,40.0,60.0
325975,Aaina Dhaliwal,IT,Cybersecurity Specialist,Cryptography; Incident Response; Python; Siem,Network Security; Penetration Testing,6,4,2,33.33,66.67
326079,Advik Comar,Sales,Account Manager,Account Planning; Contract Negotiation,Client Retention; Crm (Salesforce); Upselling,5,2,3,60.0,40.0
326256,Hansh Shanker,Finance,Auditor,Excel; Financial Analysis; Forensic Accounting,Compliance; Internal Auditing; Risk Assessment,6,3,3,50.0,50.0
326266,Madhup Shankar,HR,Recruitment Specialist,Ats; Interviewing; Technical Sourcing,Employer Branding; Salary Negotiation,5,3,2,40.0,60.0
326270,Samiha Bhattacharyya,Marketing,Content Strategist,Information Architecture; Seo; User Research,Content Auditing; Copywriting,5,3,2,40.0,60.0
326517,Ira Yadav,Finance,Financial Analyst,Forecasting; Power Bi; Valuation,Excel; Financial Modeling; Sql,6,3,3,50.0,50.0
326562,Ela Bora,IT,Data Analyst,Excel; Python; Sql; Tableau,Power Bi; Statistical Analysis,6,4,2,33.33,66.67
326824,Arnav Dhaliwal,Marketing,Content Strategist,Content Auditing; Information Architecture; Seo; User Research,Copywriting,5,4,1,20.0,80.0
326885,Kiaan Goswami,IT,Cybersecurity Specialist,Cryptography; Incident Response; Network Security; Penetration Testing,Python; Siem,6,4,2,33.33,66.67
326916,Nitya Hayre,Finance,Accountant,Auditing; Erp Systems; Excel; Quickbooks; Tax Compliance,Financial Accounting,6,5,1,16.67,83.33
327094,Anaya Bhat,Sales,Business Development,Crm; Market Research; Pipeline Management; Strategic Pitching,Partnership Development,5,4,1,20.0,80.0
327109,Arhaan Bali,Sales,Sales Executive,Contract Closing; Lead Generation; Negotiation,B2B Sales; Communication; Crm,6,3,3,50.0,50.0
327111,Piya Boase,HR,HR Manager,Employee Relations; Labor Law; Leadership; Performance Management; Talent Acquisition,Hris,6,5,1,16.67,83.33
327132,Aradhya Virk,Sales,Sales Executive,B2B Sales; Communication; Contract Closing; Crm; Negotiation,Lead Generation,6,5,1,16.67,83.33
327292,Bhavin Roy,IT,Data Analyst,Power Bi; Sql; Statistical Analysis; Tableau,Excel; Python,6,4,2,33.33,66.67
327633,Sahil Saini,HR,HR Manager,Employee Relations; Labor Law; Leadership; Performance Management,Hris; Talent Acquisition,6,4,2,33.33,66.67
327641,Akarsh Kara,HR,HR Manager,Labor Law; Leadership; Performance Management; Talent Acquisition,Employee Relations; Hris,6,4,2,33.33,66.67
327774,Darshit Walia,IT,Cybersecurity Specialist,Incident Response; Network Security; Python; Siem,Cryptography; Penetration Testing,6,4,2,33.33,66.67
327931,Sara Agate,Marketing,SEO Specialist,Backlink Strategy; Content Optimization; Google Analytics; On-Page Seo,Html / Css Basics,5,4,1,20.0,80.0
328148,Zeeshan Dyal,Sales,Business Development,Crm; Market Research; Partnership Development,Pipeline Management; Strategic Pitching,5,3,2,40.0,60.0
328197,Veer Rau,HR,Recruitment Specialist,Ats; Employer Branding; Interviewing; Technical Sourcing,Salary Negotiation,5,4,1,20.0,80.0
328589,Kartik Ramakrishnan,Marketing,SEO Specialist,Backlink Strategy; Content Optimization; Google Analytics; Html / Css Basics,On-Page Seo,5,4,1,20.0,80.0
328602,Lakshit Kant,Marketing,Content Strategist,Content Auditing; Copywriting; Information Architecture; Seo,User Research,5,4,1,20.0,80.0
328735,Bhamini Balakrishnan,Finance,Financial Analyst,Excel; Financial Modeling; Forecasting; Power Bi; Sql,Valuation,6,5,1,16.67,83.33
329092,Priyansh Mangal,IT,Cybersecurity Specialist,Cryptography; Incident Response; Penetration Testing; Python; Siem,Network Security,6,5,1,16.67,83.33
329252,Aniruddh Luthra,Finance,Accountant,Auditing; Excel; Financial Accounting; Quickbooks; Tax Compliance,Erp Systems,6,5,1,16.67,83.33
329274,Mishti Sachdeva,HR,Employee Relations,Conflict Resolution; Employment Law; Hr Policies; Mediation,Investigation,5,4,1,20.0,80.0
329309,Samarth Srinivas,Marketing,Content Strategist,Information Architecture; Seo,Content Auditing; Copywriting; User Research,5,2,3,60.0,40.0
329541,Shamik Goda,Sales,Sales Executive,B2B Sales; Lead Generation; Negotiation,Communication; Contract Closing; Crm,6,3,3,50.0,50.0
329786,Adira Saraf,Marketing,Content Strategist,Content Auditing; Copywriting; Information Architecture; Seo,User Research,5,4,1,20.0,80.0
330044,Nitara Lad,HR,Employee Relations,Conflict Resolution; Employment Law; Hr Policies; Mediation,Investigation,5,4,1,20.0,80.0
330405,Fateh Ganesh,HR,Recruitment Specialist,Salary Negotiation; Technical Sourcing,Ats; Employer Branding; Interviewing,5,2,3,60.0,40.0
330511,Zaina Basak,Sales,Sales Executive,B2B Sales; Lead Generation; Negotiation,Communication; Contract Closing; Crm,6,3,3,50.0,50.0
330766,Navya Sant,Finance,Financial Analyst,Excel; Forecasting; Power Bi; Sql; Valuation,Financial Modeling,6,5,1,16.67,83.33
330944,Kiara Kanda,Sales,Account Manager,Account Planning; Contract Negotiation,Client Retention; Crm (Salesforce); Upselling,5,2,3,60.0,40.0
331070,Manikya Kalla,Sales,Account Manager,Account Planning; Client Retention; Contract Negotiation; Crm (Salesforce),Upselling,5,4,1,20.0,80.0
331236,Shanaya Keer,Finance,Accountant,Auditing; Erp Systems; Excel; Quickbooks,Financial Accounting; Tax Compliance,6,4,2,33.33,66.67
331293,Saanvi Loke,HR,Employee Relations,Conflict Resolution; Employment Law; Investigation,Hr Policies; Mediation,5,3,2,40.0,60.0
331329,Aarush Luthra,IT,Data Analyst,Power Bi; Statistical Analysis; Tableau,Excel; Python; Sql,6,3,3,50.0,50.0
331366,Aaina Aurora,HR,Employee Relations,Conflict Resolution; Employment Law; Hr Policies; Investigation,Mediation,5,4,1,20.0,80.0
331689,Vaibhav Deshmukh,HR,HR Manager,Employee Relations; Hris; Leadership; Performance Management,Labor Law; Talent Acquisition,6,4,2,33.33,66.67
331709,Anika Raj,IT,Cybersecurity Specialist,Cryptography; Incident Response; Network Security; Python; Siem,Penetration Testing,6,5,1,16.67,83.33
331817,Yuvaan Mani,Sales,Business Development,Partnership Development; Pipeline Management; Strategic Pitching,Crm; Market Research,5,3,2,40.0,60.0
331821,Hansh Joshi,Sales,Sales Executive,B2B Sales; Communication; Crm; Lead Generation; Negotiation,Contract Closing,6,5,1,16.67,83.33
331851,Seher Chad,Finance,Auditor,Compliance; Excel; Financial Analysis; Internal Auditing; Risk Assessment,Forensic Accounting,6,5,1,16.67,83.33
331877,Mahika Ganguly,Finance,Accountant,Auditing; Erp Systems; Financial Accounting; Quickbooks; Tax Compliance,Excel,6,5,1,16.67,83.33
331999,Neelofar Deep,Marketing,SEO Specialist,Backlink Strategy; Content Optimization; Google Analytics,Html / Css Basics; On-Page Seo,5,3,2,40.0,60.0
332292,Ryan Karnik,IT,Cybersecurity Specialist,Incident Response; Network Security; Python; Siem,Cryptography; Penetration Testing,6,4,2,33.33,66.67
332355,Ivan Dara,HR,HR Manager,Employee Relations; Hris; Labor Law; Leadership; Performance Management,Talent Acquisition,6,5,1,16.67,83.33
333080,Anya Aggarwal,Sales,Business Development,Crm; Market Research; Pipeline Management; Strategic Pitching,Partnership Development,5,4,1,20.0,80.0
333098,Suhana Sethi,Finance,Financial Analyst,Excel; Financial Modeling; Forecasting; Power Bi; Valuation,Sql,6,5,1,16.67,83.33
333120,Divit Kaul,HR,Recruitment Specialist,Ats; Employer Branding; Technical Sourcing,Interviewing; Salary Negotiation,5,3,2,40.0,60.0
333194,Chirag Vohra,Sales,Business Development,Crm; Market Research; Pipeline Management; Strategic Pitching,Partnership Development,5,4,1,20.0,80.0
333263,Damini Taneja,Marketing,SEO Specialist,Backlink Strategy; Content Optimization; Html / Css Basics,Google Analytics; On-Page Seo,5,3,2,40.0,60.0
333437,Jayan Borah,Marketing,Content Strategist,Copywriting; Information Architecture; Seo,Content Auditing; User Research,5,3,2,40.0,60.0
334087,Gokul Bhatt,Sales,Business Development,Market Research; Partnership Development; Pipeline Management; Strategic Pitching,Crm,5,4,1,20.0,80.0
334126,Bhamini De,Sales,Account Manager,Contract Negotiation; Crm (Salesforce); Upselling,Account Planning; Client Retention,5,3,2,40.0,60.0
334951,Ira Chander,HR,Employee Relations,Conflict Resolution; Hr Policies; Investigation,Employment Law; Mediation,5,3,2,40.0,60.0
335076,Riaan Suri,Sales,Business Development,Market Research; Partnership Development; Strategic Pitching,Crm; Pipeline Management,5,3,2,40.0,60.0
335208,Mishti Ganguly,HR,Recruitment Specialist,Employer Branding; Interviewing; Salary Negotiation; Technical Sourcing,Ats,5,4,1,20.0,80.0
335290,Hiran Walia,IT,Software Engineer,Ci/Cd; Data Structures; Docker; Git; Java,Kubernetes; Python,7,5,2,28.57,71.43
335553,Ishaan Ravel,IT,Software Engineer,Ci/Cd; Data Structures; Java; Kubernetes,Docker; Git; Python,7,4,3,42.86,57.14
336270,Jivika Sule,IT,Cybersecurity Specialist,Cryptography; Incident Response; Network Security; Penetration Testing; Python,Siem,6,5,1,16.67,83.33
336301,Neelofar Choudhury,Marketing,SEO Specialist,Backlink Strategy; Google Analytics; Html / Css Basics; On-Page Seo,Content Optimization,5,4,1,20.0,80.0
336606,Elakshi Bajwa,HR,Recruitment Specialist,Ats; Interviewing; Salary Negotiation; Technical Sourcing,Employer Branding,5,4,1,20.0,80.0
336865,Manikya Choudhary,Sales,Account Manager,Account Planning; Client Retention; Contract Negotiation; Crm (Salesforce),Upselling,5,4,1,20.0,80.0
336895,Adah Sagar,Sales,Account Manager,Account Planning; Client Retention; Crm (Salesforce); Upselling,Contract Negotiation,5,4,1,20.0,80.0
336947,Eshani Dubey,IT,Software Engineer,Ci/Cd; Docker; Java; Kubernetes; Python,Data Structures; Git,7,5,2,28.57,71.43
337244,Ela Gole,Sales,Sales Executive,B2B Sales; Communication; Contract Closing; Crm,Lead Generation; Negotiation,6,4,2,33.33,66.67
337428,Gatik Sule,IT,Cybersecurity Specialist,Cryptography; Network Security; Python,Incident Response; Penetration Testing; Siem,6,3,3,50.0,50.0
337492,Mannat Bhasin,Sales,Account Manager,Account Planning; Client Retention; Crm (Salesforce),Contract Negotiation; Upselling,5,3,2,40.0,60.0
337519,Ela Mallick,HR,Employee Relations,Employment Law; Hr Policies; Investigation,Conflict Resolution; Mediation,5,3,2,40.0,60.0
337652,Dhruv Kapur,Finance,Accountant,Erp Systems; Excel; Quickbooks; Tax Compliance,Auditing; Financial Accounting,6,4,2,33.33,66.67
337917,Yasmin Yohannan,Marketing,Marketing Executive,Content Marketing; Seo,Campaign Management; Digital Marketing; Google Analytics,5,2,3,60.0,40.0
338202,Rasha Deshpande,HR,Recruitment Specialist,Ats; Employer Branding; Interviewing; Salary Negotiation,Technical Sourcing,5,4,1,20.0,80.0
338231,Pranay Sen,IT,Software Engineer,Data Structures; Docker; Git; Kubernetes,Ci/Cd; Java; Python,7,4,3,42.86,57.14
338324,Anahita Venkatesh,Sales,Business Development,Market Research; Pipeline Management; Strategic Pitching,Crm; Partnership Development,5,3,2,40.0,60.0
339073,Emir Walla,Finance,Auditor,Compliance; Excel; Forensic Accounting,Financial Analysis; Internal Auditing; Risk Assessment,6,3,3,50.0,50.0
339123,Reyansh Sharma,Sales,Business Development,Pipeline Management; Strategic Pitching,Crm; Market Research; Partnership Development,5,2,3,60.0,40.0
339127,Oorja Kamdar,HR,Employee Relations,Conflict Resolution; Hr Policies; Investigation; Mediation,Employment Law,5,4,1,20.0,80.0
339439,Pari Goswami,Marketing,Marketing Executive,Campaign Management; Content Marketing; Google Analytics; Seo,Digital Marketing,5,4,1,20.0,80.0
339528,Fateh Sharma,IT,Software Engineer,Data Structures; Docker; Java; Kubernetes; Python,Ci/Cd; Git,7,5,2,28.57,71.43
339624,Miraya Salvi,HR,HR Manager,Employee Relations; Leadership; Performance Management; Talent Acquisition,Hris; Labor Law,6,4,2,33.33,66.67
339653,Charvi Kapadia,Marketing,Content Strategist,Copywriting; Seo,Content Auditing; Information Architecture; User Research,5,2,3,60.0,40.0
339655,Romil Shere,Marketing,Content Strategist,Copywriting; Seo; User Research,Content Auditing; Information Architecture,5,3,2,40.0,60.0
339677,Aniruddh Verma,HR,Employee Relations,Conflict Resolution; Hr Policies; Investigation,Employment Law; Mediation,5,3,2,40.0,60.0
339906,Shanaya Tandon,Sales,Business Development,Crm; Market Research; Partnership Development; Strategic Pitching,Pipeline Management,5,4,1,20.0,80.0
340028,Badal Bail,HR,HR Manager,Employee Relations; Hris; Labor Law; Performance Management,Leadership; Talent Acquisition,6,4,2,33.33,66.67
340172,Uthkarsh Kaur,IT,Data Analyst,Power Bi; Python; Statistical Analysis; Tableau,Excel; Sql,6,4,2,33.33,66.67
340413,Rhea Sahni,IT,Software Engineer,Ci/Cd; Docker; Git; Java; Python,Data Structures; Kubernetes,7,5,2,28.57,71.43
340579,Ahana  Chander,HR,Recruitment Specialist,Ats; Interviewing; Salary Negotiation; Technical Sourcing,Employer Branding,5,4,1,20.0,80.0
340732,Divij Lal,Marketing,SEO Specialist,Backlink Strategy; Google Analytics; On-Page Seo,Content Optimization; Html / Css Basics,5,3,2,40.0,60.0
341103,Sara Sachar,HR,Recruitment Specialist,Ats; Employer Branding; Interviewing; Salary Negotiation,Technical Sourcing,5,4,1,20.0,80.0
341217,Sana Mallick,IT,Data Analyst,Excel; Power Bi; Sql; Statistical Analysis; Tableau,Python,6,5,1,16.67,83.33
341374,Saira Dey,Finance,Auditor,Compliance; Excel; Forensic Accounting; Risk Assessment,Financial Analysis; Internal Auditing,6,4,2,33.33,66.67
341915,Umang Jha,Finance,Financial Analyst,Excel; Sql; Valuation,Financial Modeling; Forecasting; Power Bi,6,3,3,50.0,50.0
342115,Vritika Bakshi,IT,Software Engineer,Ci/Cd; Data Structures; Git; Kubernetes; Python,Docker; Java,7,5,2,28.57,71.43
342334,Manjari Shankar,Finance,Financial Analyst,Excel; Financial Modeling; Forecasting; Sql; Valuation,Power Bi,6,5,1,16.67,83.33
342453,Tara Bal,Finance,Accountant,Excel; Financial Accounting; Quickbooks; Tax Compliance,Auditing; Erp Systems,6,4,2,33.33,66.67
342610,Mamooty De,IT,Software Engineer,Ci/Cd; Data Structures; Docker; Git; Python,Java; Kubernetes,7,5,2,28.57,71.43
343042,Pari Krish,Marketing,Content Strategist,Copywriting; Information Architecture; Seo; User Research,Content Auditing,5,4,1,20.0,80.0
343070,Jayant Devi,Sales,Account Manager,Client Retention; Contract Negotiation; Upselling,Account Planning; Crm (Salesforce),5,3,2,40.0,60.0
343205,Dishani Andra,HR,Employee Relations,Conflict Resolution; Employment Law; Hr Policies; Mediation,Investigation,5,4,1,20.0,80.0
343258,Saksham Khalsa,IT,Cybersecurity Specialist,Incident Response; Network Security; Penetration Testing; Python,Cryptography; Siem,6,4,2,33.33,66.67
343615,Manjari Chand,HR,Recruitment Specialist,Ats; Employer Branding; Interviewing; Salary Negotiation,Technical Sourcing,5,4,1,20.0,80.0
343759,Aayush Apte,Sales,Sales Executive,Communication; Crm; Negotiation,B2B Sales; Contract Closing; Lead Generation,6,3,3,50.0,50.0
343833,Drishya Dubey,IT,Software Engineer,Ci/Cd; Data Structures; Git; Java,Docker; Kubernetes; Python,7,4,3,42.86,57.14
344341,Renee Sandhu,Sales,Account Manager,Account Planning; Crm (Salesforce),Client Retention; Contract Negotiation; Upselling,5,2,3,60.0,40.0
344490,Jayesh Ganesh,Sales,Sales Executive,B2B Sales; Communication; Contract Closing; Crm; Lead Generation; Negotiation,,6,6,0,0.0,100.0
344541,Hansh Barad,IT,Data Analyst,Excel; Power Bi; Sql; Tableau,Python; Statistical Analysis,6,4,2,33.33,66.67
344629,Sahil Dave,Marketing,SEO Specialist,Backlink Strategy; Content Optimization; Google Analytics; Html / Css Basics,On-Page Seo,5,4,1,20.0,80.0
344633,Zoya Agate,Finance,Accountant,Auditing; Erp Systems; Excel; Quickbooks,Financial Accounting; Tax Compliance,6,4,2,33.33,66.67
344684,Miraya Bala,IT,Data Analyst,Excel; Power Bi; Sql; Statistical Analysis,Python; Tableau,6,4,2,33.33,66.67
344708,Ryan Rastogi,Finance,Financial Analyst,Financial Modeling; Forecasting; Power Bi; Sql,Excel; Valuation,6,4,2,33.33,66.67
344955,Saksham Bali,IT,Software Engineer,Ci/Cd; Data Structures; Docker; Kubernetes,Git; Java; Python,7,4,3,42.86,57.14
345179,Neelofar Chowdhury,Sales,Business Development,Crm; Market Research; Partnership Development; Strategic Pitching,Pipeline Management,5,4,1,20.0,80.0
345269,Anay Bali,IT,Data Analyst,Power Bi; Python; Sql; Statistical Analysis; Tableau,Excel,6,5,1,16.67,83.33
345340,Ehsaan Gara,Sales,Account Manager,Account Planning; Client Retention; Crm (Salesforce); Upselling,Contract Negotiation,5,4,1,20.0,80.0
345843,Advik Vasa,Sales,Sales Executive,Communication; Contract Closing; Lead Generation; Negotiation,B2B Sales; Crm,6,4,2,33.33,66.67
346443,Rania Garg,IT,Software Engineer,Ci/Cd; Docker; Git; Kubernetes; Python,Data Structures; Java,7,5,2,28.57,71.43
346485,Dhruv Bali,IT,Data Analyst,Excel; Power Bi; Python; Statistical Analysis; Tableau,Sql,6,5,1,16.67,83.33
346594,Parinaaz Singh,Marketing,SEO Specialist,Content Optimization; Google Analytics; Html / Css Basics; On-Page Seo,Backlink Strategy,5,4,1,20.0,80.0
346676,Madhav Shan,IT,Data Analyst,Excel; Power Bi; Python; Statistical Analysis; Tableau,Sql,6,5,1,16.67,83.33
346681,Romil Tak,IT,Cybersecurity Specialist,Incident Response; Penetration Testing; Python; Siem,Cryptography; Network Security,6,4,2,33.33,66.67
347839,Lagan Jain,Finance,Auditor,Compliance; Internal Auditing; Risk Assessment,Excel; Financial Analysis; Forensic Accounting,6,3,3,50.0,50.0
347937,Onkar Balakrishnan,HR,Employee Relations,Conflict Resolution; Employment Law; Hr Policies; Mediation,Investigation,5,4,1,20.0,80.0
348440,Aarush Gaba,IT,Data Analyst,Power Bi; Sql; Tableau,Excel; Python; Statistical Analysis,6,3,3,50.0,50.0
348494,Suhana Deep,Marketing,Content Strategist,Copywriting; Information Architecture,Content Auditing; Seo; User Research,5,2,3,60.0,40.0
348638,Divij Saha,Finance,Auditor,Excel; Forensic Accounting; Internal Auditing; Risk Assessment,Compliance; Financial Analysis,6,4,2,33.33,66.67
349019,Riya Mangal,Marketing,Content Strategist,Content Auditing; User Research,Copywriting; Information Architecture; Seo,5,2,3,60.0,40.0
349070,Elakshi Raj,IT,Data Analyst,Sql; Statistical Analysis; Tableau,Excel; Power Bi; Python,6,3,3,50.0,50.0
349090,Inaaya  Doctor,Finance,Auditor,Financial Analysis; Internal Auditing; Risk Assessment,Compliance; Excel; Forensic Accounting,6,3,3,50.0,50.0
349858,Prisha Chanda,Sales,Account Manager,Client Retention; Crm (Salesforce); Upselling,Account Planning; Contract Negotiation,5,3,2,40.0,60.0
350327,Kismat Doshi,HR,HR Manager,Labor Law; Leadership; Performance Management; Talent Acquisition,Employee Relations; Hris,6,4,2,33.33,66.67
350626,Kanav Lanka,Finance,Accountant,Auditing; Erp Systems; Excel; Financial Accounting; Tax Compliance,Quickbooks,6,5,1,16.67,83.33
350772,Emir Bobal,IT,Data Analyst,Power Bi; Python; Statistical Analysis,Excel; Sql; Tableau,6,3,3,50.0,50.0
351523,Mehul Dyal,IT,Cybersecurity Specialist,Cryptography; Incident Response; Network Security; Penetration Testing,Python; Siem,6,4,2,33.33,66.67
351552,Farhan Raj,Finance,Accountant,Auditing; Erp Systems; Excel; Quickbooks,Financial Accounting; Tax Compliance,6,4,2,33.33,66.67
351873,Prisha Borra,Sales,Account Manager,Account Planning; Client Retention; Contract Negotiation; Crm (Salesforce),Upselling,5,4,1,20.0,80.0
352450,Mishti Chacko,IT,Cybersecurity Specialist,Cryptography; Network Security; Penetration Testing; Python; Siem,Incident Response,6,5,1,16.67,83.33
352571,Sara Johal,HR,Employee Relations,Conflict Resolution; Employment Law; Investigation; Mediation,Hr Policies,5,4,1,20.0,80.0
352637,Raunak Shetty,Marketing,Marketing Executive,Content Marketing; Digital Marketing; Google Analytics; Seo,Campaign Management,5,4,1,20.0,80.0
353047,Advika Venkatesh,Sales,Business Development,Crm; Market Research; Partnership Development; Strategic Pitching,Pipeline Management,5,4,1,20.0,80.0
353323,Bhavin Bandi,HR,HR Manager,Employee Relations; Labor Law; Leadership; Performance Management,Hris; Talent Acquisition,6,4,2,33.33,66.67
353340,Anika Gole,Sales,Business Development,Market Research; Partnership Development; Pipeline Management; Strategic Pitching,Crm,5,4,1,20.0,80.0
353447,Tarini Bala,Finance,Accountant,Auditing; Excel; Financial Accounting; Quickbooks,Erp Systems; Tax Compliance,6,4,2,33.33,66.67
353599,Shaan Balakrishnan,IT,Data Analyst,Excel; Power Bi; Python; Sql; Statistical Analysis,Tableau,6,5,1,16.67,83.33
354063,Akarsh Raj,Finance,Auditor,Compliance; Forensic Accounting; Internal Auditing; Risk Assessment,Excel; Financial Analysis,6,4,2,33.33,66.67
354103,Yuvraj  Sani,IT,Software Engineer,Ci/Cd; Data Structures; Docker; Git; Java; Python,Kubernetes,7,6,1,14.29,85.71
354274,Divit Mand,Marketing,Marketing Executive,Digital Marketing; Google Analytics; Seo,Campaign Management; Content Marketing,5,3,2,40.0,60.0
354340,Shalv Dhar,Marketing,SEO Specialist,Backlink Strategy; Content Optimization,Google Analytics; Html / Css Basics; On-Page Seo,5,2,3,60.0,40.0
354506,Elakshi Venkataraman,HR,Recruitment Specialist,Employer Branding; Interviewing; Salary Negotiation; Technical Sourcing,Ats,5,4,1,20.0,80.0
354554,Baiju Reddy,Sales,Sales Executive,B2B Sales; Communication; Crm; Lead Generation; Negotiation,Contract Closing,6,5,1,16.67,83.33
354639,Neelofar Sethi,HR,HR Manager,Employee Relations; Hris; Labor Law; Leadership; Talent Acquisition,Performance Management,6,5,1,16.67,83.33
354777,Yashvi Yohannan,Marketing,Marketing Executive,Digital Marketing; Google Analytics,Campaign Management; Content Marketing; Seo,5,2,3,60.0,40.0
354936,Jivin Kade,Marketing,SEO Specialist,Backlink Strategy; Content Optimization; Google Analytics; Html / Css Basics,On-Page Seo,5,4,1,20.0,80.0
355253,Siya Krish,Sales,Sales Executive,Communication; Contract Closing; Crm; Lead Generation,B2B Sales; Negotiation,6,4,2,33.33,66.67
355668,Hansh Bali,Finance,Financial Analyst,Excel; Financial Modeling; Forecasting; Power Bi; Valuation,Sql,6,5,1,16.67,83.33
355764,Charvi Kara,IT,Data Analyst,Python; Sql; Statistical Analysis; Tableau,Excel; Power Bi,6,4,2,33.33,66.67
355899,Zara Sarin,HR,Employee Relations,Conflict Resolution; Employment Law; Investigation; Mediation,Hr Policies,5,4,1,20.0,80.0
355918,Tiya Ramanathan,Finance,Financial Analyst,Excel; Financial Modeling; Power Bi; Valuation,Forecasting; Sql,6,4,2,33.33,66.67
355954,Mishti Sinha,IT,Data Analyst,Power Bi; Sql; Statistical Analysis,Excel; Python; Tableau,6,3,3,50.0,50.0
356052,Nakul Ramachandran,IT,Data Analyst,Excel; Power Bi; Python; Statistical Analysis,Sql; Tableau,6,4,2,33.33,66.67
356177,Shayak Bala,Finance,Accountant,Auditing; Erp Systems; Excel; Financial Accounting; Tax Compliance,Quickbooks,6,5,1,16.67,83.33
356636,Anaya Sanghvi,Sales,Sales Executive,B2B Sales; Communication; Contract Closing; Crm; Negotiation,Lead Generation,6,5,1,16.67,83.33
356650,Siya Chaudhuri,Marketing,Marketing Executive,Campaign Management; Content Marketing; Digital Marketing; Google Analytics,Seo,5,4,1,20.0,80.0
356703,Anvi Johal,IT,Software Engineer,Data Structures; Docker; Git; Java; Python,Ci/Cd; Kubernetes,7,5,2,28.57,71.43
356762,Myra Bhargava,HR,Recruitment Specialist,Ats; Employer Branding; Interviewing; Salary Negotiation,Technical Sourcing,5,4,1,20.0,80.0
356902,Miraan Ganesh,Finance,Auditor,Financial Analysis; Forensic Accounting; Internal Auditing; Risk Assessment,Compliance; Excel,6,4,2,33.33,66.67
357116,Stuvan Gour,Sales,Account Manager,Account Planning; Client Retention; Contract Negotiation; Upselling,Crm (Salesforce),5,4,1,20.0,80.0
357862,Vardaniya Batta,IT,Cybersecurity Specialist,Cryptography; Incident Response; Penetration Testing,Network Security; Python; Siem,6,3,3,50.0,50.0
357902,Dishani Seshadri,Finance,Auditor,Compliance; Excel; Financial Analysis; Forensic Accounting; Risk Assessment,Internal Auditing,6,5,1,16.67,83.33
357988,Miraya Sodhi,Marketing,Marketing Executive,Campaign Management; Content Marketing; Google Analytics; Seo,Digital Marketing,5,4,1,20.0,80.0
358706,Ranbir Tara,Sales,Business Development,Market Research; Pipeline Management; Strategic Pitching,Crm; Partnership Development,5,3,2,40.0,60.0
359440,Gokul Bail,Sales,Account Manager,Account Planning; Contract Negotiation; Crm (Salesforce); Upselling,Client Retention,5,4,1,20.0,80.0
359938,Nishith Basu,Sales,Business Development,Crm; Partnership Development; Strategic Pitching,Market Research; Pipeline Management,5,3,2,40.0,60.0
360036,Abram Singhal,Sales,Business Development,Market Research; Partnership Development; Pipeline Management; Strategic Pitching,Crm,5,4,1,20.0,80.0
360054,Arnav Sama,IT,Cybersecurity Specialist,Incident Response; Python; Siem,Cryptography; Network Security; Penetration Testing,6,3,3,50.0,50.0
360357,Nitara Borra,IT,Cybersecurity Specialist,Cryptography; Incident Response; Network Security,Penetration Testing; Python; Siem,6,3,3,50.0,50.0
360465,Kartik Randhawa,HR,Recruitment Specialist,Ats; Technical Sourcing,Employer Branding; Interviewing; Salary Negotiation,5,2,3,60.0,40.0
360582,Jivin Shetty,Marketing,SEO Specialist,Backlink Strategy; Content Optimization; Google Analytics; Html / Css Basics,On-Page Seo,5,4,1,20.0,80.0
360784,Uthkarsh Sharma,HR,Employee Relations,Employment Law; Hr Policies; Investigation,Conflict Resolution; Mediation,5,3,2,40.0,60.0
360984,Taimur Tripathi,Marketing,Marketing Executive,Campaign Management; Content Marketing; Seo,Digital Marketing; Google Analytics,5,3,2,40.0,60.0
361400,Ranbir Raj,Finance,Auditor,Compliance; Financial Analysis; Forensic Accounting; Internal Auditing; Risk Assessment,Excel,6,5,1,16.67,83.33
361661,Miraya Grover,Marketing,SEO Specialist,Backlink Strategy; Google Analytics; Html / Css Basics,Content Optimization; On-Page Seo,5,3,2,40.0,60.0
361708,Stuvan Dewan,Marketing,Content Strategist,Copywriting; Information Architecture; Seo; User Research,Content Auditing,5,4,1,20.0,80.0
361720,Aniruddh Handa,Finance,Financial Analyst,Financial Modeling; Power Bi; Sql; Valuation,Excel; Forecasting,6,4,2,33.33,66.67
361788,Taimur Venkataraman,HR,Recruitment Specialist,Ats; Employer Branding; Interviewing; Technical Sourcing,Salary Negotiation,5,4,1,20.0,80.0
362145,Vaibhav Bath,Sales,Account Manager,Account Planning; Crm (Salesforce); Upselling,Client Retention; Contract Negotiation,5,3,2,40.0,60.0
362414,Rania Krish,Finance,Accountant,Auditing; Erp Systems; Excel; Financial Accounting; Quickbooks,Tax Compliance,6,5,1,16.67,83.33
362484,Alisha Kannan,Finance,Auditor,Compliance; Financial Analysis; Forensic Accounting; Internal Auditing,Excel; Risk Assessment,6,4,2,33.33,66.67
362707,Advika Bumb,Finance,Accountant,Auditing; Erp Systems; Excel; Financial Accounting; Quickbooks,Tax Compliance,6,5,1,16.67,83.33
362818,Amira Bhardwaj,Sales,Sales Executive,B2B Sales; Communication; Crm; Lead Generation; Negotiation,Contract Closing,6,5,1,16.67,83.33
362851,Dishani Mahal,Sales,Business Development,Crm; Pipeline Management; Strategic Pitching,Market Research; Partnership Development,5,3,2,40.0,60.0
363615,Riaan Dutta,Finance,Auditor,Compliance; Excel; Financial Analysis,Forensic Accounting; Internal Auditing; Risk Assessment,6,3,3,50.0,50.0
363701,Advik Wadhwa,Finance,Auditor,Excel; Financial Analysis; Internal Auditing,Compliance; Forensic Accounting; Risk Assessment,6,3,3,50.0,50.0
363725,Kiara Kaur,Finance,Auditor,Compliance; Excel; Internal Auditing; Risk Assessment,Financial Analysis; Forensic Accounting,6,4,2,33.33,66.67
363739,Eshani Sangha,Marketing,SEO Specialist,Backlink Strategy; Google Analytics; On-Page Seo,Content Optimization; Html / Css Basics,5,3,2,40.0,60.0
363746,Himmat Deol,Finance,Financial Analyst,Financial Modeling; Power Bi; Sql; Valuation,Excel; Forecasting,6,4,2,33.33,66.67
363762,Stuvan Verma,HR,HR Manager,Hris; Labor Law; Leadership; Performance Management,Employee Relations; Talent Acquisition,6,4,2,33.33,66.67
363816,Kimaya Sidhu,IT,Data Analyst,Excel; Power Bi; Sql; Statistical Analysis; Tableau,Python,6,5,1,16.67,83.33
363871,Nayantara Dash,Finance,Financial Analyst,Excel; Financial Modeling; Forecasting; Sql; Valuation,Power Bi,6,5,1,16.67,83.33
364502,Prerak Lalla,Finance,Financial Analyst,Excel; Financial Modeling; Forecasting; Power Bi; Valuation,Sql,6,5,1,16.67,83.33
364851,Krish Sama,HR,Recruitment Specialist,Employer Branding; Technical Sourcing,Ats; Interviewing; Salary Negotiation,5,2,3,60.0,40.0
364903,Ira Choudhary,HR,Employee Relations,Conflict Resolution; Hr Policies; Investigation,Employment Law; Mediation,5,3,2,40.0,60.0
365161,Bhavin Mangat,Marketing,Marketing Executive,Campaign Management; Content Marketing; Google Analytics,Digital Marketing; Seo,5,3,2,40.0,60.0
365428,Shalv Koshy,Sales,Sales Executive,B2B Sales; Communication; Contract Closing; Crm,Lead Generation; Negotiation,6,4,2,33.33,66.67
365886,Vidur Swamy,Sales,Sales Executive,B2B Sales; Communication; Contract Closing; Negotiation,Crm; Lead Generation,6,4,2,33.33,66.67
365916,Akarsh Bhatnagar,IT,Cybersecurity Specialist,Cryptography; Incident Response; Network Security; Penetration Testing; Python,Siem,6,5,1,16.67,83.33
365926,Nitara Joshi,Finance,Financial Analyst,Financial Modeling; Power Bi; Sql,Excel; Forecasting; Valuation,6,3,3,50.0,50.0
366504,Amira Ghosh,Marketing,Marketing Executive,Campaign Management; Content Marketing; Digital Marketing,Google Analytics; Seo,5,3,2,40.0,60.0
366596,Sumer Bhatt,Finance,Financial Analyst,Financial Modeling; Forecasting; Power Bi; Sql; Valuation,Excel,6,5,1,16.67,83.33
366641,Khushi Edwin,IT,Software Engineer,Ci/Cd; Data Structures; Docker; Java; Kubernetes; Python,Git,7,6,1,14.29,85.71
366737,Vritika Khalsa,Marketing,Content Strategist,Content Auditing; Information Architecture; Seo,Copywriting; User Research,5,3,2,40.0,60.0
366953,Kashvi Dey,IT,Data Analyst,Python; Sql; Statistical Analysis,Excel; Power Bi; Tableau,6,3,3,50.0,50.0
367507,Alisha Sahota,Sales,Business Development,Crm; Partnership Development; Pipeline Management,Market Research; Strategic Pitching,5,3,2,40.0,60.0
367786,Nitara Tella,Sales,Sales Executive,B2B Sales; Communication; Contract Closing; Crm,Lead Generation; Negotiation,6,4,2,33.33,66.67
367828,Arnav Jhaveri,IT,Data Analyst,Power Bi; Python; Sql; Statistical Analysis,Excel; Tableau,6,4,2,33.33,66.67
367930,Devansh Sathe,Finance,Accountant,Erp Systems; Excel; Financial Accounting; Tax Compliance,Auditing; Quickbooks,6,4,2,33.33,66.67
368394,Raunak Kant,Sales,Account Manager,Account Planning; Contract Negotiation; Upselling,Client Retention; Crm (Salesforce),5,3,2,40.0,60.0
368928,Pari Mangal,Finance,Auditor,Excel; Financial Analysis; Forensic Accounting; Internal Auditing; Risk Assessment,Compliance,6,5,1,16.67,83.33
369372,Rhea Borde,Finance,Financial Analyst,Excel; Financial Modeling; Sql; Valuation,Forecasting; Power Bi,6,4,2,33.33,66.67
369520,Anika Yogi,Marketing,Content Strategist,Content Auditing; Copywriting; Seo; User Research,Information Architecture,5,4,1,20.0,80.0
369972,Aniruddh Wable,Finance,Financial Analyst,Financial Modeling; Forecasting; Power Bi,Excel; Sql; Valuation,6,3,3,50.0,50.0
370045,Parinaaz Goswami,Finance,Accountant,Excel; Financial Accounting; Quickbooks,Auditing; Erp Systems; Tax Compliance,6,3,3,50.0,50.0
370437,Amira Barad,HR,Recruitment Specialist,Ats; Employer Branding; Salary Negotiation,Interviewing; Technical Sourcing,5,3,2,40.0,60.0
370541,Urvi Kibe,Finance,Accountant,Erp Systems; Financial Accounting; Quickbooks; Tax Compliance,Auditing; Excel,6,4,2,33.33,66.67
371422,Hazel Tailor,HR,Employee Relations,Conflict Resolution; Employment Law; Hr Policies,Investigation; Mediation,5,3,2,40.0,60.0
371544,Ivan Borah,Marketing,SEO Specialist,Content Optimization; Html / Css Basics; On-Page Seo,Backlink Strategy; Google Analytics,5,3,2,40.0,60.0
371918,Divit Dutta,Finance,Auditor,Compliance; Excel; Financial Analysis; Internal Auditing,Forensic Accounting; Risk Assessment,6,4,2,33.33,66.67
372013,Anahita Dave,IT,Cybersecurity Specialist,Incident Response; Network Security; Penetration Testing; Python,Cryptography; Siem,6,4,2,33.33,66.67
372406,Shray Goyal,Sales,Business Development,Market Research; Partnership Development; Pipeline Management,Crm; Strategic Pitching,5,3,2,40.0,60.0
372813,Aradhya Sodhi,HR,Recruitment Specialist,Ats; Employer Branding; Technical Sourcing,Interviewing; Salary Negotiation,5,3,2,40.0,60.0
372929,Chirag Sengupta,Marketing,Marketing Executive,Campaign Management; Digital Marketing; Google Analytics,Content Marketing; Seo,5,3,2,40.0,60.0
373142,Anvi Sidhu,HR,Recruitment Specialist,Ats; Interviewing; Technical Sourcing,Employer Branding; Salary Negotiation,5,3,2,40.0,60.0
373287,Ojas Halder,Finance,Accountant,Auditing; Excel; Financial Accounting; Quickbooks; Tax Compliance,Erp Systems,6,5,1,16.67,83.33
373472,Veer Kala,Marketing,Content Strategist,Content Auditing; Information Architecture; Seo,Copywriting; User Research,5,3,2,40.0,60.0
374045,Alia Vyas,Marketing,SEO Specialist,Backlink Strategy; Google Analytics; Html / Css Basics; On-Page Seo,Content Optimization,5,4,1,20.0,80.0
374239,Jhanvi Ghosh,Sales,Business Development,Crm; Partnership Development; Strategic Pitching,Market Research; Pipeline Management,5,3,2,40.0,60.0
374439,Zaina Bhattacharyya,HR,Recruitment Specialist,Employer Branding; Interviewing; Technical Sourcing,Ats; Salary Negotiation,5,3,2,40.0,60.0
374772,Reyansh Chhabra,Sales,Sales Executive,Communication; Contract Closing; Crm; Lead Generation; Negotiation,B2B Sales,6,5,1,16.67,83.33
375013,Azad Bhargava,Sales,Sales Executive,B2B Sales; Communication; Lead Generation; Negotiation,Contract Closing; Crm,6,4,2,33.33,66.67
375019,Veer Subramanian,IT,Software Engineer,Data Structures; Docker; Git; Kubernetes; Python,Ci/Cd; Java,7,5,2,28.57,71.43
375034,Jhanvi Saha,Finance,Financial Analyst,Financial Modeling; Forecasting; Power Bi; Valuation,Excel; Sql,6,4,2,33.33,66.67
375081,Zaina Dave,Sales,Account Manager,Contract Negotiation; Crm (Salesforce),Account Planning; Client Retention; Upselling,5,2,3,60.0,40.0
375092,Elakshi Borde,HR,Employee Relations,Conflict Resolution; Hr Policies; Mediation,Employment Law; Investigation,5,3,2,40.0,60.0
375139,Jiya Mallick,IT,Data Analyst,Excel; Power Bi; Python; Sql,Statistical Analysis; Tableau,6,4,2,33.33,66.67
375241,Akarsh Shankar,Finance,Financial Analyst,Excel; Forecasting; Power Bi; Sql; Valuation,Financial Modeling,6,5,1,16.67,83.33
375394,Anika Kade,Sales,Account Manager,Account Planning; Crm (Salesforce),Client Retention; Contract Negotiation; Upselling,5,2,3,60.0,40.0
375423,Anaya Garde,HR,Recruitment Specialist,Employer Branding; Interviewing; Technical Sourcing,Ats; Salary Negotiation,5,3,2,40.0,60.0
375832,Yasmin Gupta,IT,Data Analyst,Python; Sql; Tableau,Excel; Power Bi; Statistical Analysis,6,3,3,50.0,50.0
376063,Manikya Badami,Sales,Sales Executive,Communication; Contract Closing; Crm; Negotiation,B2B Sales; Lead Generation,6,4,2,33.33,66.67
376491,Kanav Deshpande,HR,Recruitment Specialist,Employer Branding; Salary Negotiation,Ats; Interviewing; Technical Sourcing,5,2,3,60.0,40.0
376829,Saira Chhabra,Sales,Business Development,Market Research; Partnership Development; Pipeline Management; Strategic Pitching,Crm,5,4,1,20.0,80.0
377172,Tushar Rama,Marketing,Content Strategist,Content Auditing; Copywriting; Seo,Information Architecture; User Research,5,3,2,40.0,60.0
377404,Ehsaan Chaudhry,IT,Software Engineer,Git; Java; Kubernetes,Ci/Cd; Data Structures; Docker; Python,7,3,4,57.14,42.86
377841,Anay Raja,HR,Recruitment Specialist,Ats; Interviewing; Salary Negotiation; Technical Sourcing,Employer Branding,5,4,1,20.0,80.0
377949,Lavanya Bhavsar,Finance,Auditor,Excel; Forensic Accounting; Internal Auditing; Risk Assessment,Compliance; Financial Analysis,6,4,2,33.33,66.67
377988,Ojas Sood,Sales,Account Manager,Account Planning; Client Retention; Contract Negotiation; Crm (Salesforce),Upselling,5,4,1,20.0,80.0
377991,Anay Basak,Finance,Accountant,Erp Systems; Excel; Quickbooks; Tax Compliance,Auditing; Financial Accounting,6,4,2,33.33,66.67
378122,Dhruv Bajaj,Marketing,SEO Specialist,Backlink Strategy; Google Analytics; Html / Css Basics,Content Optimization; On-Page Seo,5,3,2,40.0,60.0
378413,Ira Wagle,Finance,Financial Analyst,Forecasting; Sql; Valuation,Excel; Financial Modeling; Power Bi,6,3,3,50.0,50.0
378452,Mishti Shah,Finance,Auditor,Excel; Financial Analysis; Forensic Accounting; Risk Assessment,Compliance; Internal Auditing,6,4,2,33.33,66.67
378536,Samarth Kannan,IT,Data Analyst,Excel; Statistical Analysis; Tableau,Power Bi; Python; Sql,6,3,3,50.0,50.0
378913,Khushi Lad,Sales,Business Development,Pipeline Management; Strategic Pitching,Crm; Market Research; Partnership Development,5,2,3,60.0,40.0
379524,Mehul Rout,Finance,Auditor,Financial Analysis; Forensic Accounting; Internal Auditing; Risk Assessment,Compliance; Excel,6,4,2,33.33,66.67
380101,Bhavin Shankar,Marketing,Content Strategist,Content Auditing; Information Architecture; Seo; User Research,Copywriting,5,4,1,20.0,80.0
380163,Saanvi Mani,Sales,Business Development,Crm; Market Research; Partnership Development; Pipeline Management,Strategic Pitching,5,4,1,20.0,80.0
380783,Adah Mani,Marketing,Marketing Executive,Digital Marketing; Google Analytics; Seo,Campaign Management; Content Marketing,5,3,2,40.0,60.0
380906,Jayant Kale,HR,HR Manager,Employee Relations; Hris; Leadership; Performance Management; Talent Acquisition,Labor Law,6,5,1,16.67,83.33
381345,Abram Mane,Finance,Accountant,Auditing; Erp Systems; Excel; Financial Accounting; Tax Compliance,Quickbooks,6,5,1,16.67,83.33
381357,Arhaan Jha,Finance,Financial Analyst,Excel; Financial Modeling; Forecasting; Sql; Valuation,Power Bi,6,5,1,16.67,83.33
381421,Ishita Tripathi,IT,Data Analyst,Excel; Power Bi; Sql,Python; Statistical Analysis; Tableau,6,3,3,50.0,50.0
381819,Manikya Ravel,Sales,Sales Executive,Communication; Contract Closing; Lead Generation; Negotiation,B2B Sales; Crm,6,4,2,33.33,66.67
382052,Faiyaz Jain,Finance,Financial Analyst,Excel; Financial Modeling; Power Bi; Valuation,Forecasting; Sql,6,4,2,33.33,66.67
382185,Kashvi Sandal,HR,Recruitment Specialist,Ats; Employer Branding; Interviewing; Salary Negotiation,Technical Sourcing,5,4,1,20.0,80.0
382247,Kashvi Dhillon,HR,Employee Relations,Hr Policies; Mediation,Conflict Resolution; Employment Law; Investigation,5,2,3,60.0,40.0
382404,Zara Borah,Finance,Accountant,Erp Systems; Excel; Financial Accounting; Quickbooks; Tax Compliance,Auditing,6,5,1,16.67,83.33
383339,Tejas Sankaran,Marketing,Content Strategist,Information Architecture; Seo; User Research,Content Auditing; Copywriting,5,3,2,40.0,60.0
383358,Anahita Chawla,IT,Cybersecurity Specialist,Network Security; Python; Siem,Cryptography; Incident Response; Penetration Testing,6,3,3,50.0,50.0
383410,Baiju Doctor,Sales,Sales Executive,B2B Sales; Communication; Contract Closing; Negotiation,Crm; Lead Generation,6,4,2,33.33,66.67
383483,Ishaan Goel,Finance,Auditor,Compliance; Excel; Forensic Accounting; Internal Auditing; Risk Assessment,Financial Analysis,6,5,1,16.67,83.33
383508,Ira Kumar,IT,Cybersecurity Specialist,Network Security; Penetration Testing; Siem,Cryptography; Incident Response; Python,6,3,3,50.0,50.0
383544,Tiya Sen,Sales,Business Development,Market Research; Partnership Development; Pipeline Management,Crm; Strategic Pitching,5,3,2,40.0,60.0
383680,Bhavin Gandhi,HR,Employee Relations,Employment Law; Hr Policies; Investigation; Mediation,Conflict Resolution,5,4,1,20.0,80.0
383760,Dishani Varty,Finance,Auditor,Compliance; Excel; Forensic Accounting; Internal Auditing,Financial Analysis; Risk Assessment,6,4,2,33.33,66.67
383779,Hrishita Guha,Finance,Financial Analyst,Financial Modeling; Forecasting; Sql,Excel; Power Bi; Valuation,6,3,3,50.0,50.0
383822,Tara Sarma,IT,Software Engineer,Data Structures; Git; Java; Kubernetes,Ci/Cd; Docker; Python,7,4,3,42.86,57.14
383830,Divij Rajagopalan,Finance,Accountant,Auditing; Erp Systems; Excel; Financial Accounting; Quickbooks,Tax Compliance,6,5,1,16.67,83.33
384248,Kimaya Ghosh,IT,Software Engineer,Ci/Cd; Data Structures; Docker; Java; Kubernetes,Git; Python,7,5,2,28.57,71.43
384302,Mannat Varkey,Marketing,Marketing Executive,Content Marketing; Digital Marketing; Google Analytics,Campaign Management; Seo,5,3,2,40.0,60.0
384652,Advik Khanna,Marketing,SEO Specialist,Content Optimization; Google Analytics; Html / Css Basics,Backlink Strategy; On-Page Seo,5,3,2,40.0,60.0
384907,Veer Ghose,IT,Software Engineer,Data Structures; Docker; Java; Kubernetes,Ci/Cd; Git; Python,7,4,3,42.86,57.14
385088,Pihu Kannan,IT,Software Engineer,Ci/Cd; Data Structures; Docker; Java; Kubernetes,Git; Python,7,5,2,28.57,71.43
385226,Amani Lanka,HR,Recruitment Specialist,Employer Branding; Interviewing; Technical Sourcing,Ats; Salary Negotiation,5,3,2,40.0,60.0
385533,Madhup Butala,Sales,Account Manager,Client Retention; Contract Negotiation; Upselling,Account Planning; Crm (Salesforce),5,3,2,40.0,60.0
385606,Neelofar Singhal,HR,HR Manager,Hris; Leadership; Talent Acquisition,Employee Relations; Labor Law; Performance Management,6,3,3,50.0,50.0
385650,Samar Rana,Finance,Financial Analyst,Excel; Financial Modeling; Sql; Valuation,Forecasting; Power Bi,6,4,2,33.33,66.67
386204,Aarna Barad,Sales,Business Development,Market Research; Partnership Development; Pipeline Management,Crm; Strategic Pitching,5,3,2,40.0,60.0
386241,Lakshay Sankaran,HR,Recruitment Specialist,Ats; Interviewing; Salary Negotiation; Technical Sourcing,Employer Branding,5,4,1,20.0,80.0
386351,Hiran Sawhney,IT,Cybersecurity Specialist,Cryptography; Incident Response; Penetration Testing; Siem,Network Security; Python,6,4,2,33.33,66.67
386385,Anika Chaudhari,HR,HR Manager,Hris; Labor Law; Leadership; Talent Acquisition,Employee Relations; Performance Management,6,4,2,33.33,66.67
386626,Jivin Manne,IT,Data Analyst,Excel; Power Bi; Statistical Analysis; Tableau,Python; Sql,6,4,2,33.33,66.67
386743,Ritvik Kant,Finance,Financial Analyst,Financial Modeling; Power Bi; Sql,Excel; Forecasting; Valuation,6,3,3,50.0,50.0
386845,Jiya Ghosh,IT,Software Engineer,Ci/Cd; Data Structures; Git; Java; Python,Docker; Kubernetes,7,5,2,28.57,71.43
386939,Parinaaz Banik,IT,Cybersecurity Specialist,Cryptography; Incident Response; Network Security; Python; Siem,Penetration Testing,6,5,1,16.67,83.33
387250,Vedika Bahl,HR,Recruitment Specialist,Ats; Interviewing; Salary Negotiation; Technical Sourcing,Employer Branding,5,4,1,20.0,80.0
387395,Chirag Vig,Sales,Business Development,Market Research; Partnership Development; Pipeline Management; Strategic Pitching,Crm,5,4,1,20.0,80.0
387598,Vanya Golla,IT,Software Engineer,Data Structures; Docker; Java; Kubernetes,Ci/Cd; Git; Python,7,4,3,42.86,57.14
388649,Jayant Buch,IT,Data Analyst,Excel; Power Bi; Python; Sql; Tableau,Statistical Analysis,6,5,1,16.67,83.33
388758,Vihaan Kala,Sales,Account Manager,Account Planning; Client Retention; Crm (Salesforce); Upselling,Contract Negotiation,5,4,1,20.0,80.0
388904,Charvi Kata,HR,HR Manager,Employee Relations; Hris; Labor Law; Leadership; Performance Management,Talent Acquisition,6,5,1,16.67,83.33
388918,Stuvan Wadhwa,IT,Software Engineer,Ci/Cd; Data Structures; Docker; Python,Git; Java; Kubernetes,7,4,3,42.86,57.14
389359,Yuvaan Sehgal,Sales,Account Manager,Client Retention; Crm (Salesforce); Upselling,Account Planning; Contract Negotiation,5,3,2,40.0,60.0
389401,Shaan Acharya,Marketing,SEO Specialist,Backlink Strategy; Google Analytics; Html / Css Basics,Content Optimization; On-Page Seo,5,3,2,40.0,60.0
389434,Oorja Boase,Marketing,Marketing Executive,Campaign Management; Content Marketing; Google Analytics; Seo,Digital Marketing,5,4,1,20.0,80.0
389471,Hrishita Doctor,HR,Recruitment Specialist,Ats; Employer Branding,Interviewing; Salary Negotiation; Technical Sourcing,5,2,3,60.0,40.0
389737,Biju Dara,Marketing,SEO Specialist,Backlink Strategy; Html / Css Basics; On-Page Seo,Content Optimization; Google Analytics,5,3,2,40.0,60.0
390162,Neysa Srinivas,Sales,Account Manager,Contract Negotiation; Crm (Salesforce); Upselling,Account Planning; Client Retention,5,3,2,40.0,60.0
390533,Tiya Rajagopal,Marketing,Content Strategist,Content Auditing; Information Architecture; Seo; User Research,Copywriting,5,4,1,20.0,80.0
390768,Oorja Dhawan,Sales,Business Development,Crm; Market Research; Partnership Development; Pipeline Management,Strategic Pitching,5,4,1,20.0,80.0
390943,Hansh Soman,Sales,Business Development,Market Research; Partnership Development; Pipeline Management; Strategic Pitching,Crm,5,4,1,20.0,80.0
390967,Piya Doshi,Sales,Sales Executive,B2B Sales; Communication; Crm; Negotiation,Contract Closing; Lead Generation,6,4,2,33.33,66.67
391105,Baiju Yohannan,Marketing,SEO Specialist,Backlink Strategy; Content Optimization; Google Analytics; On-Page Seo,Html / Css Basics,5,4,1,20.0,80.0
391183,Gokul Ramaswamy,Sales,Sales Executive,B2B Sales; Communication; Contract Closing; Lead Generation; Negotiation,Crm,6,5,1,16.67,83.33
391184,Trisha Bose,IT,Cybersecurity Specialist,Cryptography; Incident Response; Network Security; Penetration Testing; Siem,Python,6,5,1,16.67,83.33
391299,Anahita Kalla,HR,HR Manager,Labor Law; Performance Management; Talent Acquisition,Employee Relations; Hris; Leadership,6,3,3,50.0,50.0
391476,Kartik Dalal,Marketing,Content Strategist,Content Auditing; Copywriting; Seo,Information Architecture; User Research,5,3,2,40.0,60.0
391668,Prisha Sen,Sales,Sales Executive,B2B Sales; Contract Closing; Crm; Lead Generation; Negotiation,Communication,6,5,1,16.67,83.33
391731,Saanvi Walia,Finance,Financial Analyst,Excel; Financial Modeling; Power Bi; Sql; Valuation,Forecasting,6,5,1,16.67,83.33
391797,Yuvaan Chana,Finance,Auditor,Compliance; Excel; Financial Analysis; Internal Auditing; Risk Assessment,Forensic Accounting,6,5,1,16.67,83.33
392045,Shanaya Dass,HR,Recruitment Specialist,Ats; Employer Branding; Interviewing; Technical Sourcing,Salary Negotiation,5,4,1,20.0,80.0
392065,Suhana Gandhi,Marketing,SEO Specialist,Backlink Strategy; Content Optimization; Html / Css Basics; On-Page Seo,Google Analytics,5,4,1,20.0,80.0
392185,Ayesha Chadha,Finance,Auditor,Compliance; Financial Analysis; Risk Assessment,Excel; Forensic Accounting; Internal Auditing,6,3,3,50.0,50.0
392413,Mamooty Doshi,HR,Employee Relations,Conflict Resolution; Hr Policies; Investigation; Mediation,Employment Law,5,4,1,20.0,80.0
392648,Shalv Ramachandran,Finance,Accountant,Auditing; Erp Systems; Excel; Quickbooks; Tax Compliance,Financial Accounting,6,5,1,16.67,83.33
392685,Kismat Ray,Marketing,Marketing Executive,Campaign Management; Digital Marketing,Content Marketing; Google Analytics; Seo,5,2,3,60.0,40.0
393464,Tiya Ramakrishnan,Marketing,SEO Specialist,Backlink Strategy; Content Optimization,Google Analytics; Html / Css Basics; On-Page Seo,5,2,3,60.0,40.0
393484,Lakshit Kannan,IT,Software Engineer,Ci/Cd; Data Structures; Docker; Java; Python,Git; Kubernetes,7,5,2,28.57,71.43
393701,Devansh Ray,Marketing,SEO Specialist,Backlink Strategy; Content Optimization; Google Analytics; Html / Css Basics,On-Page Seo,5,4,1,20.0,80.0
393803,Parinaaz Raj,HR,Employee Relations,Conflict Resolution; Employment Law; Hr Policies; Investigation,Mediation,5,4,1,20.0,80.0
393972,Rhea Kothari,IT,Data Analyst,Power Bi; Python; Sql; Statistical Analysis,Excel; Tableau,6,4,2,33.33,66.67
394198,Heer Manda,Finance,Accountant,Auditing; Excel; Financial Accounting; Quickbooks; Tax Compliance,Erp Systems,6,5,1,16.67,83.33
394296,Misha Badami,Finance,Auditor,Compliance; Financial Analysis; Forensic Accounting; Internal Auditing,Excel; Risk Assessment,6,4,2,33.33,66.67
394359,Anay Virk,HR,Employee Relations,Hr Policies; Investigation; Mediation,Conflict Resolution; Employment Law,5,3,2,40.0,60.0
394783,Nishith Ram,HR,HR Manager,Employee Relations; Labor Law; Leadership; Performance Management,Hris; Talent Acquisition,6,4,2,33.33,66.67
394838,Rhea Brahmbhatt,Sales,Business Development,Crm; Market Research; Pipeline Management; Strategic Pitching,Partnership Development,5,4,1,20.0,80.0
395001,Shlok Magar,IT,Cybersecurity Specialist,Incident Response; Network Security; Penetration Testing; Python; Siem,Cryptography,6,5,1,16.67,83.33
395092,Nitara Gala,Marketing,Marketing Executive,Content Marketing; Digital Marketing; Google Analytics; Seo,Campaign Management,5,4,1,20.0,80.0
395283,Ranbir Deshmukh,HR,HR Manager,Leadership; Performance Management; Talent Acquisition,Employee Relations; Hris; Labor Law,6,3,3,50.0,50.0
395631,Miraan Ranganathan,Finance,Financial Analyst,Forecasting; Power Bi; Sql; Valuation,Excel; Financial Modeling,6,4,2,33.33,66.67
395763,Aradhya Batta,Marketing,Marketing Executive,Campaign Management; Content Marketing; Digital Marketing; Seo,Google Analytics,5,4,1,20.0,80.0
395943,Ivan Mallick,Marketing,SEO Specialist,Backlink Strategy; Content Optimization; Google Analytics; On-Page Seo,Html / Css Basics,5,4,1,20.0,80.0
395946,Aniruddh Handa,Sales,Account Manager,Client Retention; Crm (Salesforce); Upselling,Account Planning; Contract Negotiation,5,3,2,40.0,60.0
395954,Sumer Sami,IT,Software Engineer,Ci/Cd; Data Structures; Docker; Java; Python,Git; Kubernetes,7,5,2,28.57,71.43
396232,Taran Divan,Marketing,SEO Specialist,Backlink Strategy; Content Optimization; On-Page Seo,Google Analytics; Html / Css Basics,5,3,2,40.0,60.0
396415,Siya Talwar,HR,HR Manager,Employee Relations; Hris; Labor Law; Performance Management; Talent Acquisition,Leadership,6,5,1,16.67,83.33
396816,Rati Sachdev,Finance,Accountant,Auditing; Erp Systems; Excel; Financial Accounting,Quickbooks; Tax Compliance,6,4,2,33.33,66.67
396950,Kismat Bhandari,Marketing,SEO Specialist,Backlink Strategy; Content Optimization; Google Analytics; Html / Css Basics,On-Page Seo,5,4,1,20.0,80.0
397069,Hansh Lanka,Finance,Auditor,Excel; Financial Analysis; Forensic Accounting; Internal Auditing; Risk Assessment,Compliance,6,5,1,16.67,83.33
397281,Baiju Bhardwaj,Finance,Auditor,Compliance; Excel; Internal Auditing; Risk Assessment,Financial Analysis; Forensic Accounting,6,4,2,33.33,66.67
397463,Shray Sood,Finance,Accountant,Auditing; Excel; Quickbooks; Tax Compliance,Erp Systems; Financial Accounting,6,4,2,33.33,66.67
397482,Tanya Hans,HR,HR Manager,Employee Relations; Leadership; Performance Management; Talent Acquisition,Hris; Labor Law,6,4,2,33.33,66.67
397762,Jayant Walia,Finance,Financial Analyst,Excel; Financial Modeling; Power Bi; Valuation,Forecasting; Sql,6,4,2,33.33,66.67
397805,Ryan Sawhney,Finance,Accountant,Erp Systems; Excel; Financial Accounting; Quickbooks; Tax Compliance,Auditing,6,5,1,16.67,83.33
398012,Adah Sarraf,Marketing,Content Strategist,Content Auditing; Copywriting; Information Architecture; Seo,User Research,5,4,1,20.0,80.0
398341,Bhavin Sankaran,Marketing,SEO Specialist,Backlink Strategy; Content Optimization; Google Analytics; Html / Css Basics,On-Page Seo,5,4,1,20.0,80.0
398438,Taimur Majumdar,Finance,Auditor,Forensic Accounting; Internal Auditing; Risk Assessment,Compliance; Excel; Financial Analysis,6,3,3,50.0,50.0
398486,Hansh Biswas,Sales,Sales Executive,B2B Sales; Communication; Contract Closing,Crm; Lead Generation; Negotiation,6,3,3,50.0,50.0
398497,Krish Mani,Finance,Auditor,Excel; Financial Analysis; Forensic Accounting; Internal Auditing,Compliance; Risk Assessment,6,4,2,33.33,66.67
398601,Priyansh Bir,Finance,Auditor,Financial Analysis; Forensic Accounting; Risk Assessment,Compliance; Excel; Internal Auditing,6,3,3,50.0,50.0
398715,Priyansh Gour,Sales,Business Development,Crm; Partnership Development; Pipeline Management; Strategic Pitching,Market Research,5,4,1,20.0,80.0
398951,Umang Sarraf,Sales,Sales Executive,Communication; Contract Closing; Crm; Lead Generation,B2B Sales; Negotiation,6,4,2,33.33,66.67
399105,Samarth Sathe,Sales,Business Development,Crm; Market Research; Pipeline Management,Partnership Development; Strategic Pitching,5,3,2,40.0,60.0
399109,Tara Kashyap,Finance,Financial Analyst,Financial Modeling; Forecasting; Power Bi,Excel; Sql; Valuation,6,3,3,50.0,50.0
399176,Dhanuk Dora,Finance,Auditor,Excel; Financial Analysis; Forensic Accounting; Internal Auditing,Compliance; Risk Assessment,6,4,2,33.33,66.67
399177,Hrishita Mandal,Finance,Auditor,Compliance; Forensic Accounting; Internal Auditing; Risk Assessment,Excel; Financial Analysis,6,4,2,33.33,66.67
399562,Lagan Bajwa,Sales,Sales Executive,Contract Closing; Crm; Negotiation,B2B Sales; Communication; Lead Generation,6,3,3,50.0,50.0
399624,Anika Bedi,Finance,Auditor,Compliance; Excel; Forensic Accounting; Internal Auditing; Risk Assessment,Financial Analysis,6,5,1,16.67,83.33
399693,Kaira Walla,Marketing,Content Strategist,Content Auditing; Copywriting; Seo; User Research,Information Architecture,5,4,1,20.0,80.0
400023,Raunak Sahota,Sales,Business Development,Crm; Market Research; Partnership Development; Strategic Pitching,Pipeline Management,5,4,1,20.0,80.0
400076,Riaan Dara,HR,Recruitment Specialist,Ats; Employer Branding; Interviewing,Salary Negotiation; Technical Sourcing,5,3,2,40.0,60.0
400105,Dishani Master,HR,Employee Relations,Employment Law; Hr Policies; Investigation,Conflict Resolution; Mediation,5,3,2,40.0,60.0
400150,Renee Sant,Finance,Financial Analyst,Excel; Financial Modeling; Forecasting; Power Bi; Valuation,Sql,6,5,1,16.67,83.33
400391,Anahita Dutta,Sales,Sales Executive,B2B Sales; Communication; Crm,Contract Closing; Lead Generation; Negotiation,6,3,3,50.0,50.0
400462,Vanya Uppal,IT,Software Engineer,Ci/Cd; Docker; Git; Java; Kubernetes; Python,Data Structures,7,6,1,14.29,85.71
401286,Ishaan Sinha,Sales,Sales Executive,B2B Sales; Communication; Contract Closing; Crm; Lead Generation,Negotiation,6,5,1,16.67,83.33
401619,Abram Sarraf,Finance,Accountant,Auditing; Erp Systems; Financial Accounting,Excel; Quickbooks; Tax Compliance,6,3,3,50.0,50.0
401685,Miraya Dayal,Sales,Account Manager,Account Planning; Client Retention; Contract Negotiation,Crm (Salesforce); Upselling,5,3,2,40.0,60.0
402021,Kiara Tandon,HR,Recruitment Specialist,Ats; Interviewing; Technical Sourcing,Employer Branding; Salary Negotiation,5,3,2,40.0,60.0
402062,Dhanuk Sankaran,IT,Data Analyst,Excel; Statistical Analysis; Tableau,Power Bi; Python; Sql,6,3,3,50.0,50.0
402075,Mehul Kalita,Finance,Accountant,Auditing; Erp Systems; Excel; Financial Accounting; Quickbooks,Tax Compliance,6,5,1,16.67,83.33
402302,Divit Rajagopal,Marketing,SEO Specialist,Content Optimization; Html / Css Basics; On-Page Seo,Backlink Strategy; Google Analytics,5,3,2,40.0,60.0
402376,Vihaan Raval,Marketing,SEO Specialist,Backlink Strategy; Google Analytics; On-Page Seo,Content Optimization; Html / Css Basics,5,3,2,40.0,60.0
402377,Kimaya Kara,Sales,Business Development,Market Research; Partnership Development; Strategic Pitching,Crm; Pipeline Management,5,3,2,40.0,60.0
402865,Nishith Ganguly,Sales,Business Development,Crm; Market Research; Pipeline Management,Partnership Development; Strategic Pitching,5,3,2,40.0,60.0
402921,Tejas Sarna,Sales,Sales Executive,Communication; Contract Closing; Crm; Lead Generation,B2B Sales; Negotiation,6,4,2,33.33,66.67
403237,Romil Dave,Marketing,Content Strategist,Information Architecture; Seo,Content Auditing; Copywriting; User Research,5,2,3,60.0,40.0
403338,Manikya Wable,Sales,Account Manager,Contract Negotiation; Crm (Salesforce),Account Planning; Client Retention; Upselling,5,2,3,60.0,40.0
403457,Inaaya  Dugar,HR,Recruitment Specialist,Employer Branding; Interviewing; Salary Negotiation,Ats; Technical Sourcing,5,3,2,40.0,60.0
403534,Aayush Master,Marketing,Content Strategist,Content Auditing; Copywriting; Information Architecture; Seo,User Research,5,4,1,20.0,80.0
403621,Vardaniya Yogi,Sales,Sales Executive,B2B Sales; Communication; Contract Closing; Crm; Lead Generation,Negotiation,6,5,1,16.67,83.33
403920,Amira Sandhu,Finance,Accountant,Auditing; Excel; Financial Accounting; Quickbooks; Tax Compliance,Erp Systems,6,5,1,16.67,83.33
403969,Dhanush Venkataraman,HR,HR Manager,Employee Relations; Hris; Labor Law; Leadership; Talent Acquisition,Performance Management,6,5,1,16.67,83.33
404381,Anahi Bakshi,Marketing,Content Strategist,Content Auditing; Copywriting; Seo,Information Architecture; User Research,5,3,2,40.0,60.0
404757,Jayesh Srivastava,Sales,Business Development,Crm; Market Research; Pipeline Management; Strategic Pitching,Partnership Development,5,4,1,20.0,80.0
404763,Yashvi Contractor,Finance,Accountant,Auditing; Erp Systems; Financial Accounting; Quickbooks,Excel; Tax Compliance,6,4,2,33.33,66.67
405395,Amani Raj,Marketing,Content Strategist,Content Auditing; Copywriting; Information Architecture; User Research,Seo,5,4,1,20.0,80.0
405565,Krish Sehgal,IT,Software Engineer,Ci/Cd; Data Structures; Docker; Java; Python,Git; Kubernetes,7,5,2,28.57,71.43
405585,Zeeshan Master,Marketing,Marketing Executive,Campaign Management; Content Marketing; Google Analytics; Seo,Digital Marketing,5,4,1,20.0,80.0
405642,Mamooty Dash,Sales,Account Manager,Client Retention; Contract Negotiation; Upselling,Account Planning; Crm (Salesforce),5,3,2,40.0,60.0
405980,Yuvraj  Magar,Marketing,Content Strategist,Content Auditing; Copywriting; Seo; User Research,Information Architecture,5,4,1,20.0,80.0
406110,Bhamini Shankar,HR,Recruitment Specialist,Ats; Employer Branding; Interviewing; Technical Sourcing,Salary Negotiation,5,4,1,20.0,80.0
406259,Ela Basak,Sales,Account Manager,Contract Negotiation; Crm (Salesforce); Upselling,Account Planning; Client Retention,5,3,2,40.0,60.0
406281,Hiran Chanda,Finance,Financial Analyst,Excel; Financial Modeling; Forecasting; Power Bi; Sql,Valuation,6,5,1,16.67,83.33
406414,Saanvi Jha,Finance,Financial Analyst,Excel; Financial Modeling; Forecasting; Power Bi; Sql,Valuation,6,5,1,16.67,83.33
406444,Miraya Korpal,Marketing,SEO Specialist,Google Analytics; Html / Css Basics; On-Page Seo,Backlink Strategy; Content Optimization,5,3,2,40.0,60.0
406502,Anaya Basak,Sales,Sales Executive,B2B Sales; Communication; Contract Closing; Crm; Lead Generation,Negotiation,6,5,1,16.67,83.33
406625,Nishith Rajagopal,HR,Recruitment Specialist,Employer Branding; Interviewing; Salary Negotiation; Technical Sourcing,Ats,5,4,1,20.0,80.0
406677,Anaya Ram,HR,HR Manager,Labor Law; Leadership; Performance Management; Talent Acquisition,Employee Relations; Hris,6,4,2,33.33,66.67
406818,Kimaya Bir,IT,Software Engineer,Ci/Cd; Data Structures; Docker; Java; Python,Git; Kubernetes,7,5,2,28.57,71.43
406980,Ritvik Wagle,HR,Employee Relations,Conflict Resolution; Investigation; Mediation,Employment Law; Hr Policies,5,3,2,40.0,60.0
407161,Kavya Ganesh,Sales,Account Manager,Client Retention; Contract Negotiation; Crm (Salesforce),Account Planning; Upselling,5,3,2,40.0,60.0
407191,Diya Sidhu,Sales,Business Development,Crm; Market Research; Partnership Development,Pipeline Management; Strategic Pitching,5,3,2,40.0,60.0
407228,Yashvi Chauhan,HR,HR Manager,Hris; Leadership; Performance Management,Employee Relations; Labor Law; Talent Acquisition,6,3,3,50.0,50.0
407392,Sana Basu,HR,HR Manager,Employee Relations; Hris; Labor Law; Leadership; Performance Management,Talent Acquisition,6,5,1,16.67,83.33
407575,Nitara Srivastava,Finance,Auditor,Compliance; Excel; Forensic Accounting; Risk Assessment,Financial Analysis; Internal Auditing,6,4,2,33.33,66.67
407888,Alia Sahota,Sales,Account Manager,Account Planning; Contract Negotiation; Upselling,Client Retention; Crm (Salesforce),5,3,2,40.0,60.0
408486,Nakul Batta,HR,HR Manager,Employee Relations; Labor Law; Leadership; Performance Management; Talent Acquisition,Hris,6,5,1,16.67,83.33
408708,Kismat Basak,IT,Data Analyst,Excel; Power Bi; Python,Sql; Statistical Analysis; Tableau,6,3,3,50.0,50.0
408868,Akarsh Chokshi,Finance,Auditor,Financial Analysis; Forensic Accounting; Internal Auditing; Risk Assessment,Compliance; Excel,6,4,2,33.33,66.67
409027,Shray Ganesh,IT,Software Engineer,Ci/Cd; Java; Kubernetes,Data Structures; Docker; Git; Python,7,3,4,57.14,42.86
409074,Dharmajan Jayaraman,Marketing,SEO Specialist,Backlink Strategy; Content Optimization; Google Analytics; On-Page Seo,Html / Css Basics,5,4,1,20.0,80.0
409547,Divit Mane,Marketing,Content Strategist,Copywriting; Information Architecture; User Research,Content Auditing; Seo,5,3,2,40.0,60.0
409958,Vidur Sethi,IT,Cybersecurity Specialist,Cryptography; Network Security; Penetration Testing,Incident Response; Python; Siem,6,3,3,50.0,50.0
410234,Shaan Iyengar,Finance,Auditor,Compliance; Financial Analysis; Risk Assessment,Excel; Forensic Accounting; Internal Auditing,6,3,3,50.0,50.0
411007,Madhav Solanki,Finance,Auditor,Compliance; Excel; Financial Analysis; Internal Auditing,Forensic Accounting; Risk Assessment,6,4,2,33.33,66.67
411085,Suhana Sankaran,Marketing,Content Strategist,Content Auditing; Copywriting; Seo; User Research,Information Architecture,5,4,1,20.0,80.0
411201,Devansh De,Marketing,SEO Specialist,Backlink Strategy; Google Analytics; Html / Css Basics; On-Page Seo,Content Optimization,5,4,1,20.0,80.0
411592,Kabir Rajan,HR,HR Manager,Hris; Labor Law; Leadership; Performance Management,Employee Relations; Talent Acquisition,6,4,2,33.33,66.67
411761,Neelofar Gera,Marketing,SEO Specialist,Backlink Strategy; Content Optimization; Google Analytics,Html / Css Basics; On-Page Seo,5,3,2,40.0,60.0
411962,Saksham Bains,HR,Recruitment Specialist,Ats; Employer Branding; Salary Negotiation; Technical Sourcing,Interviewing,5,4,1,20.0,80.0
412242,Badal Koshy,Finance,Auditor,Compliance; Excel; Financial Analysis; Forensic Accounting; Internal Auditing,Risk Assessment,6,5,1,16.67,83.33
412248,Vihaan Tiwari,Finance,Auditor,Compliance; Excel; Financial Analysis; Forensic Accounting; Risk Assessment,Internal Auditing,6,5,1,16.67,83.33
412263,Zain Halder,HR,Recruitment Specialist,Ats; Employer Branding; Interviewing; Salary Negotiation,Technical Sourcing,5,4,1,20.0,80.0
412273,Eva Sodhi,Sales,Account Manager,Client Retention; Contract Negotiation; Crm (Salesforce); Upselling,Account Planning,5,4,1,20.0,80.0
412669,Samarth Mall,IT,Software Engineer,Ci/Cd; Docker; Git; Java; Kubernetes,Data Structures; Python,7,5,2,28.57,71.43
412757,Farhan Arora,HR,Employee Relations,Conflict Resolution; Investigation,Employment Law; Hr Policies; Mediation,5,2,3,60.0,40.0
412906,Krish Konda,Sales,Sales Executive,B2B Sales; Communication; Contract Closing; Crm; Lead Generation,Negotiation,6,5,1,16.67,83.33
413486,Aayush Dhillon,Finance,Financial Analyst,Excel; Financial Modeling; Forecasting; Sql; Valuation,Power Bi,6,5,1,16.67,83.33
413996,Ivana Sengupta,Sales,Account Manager,Client Retention; Contract Negotiation,Account Planning; Crm (Salesforce); Upselling,5,2,3,60.0,40.0
414030,Kartik Dugal,Sales,Business Development,Crm; Market Research; Pipeline Management; Strategic Pitching,Partnership Development,5,4,1,20.0,80.0
414096,Advik Hans,Finance,Accountant,Auditing; Financial Accounting; Tax Compliance,Erp Systems; Excel; Quickbooks,6,3,3,50.0,50.0
414210,Dharmajan Khurana,Marketing,Content Strategist,Content Auditing; Information Architecture; User Research,Copywriting; Seo,5,3,2,40.0,60.0
414839,Ranbir Dass,HR,Recruitment Specialist,Ats; Employer Branding,Interviewing; Salary Negotiation; Technical Sourcing,5,2,3,60.0,40.0
414900,Dharmajan Kalita,HR,Recruitment Specialist,Employer Branding; Interviewing; Salary Negotiation; Technical Sourcing,Ats,5,4,1,20.0,80.0
415369,Yuvraj  Dewan,Finance,Financial Analyst,Excel; Financial Modeling; Power Bi; Sql,Forecasting; Valuation,6,4,2,33.33,66.67
415407,Vritika Barad,IT,Data Analyst,Excel; Power Bi; Python; Statistical Analysis; Tableau,Sql,6,5,1,16.67,83.33
415417,Pihu Behl,IT,Software Engineer,Data Structures; Docker; Git; Java; Kubernetes; Python,Ci/Cd,7,6,1,14.29,85.71
415568,Manjari Devi,Marketing,Marketing Executive,Digital Marketing; Google Analytics; Seo,Campaign Management; Content Marketing,5,3,2,40.0,60.0
415592,Jayan Jani,Finance,Financial Analyst,Excel; Power Bi; Sql; Valuation,Financial Modeling; Forecasting,6,4,2,33.33,66.67
416013,Riaan Subramaniam,IT,Cybersecurity Specialist,Cryptography; Incident Response; Network Security; Penetration Testing; Siem,Python,6,5,1,16.67,83.33
416052,Jivika Saxena,Finance,Accountant,Excel; Financial Accounting; Quickbooks; Tax Compliance,Auditing; Erp Systems,6,4,2,33.33,66.67
416198,Mehul Sarkar,Marketing,SEO Specialist,Google Analytics; Html / Css Basics; On-Page Seo,Backlink Strategy; Content Optimization,5,3,2,40.0,60.0
416468,Miraan Dalal,HR,Employee Relations,Hr Policies; Investigation; Mediation,Conflict Resolution; Employment Law,5,3,2,40.0,60.0
416603,Shaan Bajwa,Marketing,Content Strategist,Content Auditing; Copywriting; Seo; User Research,Information Architecture,5,4,1,20.0,80.0
416627,Drishya Kulkarni,Marketing,Marketing Executive,Campaign Management; Google Analytics; Seo,Content Marketing; Digital Marketing,5,3,2,40.0,60.0
416998,Baiju Uppal,Finance,Accountant,Auditing; Erp Systems; Excel; Financial Accounting; Tax Compliance,Quickbooks,6,5,1,16.67,83.33
417279,Anvi Bhatti,IT,Software Engineer,Ci/Cd; Data Structures; Docker; Git; Kubernetes; Python,Java,7,6,1,14.29,85.71
417386,Mahika Sant,Marketing,Marketing Executive,Campaign Management; Digital Marketing; Google Analytics; Seo,Content Marketing,5,4,1,20.0,80.0
417698,Purab Krishnan,Marketing,Marketing Executive,Campaign Management; Content Marketing; Digital Marketing; Google Analytics,Seo,5,4,1,20.0,80.0
417829,Alia Mahal,IT,Software Engineer,Data Structures; Docker; Git; Java; Kubernetes; Python,Ci/Cd,7,6,1,14.29,85.71
418503,Ranbir Choudhury,IT,Software Engineer,Docker; Git; Kubernetes; Python,Ci/Cd; Data Structures; Java,7,4,3,42.86,57.14
418635,Rhea Gole,IT,Software Engineer,Data Structures; Docker; Git; Java,Ci/Cd; Kubernetes; Python,7,4,3,42.86,57.14
418960,Sana Hans,Finance,Auditor,Compliance; Excel; Financial Analysis; Forensic Accounting; Internal Auditing,Risk Assessment,6,5,1,16.67,83.33
418965,Hridaan Goel,Finance,Financial Analyst,Excel; Forecasting; Power Bi; Sql,Financial Modeling; Valuation,6,4,2,33.33,66.67
419253,Ivana Upadhyay,HR,Recruitment Specialist,Ats; Interviewing; Salary Negotiation; Technical Sourcing,Employer Branding,5,4,1,20.0,80.0
419950,Yashvi Varughese,IT,Cybersecurity Specialist,Cryptography; Incident Response; Penetration Testing; Python; Siem,Network Security,6,5,1,16.67,83.33
420151,Anya Wadhwa,Finance,Auditor,Compliance; Excel; Financial Analysis; Forensic Accounting; Risk Assessment,Internal Auditing,6,5,1,16.67,83.33
420188,Divit Bajaj,Sales,Business Development,Market Research; Partnership Development; Pipeline Management,Crm; Strategic Pitching,5,3,2,40.0,60.0
420355,Sahil Warrior,Finance,Financial Analyst,Excel; Forecasting; Sql,Financial Modeling; Power Bi; Valuation,6,3,3,50.0,50.0
420457,Ryan Amble,Sales,Account Manager,Account Planning; Client Retention; Contract Negotiation; Crm (Salesforce),Upselling,5,4,1,20.0,80.0
420636,Nirvi Sabharwal,HR,Recruitment Specialist,Ats; Employer Branding; Interviewing; Salary Negotiation,Technical Sourcing,5,4,1,20.0,80.0
420742,Siya Mani,HR,Recruitment Specialist,Employer Branding; Interviewing; Salary Negotiation,Ats; Technical Sourcing,5,3,2,40.0,60.0
421030,Dhruv Sankaran,Marketing,Content Strategist,Information Architecture; Seo; User Research,Content Auditing; Copywriting,5,3,2,40.0,60.0
421075,Mehul Srinivasan,IT,Cybersecurity Specialist,Incident Response; Penetration Testing; Python; Siem,Cryptography; Network Security,6,4,2,33.33,66.67
421112,Mahika Kata,IT,Data Analyst,Python; Statistical Analysis; Tableau,Excel; Power Bi; Sql,6,3,3,50.0,50.0
421407,Vaibhav Sekhon,Sales,Sales Executive,Communication; Contract Closing; Negotiation,B2B Sales; Crm; Lead Generation,6,3,3,50.0,50.0
421420,Drishya Lalla,Marketing,SEO Specialist,Backlink Strategy; Google Analytics; Html / Css Basics,Content Optimization; On-Page Seo,5,3,2,40.0,60.0
421442,Gatik Tata,HR,Recruitment Specialist,Employer Branding; Salary Negotiation; Technical Sourcing,Ats; Interviewing,5,3,2,40.0,60.0
421529,Armaan Wali,Marketing,Content Strategist,Content Auditing; Copywriting; Seo,Information Architecture; User Research,5,3,2,40.0,60.0
421596,Dhruv Kashyap,IT,Cybersecurity Specialist,Incident Response; Network Security; Python; Siem,Cryptography; Penetration Testing,6,4,2,33.33,66.67
421664,Romil Chawla,Marketing,Content Strategist,Content Auditing; Copywriting; Information Architecture; Seo,User Research,5,4,1,20.0,80.0
421809,Parinaaz Suresh,Finance,Auditor,Compliance; Forensic Accounting; Risk Assessment,Excel; Financial Analysis; Internal Auditing,6,3,3,50.0,50.0
421986,Saira Saha,Sales,Sales Executive,B2B Sales; Communication; Contract Closing; Lead Generation; Negotiation,Crm,6,5,1,16.67,83.33
422016,Lagan Bakshi,Finance,Auditor,Compliance; Excel; Financial Analysis; Forensic Accounting; Risk Assessment,Internal Auditing,6,5,1,16.67,83.33
422019,Yasmin Kara,IT,Cybersecurity Specialist,Cryptography; Incident Response; Network Security; Python; Siem,Penetration Testing,6,5,1,16.67,83.33
422041,Inaaya  Sathe,Sales,Account Manager,Account Planning; Crm (Salesforce); Upselling,Client Retention; Contract Negotiation,5,3,2,40.0,60.0
422372,Yashvi Gill,IT,Data Analyst,Excel; Power Bi; Python; Statistical Analysis; Tableau,Sql,6,5,1,16.67,83.33
422929,Fateh Saini,Marketing,SEO Specialist,Google Analytics; Html / Css Basics; On-Page Seo,Backlink Strategy; Content Optimization,5,3,2,40.0,60.0
422978,Kaira Bhatia,IT,Software Engineer,Data Structures; Docker; Git; Java; Kubernetes; Python,Ci/Cd,7,6,1,14.29,85.71
423044,Hazel Iyer,Marketing,Content Strategist,Content Auditing; Copywriting; Information Architecture; Seo,User Research,5,4,1,20.0,80.0
423076,Zoya Hora,Marketing,SEO Specialist,Backlink Strategy; Content Optimization; Google Analytics; On-Page Seo,Html / Css Basics,5,4,1,20.0,80.0
423078,Ivana Sarkar,IT,Data Analyst,Excel; Power Bi; Python; Sql; Tableau,Statistical Analysis,6,5,1,16.67,83.33
423086,Darshit Balasubramanian,IT,Cybersecurity Specialist,Cryptography; Incident Response; Network Security; Python; Siem,Penetration Testing,6,5,1,16.67,83.33
423286,Himmat Chhabra,Finance,Accountant,Auditing; Erp Systems; Excel; Financial Accounting; Tax Compliance,Quickbooks,6,5,1,16.67,83.33
423442,Onkar Sha,IT,Cybersecurity Specialist,Cryptography; Incident Response; Penetration Testing; Python; Siem,Network Security,6,5,1,16.67,83.33
424053,Adah Sahni,HR,Employee Relations,Conflict Resolution; Employment Law; Hr Policies; Mediation,Investigation,5,4,1,20.0,80.0
424195,Ranbir Sabharwal,HR,Recruitment Specialist,Employer Branding; Salary Negotiation,Ats; Interviewing; Technical Sourcing,5,2,3,60.0,40.0
424252,Madhup Rege,HR,Employee Relations,Employment Law; Hr Policies; Investigation; Mediation,Conflict Resolution,5,4,1,20.0,80.0
424372,Riya Kapur,Finance,Financial Analyst,Excel; Financial Modeling; Power Bi; Sql,Forecasting; Valuation,6,4,2,33.33,66.67
424410,Parinaaz Sarkar,Marketing,Marketing Executive,Content Marketing; Digital Marketing; Google Analytics; Seo,Campaign Management,5,4,1,20.0,80.0
424772,Eva Chawla,Sales,Sales Executive,B2B Sales; Communication; Lead Generation,Contract Closing; Crm; Negotiation,6,3,3,50.0,50.0
424970,Veer Sahota,HR,Recruitment Specialist,Ats; Employer Branding; Salary Negotiation; Technical Sourcing,Interviewing,5,4,1,20.0,80.0
425069,Myra Kar,HR,HR Manager,Employee Relations; Hris; Labor Law; Leadership; Performance Management,Talent Acquisition,6,5,1,16.67,83.33
425125,Tushar Amble,Finance,Accountant,Auditing; Erp Systems; Excel; Financial Accounting; Quickbooks,Tax Compliance,6,5,1,16.67,83.33
425152,Zoya Sankar,Sales,Business Development,Partnership Development; Pipeline Management,Crm; Market Research; Strategic Pitching,5,2,3,60.0,40.0
425169,Nitya Dugal,Finance,Auditor,Compliance; Excel; Internal Auditing; Risk Assessment,Financial Analysis; Forensic Accounting,6,4,2,33.33,66.67
425234,Lakshay Iyer,Marketing,Content Strategist,Copywriting; Information Architecture; Seo; User Research,Content Auditing,5,4,1,20.0,80.0
425637,Parinaaz Bawa,Marketing,Content Strategist,Content Auditing; Information Architecture; User Research,Copywriting; Seo,5,3,2,40.0,60.0
425648,Anika Sengupta,HR,Recruitment Specialist,Ats; Employer Branding; Salary Negotiation,Interviewing; Technical Sourcing,5,3,2,40.0,60.0
425760,Navya Solanki,HR,Recruitment Specialist,Ats; Employer Branding; Interviewing; Technical Sourcing,Salary Negotiation,5,4,1,20.0,80.0
425767,Oorja Gour,Finance,Auditor,Compliance; Excel; Financial Analysis; Forensic Accounting; Risk Assessment,Internal Auditing,6,5,1,16.67,83.33
426202,Mahika Sane,Finance,Financial Analyst,Forecasting; Power Bi; Sql,Excel; Financial Modeling; Valuation,6,3,3,50.0,50.0
426228,Lavanya Thakkar,Finance,Auditor,Compliance; Forensic Accounting; Internal Auditing; Risk Assessment,Excel; Financial Analysis,6,4,2,33.33,66.67
426627,Khushi Kothari,Marketing,Content Strategist,Content Auditing; Copywriting; Seo; User Research,Information Architecture,5,4,1,20.0,80.0
426900,Nehmat Sem,HR,Recruitment Specialist,Ats; Employer Branding; Interviewing; Salary Negotiation,Technical Sourcing,5,4,1,20.0,80.0
426921,Zaina Kothari,HR,Recruitment Specialist,Employer Branding; Interviewing; Salary Negotiation,Ats; Technical Sourcing,5,3,2,40.0,60.0
426947,Manjari Mane,Sales,Sales Executive,B2B Sales; Lead Generation; Negotiation,Communication; Contract Closing; Crm,6,3,3,50.0,50.0
426986,Aayush Rana,Sales,Account Manager,Account Planning; Client Retention; Contract Negotiation; Upselling,Crm (Salesforce),5,4,1,20.0,80.0
427191,Vanya Dasgupta,Finance,Accountant,Auditing; Financial Accounting; Quickbooks; Tax Compliance,Erp Systems; Excel,6,4,2,33.33,66.67
427388,Krish Bobal,HR,Recruitment Specialist,Ats; Employer Branding; Interviewing; Technical Sourcing,Salary Negotiation,5,4,1,20.0,80.0
427518,Neysa Magar,Marketing,SEO Specialist,Content Optimization; Html / Css Basics; On-Page Seo,Backlink Strategy; Google Analytics,5,3,2,40.0,60.0
427532,Biju Yogi,Marketing,SEO Specialist,Backlink Strategy; Content Optimization; Html / Css Basics,Google Analytics; On-Page Seo,5,3,2,40.0,60.0
427542,Samarth Kothari,IT,Cybersecurity Specialist,Penetration Testing; Python; Siem,Cryptography; Incident Response; Network Security,6,3,3,50.0,50.0
427641,Faiyaz Rajan,Marketing,SEO Specialist,Content Optimization; Google Analytics; On-Page Seo,Backlink Strategy; Html / Css Basics,5,3,2,40.0,60.0
427823,Dhruv Sur,Marketing,Marketing Executive,Content Marketing; Digital Marketing; Google Analytics; Seo,Campaign Management,5,4,1,20.0,80.0
427889,Mahika Rastogi,Sales,Sales Executive,Contract Closing; Lead Generation; Negotiation,B2B Sales; Communication; Crm,6,3,3,50.0,50.0
428037,Zeeshan Banik,Sales,Business Development,Partnership Development; Pipeline Management; Strategic Pitching,Crm; Market Research,5,3,2,40.0,60.0
428390,Sara Dugar,Sales,Business Development,Crm; Market Research; Partnership Development; Pipeline Management,Strategic Pitching,5,4,1,20.0,80.0
428395,Vedika Das,Finance,Financial Analyst,Financial Modeling; Forecasting; Power Bi; Sql,Excel; Valuation,6,4,2,33.33,66.67
428565,Samar Doshi,IT,Cybersecurity Specialist,Incident Response; Network Security; Penetration Testing; Python; Siem,Cryptography,6,5,1,16.67,83.33
428591,Hazel Savant,Finance,Auditor,Compliance; Excel; Forensic Accounting; Risk Assessment,Financial Analysis; Internal Auditing,6,4,2,33.33,66.67
428759,Rati Chandra,IT,Software Engineer,Ci/Cd; Data Structures; Docker,Git; Java; Kubernetes; Python,7,3,4,57.14,42.86
428829,Advik Srinivas,IT,Software Engineer,Ci/Cd; Docker; Git; Java; Kubernetes; Python,Data Structures,7,6,1,14.29,85.71
429167,Samar Bandi,IT,Software Engineer,Ci/Cd; Data Structures; Git; Java; Kubernetes; Python,Docker,7,6,1,14.29,85.71
429345,Sara Banerjee,Marketing,Marketing Executive,Campaign Management; Content Marketing; Digital Marketing; Seo,Google Analytics,5,4,1,20.0,80.0
429616,Vivaan Shan,Marketing,Marketing Executive,Content Marketing; Digital Marketing; Google Analytics; Seo,Campaign Management,5,4,1,20.0,80.0
429690,Arnav Mander,IT,Cybersecurity Specialist,Incident Response; Penetration Testing; Siem,Cryptography; Network Security; Python,6,3,3,50.0,50.0
429719,Kartik Chaudry,IT,Cybersecurity Specialist,Penetration Testing; Python; Siem,Cryptography; Incident Response; Network Security,6,3,3,50.0,50.0
429731,Aarav Desai,Marketing,SEO Specialist,Backlink Strategy; Content Optimization; On-Page Seo,Google Analytics; Html / Css Basics,5,3,2,40.0,60.0
429927,Yasmin Som,Sales,Business Development,Market Research; Partnership Development; Pipeline Management; Strategic Pitching,Crm,5,4,1,20.0,80.0
430080,Tara Kaur,Sales,Account Manager,Account Planning; Contract Negotiation; Crm (Salesforce),Client Retention; Upselling,5,3,2,40.0,60.0
430157,Darshit Jayaraman,Finance,Financial Analyst,Forecasting; Sql; Valuation,Excel; Financial Modeling; Power Bi,6,3,3,50.0,50.0
430701,Ishita Apte,Sales,Business Development,Market Research; Partnership Development; Strategic Pitching,Crm; Pipeline Management,5,3,2,40.0,60.0
430758,Saksham Krishna,Sales,Sales Executive,B2B Sales; Communication; Contract Closing; Crm; Lead Generation; Negotiation,,6,6,0,0.0,100.0
430810,Nitara Kapur,IT,Data Analyst,Power Bi; Sql; Statistical Analysis; Tableau,Excel; Python,6,4,2,33.33,66.67
430854,Inaaya  Shan,IT,Data Analyst,Excel; Power Bi; Sql; Statistical Analysis; Tableau,Python,6,5,1,16.67,83.33
431327,Nitara Bakshi,Sales,Sales Executive,Communication; Crm; Lead Generation,B2B Sales; Contract Closing; Negotiation,6,3,3,50.0,50.0
431608,Yuvraj  Kota,Marketing,SEO Specialist,Backlink Strategy; Google Analytics; Html / Css Basics; On-Page Seo,Content Optimization,5,4,1,20.0,80.0
431693,Jivika Balay,Sales,Account Manager,Account Planning; Contract Negotiation; Upselling,Client Retention; Crm (Salesforce),5,3,2,40.0,60.0
431797,Anahita Chauhan,IT,Cybersecurity Specialist,Cryptography; Incident Response; Penetration Testing; Python; Siem,Network Security,6,5,1,16.67,83.33
431983,Mahika Reddy,Marketing,SEO Specialist,Backlink Strategy; Google Analytics,Content Optimization; Html / Css Basics; On-Page Seo,5,2,3,60.0,40.0
432356,Taran Kaur,Marketing,Marketing Executive,Digital Marketing; Google Analytics,Campaign Management; Content Marketing; Seo,5,2,3,60.0,40.0
432523,Kimaya Jaggi,HR,Recruitment Specialist,Employer Branding; Interviewing; Salary Negotiation; Technical Sourcing,Ats,5,4,1,20.0,80.0
432623,Raunak Badal,IT,Cybersecurity Specialist,Cryptography; Penetration Testing; Python; Siem,Incident Response; Network Security,6,4,2,33.33,66.67
432784,Urvi Jayaraman,HR,Recruitment Specialist,Employer Branding; Salary Negotiation; Technical Sourcing,Ats; Interviewing,5,3,2,40.0,60.0
433033,Purab Dhingra,IT,Software Engineer,Ci/Cd; Git; Java; Kubernetes,Data Structures; Docker; Python,7,4,3,42.86,57.14
433183,Diya Ratti,HR,Recruitment Specialist,Employer Branding; Interviewing; Salary Negotiation; Technical Sourcing,Ats,5,4,1,20.0,80.0
433200,Samaira Goel,Marketing,SEO Specialist,Google Analytics; Html / Css Basics; On-Page Seo,Backlink Strategy; Content Optimization,5,3,2,40.0,60.0
433459,Ishaan Dhar,Marketing,Content Strategist,Content Auditing; Information Architecture; Seo,Copywriting; User Research,5,3,2,40.0,60.0
433550,Zara Sahota,Marketing,Content Strategist,Copywriting; Seo,Content Auditing; Information Architecture; User Research,5,2,3,60.0,40.0
433969,Yuvraj  Vaidya,Marketing,SEO Specialist,Backlink Strategy; Content Optimization; Google Analytics; On-Page Seo,Html / Css Basics,5,4,1,20.0,80.0
433973,Farhan Comar,HR,Employee Relations,Conflict Resolution; Employment Law; Investigation; Mediation,Hr Policies,5,4,1,20.0,80.0
434004,Manjari Sarna,Finance,Auditor,Compliance; Excel; Financial Analysis; Forensic Accounting; Internal Auditing,Risk Assessment,6,5,1,16.67,83.33
434108,Jiya Biswas,Finance,Auditor,Excel; Financial Analysis; Forensic Accounting; Internal Auditing; Risk Assessment,Compliance,6,5,1,16.67,83.33
434481,Ivan Bhatt,Sales,Business Development,Crm; Market Research,Partnership Development; Pipeline Management; Strategic Pitching,5,2,3,60.0,40.0
434511,Damini Sabharwal,HR,HR Manager,Leadership; Performance Management; Talent Acquisition,Employee Relations; Hris; Labor Law,6,3,3,50.0,50.0
434717,Miraan Seshadri,IT,Data Analyst,Power Bi; Python; Sql; Statistical Analysis; Tableau,Excel,6,5,1,16.67,83.33
434736,Mishti Gaba,Marketing,SEO Specialist,Content Optimization; Google Analytics; On-Page Seo,Backlink Strategy; Html / Css Basics,5,3,2,40.0,60.0
434743,Piya Viswanathan,Marketing,Content Strategist,Content Auditing; Information Architecture; Seo; User Research,Copywriting,5,4,1,20.0,80.0
434839,Zoya Din,IT,Data Analyst,Power Bi; Python; Tableau,Excel; Sql; Statistical Analysis,6,3,3,50.0,50.0
435297,Hiran Agate,Marketing,SEO Specialist,Backlink Strategy; Google Analytics; Html / Css Basics; On-Page Seo,Content Optimization,5,4,1,20.0,80.0
435587,Veer Chander,Finance,Financial Analyst,Excel; Financial Modeling; Forecasting; Sql,Power Bi; Valuation,6,4,2,33.33,66.67
435695,Alia Sangha,IT,Cybersecurity Specialist,Cryptography; Incident Response; Penetration Testing; Python,Network Security; Siem,6,4,2,33.33,66.67
435928,Zara Sankaran,Marketing,Content Strategist,Content Auditing; Copywriting; Information Architecture; Seo,User Research,5,4,1,20.0,80.0
436324,Aaina Sahota,HR,Employee Relations,Conflict Resolution; Hr Policies; Investigation,Employment Law; Mediation,5,3,2,40.0,60.0
436452,Dhanush Vohra,Marketing,SEO Specialist,Backlink Strategy; Google Analytics; Html / Css Basics; On-Page Seo,Content Optimization,5,4,1,20.0,80.0
436654,Akarsh Kadakia,HR,Recruitment Specialist,Ats; Employer Branding; Salary Negotiation,Interviewing; Technical Sourcing,5,3,2,40.0,60.0
437116,Zoya Badami,IT,Software Engineer,Ci/Cd; Data Structures; Docker; Kubernetes,Git; Java; Python,7,4,3,42.86,57.14
437784,Hridaan Bajwa,Finance,Accountant,Auditing; Excel; Quickbooks; Tax Compliance,Erp Systems; Financial Accounting,6,4,2,33.33,66.67
437789,Kanav Sem,IT,Cybersecurity Specialist,Incident Response; Network Security; Penetration Testing; Python; Siem,Cryptography,6,5,1,16.67,83.33
437852,Chirag Lanka,Finance,Financial Analyst,Excel; Financial Modeling; Forecasting; Power Bi; Valuation,Sql,6,5,1,16.67,83.33
437918,Prerak Buch,Sales,Sales Executive,Communication; Contract Closing; Crm; Negotiation,B2B Sales; Lead Generation,6,4,2,33.33,66.67
438030,Mishti Ravi,Finance,Accountant,Auditing; Erp Systems; Excel; Financial Accounting; Tax Compliance,Quickbooks,6,5,1,16.67,83.33
438055,Mannat Raja,Sales,Business Development,Partnership Development; Pipeline Management; Strategic Pitching,Crm; Market Research,5,3,2,40.0,60.0
438306,Vihaan Kota,Sales,Account Manager,Account Planning; Crm (Salesforce); Upselling,Client Retention; Contract Negotiation,5,3,2,40.0,60.0
438498,Divit Apte,Finance,Auditor,Financial Analysis; Forensic Accounting; Internal Auditing,Compliance; Excel; Risk Assessment,6,3,3,50.0,50.0
438556,Jayan Shetty,IT,Software Engineer,Ci/Cd; Docker; Git; Kubernetes; Python,Data Structures; Java,7,5,2,28.57,71.43
438675,Hansh Dey,Marketing,Marketing Executive,Campaign Management; Content Marketing; Digital Marketing; Google Analytics,Seo,5,4,1,20.0,80.0
438794,Misha Karnik,Marketing,Marketing Executive,Campaign Management; Content Marketing; Google Analytics,Digital Marketing; Seo,5,3,2,40.0,60.0
439150,Nirvaan Sandal,Finance,Accountant,Auditing; Erp Systems; Excel; Financial Accounting; Tax Compliance,Quickbooks,6,5,1,16.67,83.33
439231,Rasha Buch,HR,Employee Relations,Hr Policies; Investigation; Mediation,Conflict Resolution; Employment Law,5,3,2,40.0,60.0
439247,Anvi Garg,Finance,Accountant,Financial Accounting; Quickbooks; Tax Compliance,Auditing; Erp Systems; Excel,6,3,3,50.0,50.0
439325,Saanvi Bava,HR,Recruitment Specialist,Ats; Interviewing; Technical Sourcing,Employer Branding; Salary Negotiation,5,3,2,40.0,60.0
439425,Jayan Magar,HR,Employee Relations,Employment Law; Hr Policies; Investigation; Mediation,Conflict Resolution,5,4,1,20.0,80.0
439427,Vivaan Bajwa,HR,Employee Relations,Conflict Resolution; Employment Law; Hr Policies; Investigation,Mediation,5,4,1,20.0,80.0
439460,Nayantara Chauhan,IT,Software Engineer,Data Structures; Docker; Git; Java; Kubernetes; Python,Ci/Cd,7,6,1,14.29,85.71
439866,Shlok Saini,Finance,Auditor,Compliance; Excel; Forensic Accounting; Internal Auditing; Risk Assessment,Financial Analysis,6,5,1,16.67,83.33
439957,Diya Dalal,IT,Software Engineer,Ci/Cd; Data Structures; Docker; Git; Kubernetes,Java; Python,7,5,2,28.57,71.43
439966,Abram Madan,IT,Data Analyst,Excel; Power Bi; Python; Sql; Statistical Analysis,Tableau,6,5,1,16.67,83.33
440183,Saira Choudhury,Marketing,Content Strategist,Information Architecture; Seo; User Research,Content Auditing; Copywriting,5,3,2,40.0,60.0
440195,Drishya Handa,Finance,Auditor,Compliance; Excel; Financial Analysis; Internal Auditing,Forensic Accounting; Risk Assessment,6,4,2,33.33,66.67
440215,Himmat Ramachandran,Sales,Account Manager,Client Retention; Contract Negotiation; Upselling,Account Planning; Crm (Salesforce),5,3,2,40.0,60.0
440512,Vidur Bera,Marketing,Content Strategist,Copywriting; Information Architecture; Seo; User Research,Content Auditing,5,4,1,20.0,80.0
440728,Hansh Badal,Finance,Accountant,Erp Systems; Excel; Financial Accounting; Quickbooks; Tax Compliance,Auditing,6,5,1,16.67,83.33
440783,Pihu Mand,Sales,Sales Executive,Communication; Contract Closing; Lead Generation; Negotiation,B2B Sales; Crm,6,4,2,33.33,66.67
441034,Shaan Sundaram,IT,Software Engineer,Ci/Cd; Docker; Git; Java; Kubernetes; Python,Data Structures,7,6,1,14.29,85.71
441111,Taimur Sagar,Sales,Business Development,Market Research; Partnership Development; Pipeline Management; Strategic Pitching,Crm,5,4,1,20.0,80.0
441410,Yashvi Bhattacharyya,Finance,Auditor,Forensic Accounting; Internal Auditing; Risk Assessment,Compliance; Excel; Financial Analysis,6,3,3,50.0,50.0
441424,Uthkarsh Vig,Finance,Accountant,Auditing; Erp Systems; Excel; Financial Accounting; Quickbooks,Tax Compliance,6,5,1,16.67,83.33
441444,Fateh Kumar,Sales,Account Manager,Account Planning; Upselling,Client Retention; Contract Negotiation; Crm (Salesforce),5,2,3,60.0,40.0
441486,Saira Salvi,Sales,Sales Executive,B2B Sales; Communication; Crm; Lead Generation; Negotiation,Contract Closing,6,5,1,16.67,83.33
441547,Faiyaz Raval,HR,Recruitment Specialist,Ats; Employer Branding; Salary Negotiation,Interviewing; Technical Sourcing,5,3,2,40.0,60.0
441767,Pihu Soman,HR,HR Manager,Employee Relations; Leadership; Performance Management; Talent Acquisition,Hris; Labor Law,6,4,2,33.33,66.67
441954,Jhanvi Chaudhari,Marketing,Content Strategist,Copywriting; Information Architecture; Seo; User Research,Content Auditing,5,4,1,20.0,80.0
442187,Dhanuk Roy,Sales,Account Manager,Account Planning; Client Retention; Contract Negotiation; Upselling,Crm (Salesforce),5,4,1,20.0,80.0
442344,Aarna Sandhu,HR,Recruitment Specialist,Employer Branding; Salary Negotiation; Technical Sourcing,Ats; Interviewing,5,3,2,40.0,60.0
442346,Riya Mangat,Marketing,SEO Specialist,Backlink Strategy; Content Optimization; Html / Css Basics; On-Page Seo,Google Analytics,5,4,1,20.0,80.0
442755,Adira Krishna,Sales,Sales Executive,Communication; Contract Closing; Crm; Lead Generation; Negotiation,B2B Sales,6,5,1,16.67,83.33
442984,Ishaan Dave,IT,Cybersecurity Specialist,Incident Response; Network Security; Penetration Testing; Python; Siem,Cryptography,6,5,1,16.67,83.33
444181,Khushi Sehgal,Marketing,Content Strategist,Content Auditing; Copywriting; Seo,Information Architecture; User Research,5,3,2,40.0,60.0
444361,Shanaya Hegde,Sales,Sales Executive,B2B Sales; Communication; Contract Closing; Negotiation,Crm; Lead Generation,6,4,2,33.33,66.67
444501,Madhup Ahluwalia,Finance,Auditor,Compliance; Excel; Forensic Accounting,Financial Analysis; Internal Auditing; Risk Assessment,6,3,3,50.0,50.0
444563,Arhaan Dalal,IT,Software Engineer,Data Structures; Git; Java; Kubernetes; Python,Ci/Cd; Docker,7,5,2,28.57,71.43
444969,Ira Lanka,HR,HR Manager,Employee Relations; Labor Law; Performance Management; Talent Acquisition,Hris; Leadership,6,4,2,33.33,66.67
445495,Saanvi Mall,Sales,Sales Executive,Crm; Lead Generation; Negotiation,B2B Sales; Communication; Contract Closing,6,3,3,50.0,50.0
445720,Amani Bhat,Finance,Auditor,Compliance; Financial Analysis; Internal Auditing,Excel; Forensic Accounting; Risk Assessment,6,3,3,50.0,50.0
445843,Kismat Dugar,Sales,Business Development,Crm; Market Research; Strategic Pitching,Partnership Development; Pipeline Management,5,3,2,40.0,60.0
446077,Kartik Mahajan,Sales,Account Manager,Contract Negotiation; Crm (Salesforce); Upselling,Account Planning; Client Retention,5,3,2,40.0,60.0
446189,Shalv Hari,Finance,Accountant,Auditing; Erp Systems; Financial Accounting; Quickbooks; Tax Compliance,Excel,6,5,1,16.67,83.33
446238,Ishaan Kuruvilla,HR,HR Manager,Leadership; Performance Management; Talent Acquisition,Employee Relations; Hris; Labor Law,6,3,3,50.0,50.0
446248,Jayesh Gola,HR,Recruitment Specialist,Interviewing; Salary Negotiation; Technical Sourcing,Ats; Employer Branding,5,3,2,40.0,60.0
446955,Dhruv Dugal,Finance,Accountant,Auditing; Excel; Financial Accounting; Quickbooks; Tax Compliance,Erp Systems,6,5,1,16.67,83.33
447271,Raghav Aurora,IT,Data Analyst,Excel; Power Bi; Python; Statistical Analysis,Sql; Tableau,6,4,2,33.33,66.67
447327,Akarsh Upadhyay,Sales,Account Manager,Account Planning; Client Retention; Upselling,Contract Negotiation; Crm (Salesforce),5,3,2,40.0,60.0
448359,Advik Tara,IT,Cybersecurity Specialist,Network Security; Penetration Testing; Python,Cryptography; Incident Response; Siem,6,3,3,50.0,50.0
449495,Vanya Chad,Marketing,Marketing Executive,Campaign Management; Digital Marketing; Google Analytics; Seo,Content Marketing,5,4,1,20.0,80.0
449589,Siya Mane,Finance,Accountant,Auditing; Excel; Financial Accounting; Tax Compliance,Erp Systems; Quickbooks,6,4,2,33.33,66.67
449648,Anya Balakrishnan,Marketing,Content Strategist,Content Auditing; Information Architecture; Seo; User Research,Copywriting,5,4,1,20.0,80.0
449776,Heer Lala,Finance,Accountant,Erp Systems; Excel; Financial Accounting; Quickbooks,Auditing; Tax Compliance,6,4,2,33.33,66.67
449851,Ela Jhaveri,Finance,Accountant,Erp Systems; Excel; Financial Accounting; Quickbooks; Tax Compliance,Auditing,6,5,1,16.67,83.33
449942,Gatik Ratta,IT,Cybersecurity Specialist,Cryptography; Network Security; Python; Siem,Incident Response; Penetration Testing,6,4,2,33.33,66.67
449953,Zara Lal,Finance,Auditor,Compliance; Excel; Financial Analysis; Forensic Accounting; Risk Assessment,Internal Auditing,6,5,1,16.67,83.33
450136,Shlok Boase,Marketing,Content Strategist,Content Auditing; Copywriting; Information Architecture,Seo; User Research,5,3,2,40.0,60.0
450295,Yashvi Mani,IT,Software Engineer,Data Structures; Git; Java; Kubernetes; Python,Ci/Cd; Docker,7,5,2,28.57,71.43
450579,Adah Majumdar,IT,Software Engineer,Data Structures; Docker; Git; Java,Ci/Cd; Kubernetes; Python,7,4,3,42.86,57.14
450629,Zaina Rau,IT,Data Analyst,Excel; Power Bi; Python,Sql; Statistical Analysis; Tableau,6,3,3,50.0,50.0
450922,Adira Ganesh,HR,HR Manager,Employee Relations; Hris; Leadership; Talent Acquisition,Labor Law; Performance Management,6,4,2,33.33,66.67
450996,Akarsh Suri,IT,Cybersecurity Specialist,Network Security; Python; Siem,Cryptography; Incident Response; Penetration Testing,6,3,3,50.0,50.0
451093,Divij Dhar,Finance,Financial Analyst,Excel; Forecasting; Power Bi; Sql; Valuation,Financial Modeling,6,5,1,16.67,83.33
451710,Miraan Halder,Finance,Auditor,Compliance; Financial Analysis; Forensic Accounting; Internal Auditing,Excel; Risk Assessment,6,4,2,33.33,66.67
451785,Fateh Chauhan,Finance,Auditor,Compliance; Excel; Financial Analysis; Risk Assessment,Forensic Accounting; Internal Auditing,6,4,2,33.33,66.67
452074,Nitara Sane,Sales,Sales Executive,Contract Closing; Lead Generation; Negotiation,B2B Sales; Communication; Crm,6,3,3,50.0,50.0
452560,Mamooty Raj,Sales,Account Manager,Client Retention; Contract Negotiation; Upselling,Account Planning; Crm (Salesforce),5,3,2,40.0,60.0
452579,Taimur Sandal,Finance,Financial Analyst,Financial Modeling; Power Bi; Sql,Excel; Forecasting; Valuation,6,3,3,50.0,50.0
452755,Lakshit Karan,Sales,Business Development,Market Research; Partnership Development; Pipeline Management; Strategic Pitching,Crm,5,4,1,20.0,80.0
453232,Hunar Sharaf,Sales,Sales Executive,Communication; Contract Closing; Crm; Lead Generation,B2B Sales; Negotiation,6,4,2,33.33,66.67
453361,Indranil Chaudhuri,Marketing,Marketing Executive,Campaign Management; Content Marketing; Digital Marketing; Seo,Google Analytics,5,4,1,20.0,80.0
453414,Dhruv Sankaran,Sales,Sales Executive,B2B Sales; Communication; Contract Closing; Lead Generation; Negotiation,Crm,6,5,1,16.67,83.33
453419,Purab Tripathi,Sales,Sales Executive,B2B Sales; Communication; Contract Closing; Crm,Lead Generation; Negotiation,6,4,2,33.33,66.67
453437,Ela Dada,Sales,Sales Executive,Communication; Crm; Lead Generation; Negotiation,B2B Sales; Contract Closing,6,4,2,33.33,66.67
453442,Rhea Loyal,HR,Recruitment Specialist,Ats; Employer Branding; Salary Negotiation; Technical Sourcing,Interviewing,5,4,1,20.0,80.0
453674,Nirvi Ganguly,Sales,Account Manager,Client Retention; Contract Negotiation; Crm (Salesforce); Upselling,Account Planning,5,4,1,20.0,80.0
454195,Yakshit Gill,IT,Cybersecurity Specialist,Cryptography; Incident Response; Network Security; Penetration Testing; Siem,Python,6,5,1,16.67,83.33
454328,Myra Hayre,HR,HR Manager,Employee Relations; Labor Law; Leadership; Performance Management,Hris; Talent Acquisition,6,4,2,33.33,66.67
454457,Ivan Batta,Sales,Business Development,Crm; Partnership Development; Pipeline Management; Strategic Pitching,Market Research,5,4,1,20.0,80.0
454551,Pranay Toor,Sales,Business Development,Market Research; Partnership Development; Pipeline Management; Strategic Pitching,Crm,5,4,1,20.0,80.0
454605,Anya Bassi,HR,Employee Relations,Conflict Resolution; Employment Law; Investigation,Hr Policies; Mediation,5,3,2,40.0,60.0
454617,Inaaya  Chacko,HR,Recruitment Specialist,Employer Branding; Interviewing; Technical Sourcing,Ats; Salary Negotiation,5,3,2,40.0,60.0
454665,Divij Karpe,Sales,Account Manager,Account Planning; Contract Negotiation; Upselling,Client Retention; Crm (Salesforce),5,3,2,40.0,60.0
454789,Vardaniya Bhat,IT,Cybersecurity Specialist,Cryptography; Incident Response; Network Security; Penetration Testing; Siem,Python,6,5,1,16.67,83.33
455338,Ira Mani,Finance,Accountant,Auditing; Excel; Financial Accounting; Quickbooks; Tax Compliance,Erp Systems,6,5,1,16.67,83.33
455357,Purab Kaur,IT,Data Analyst,Excel; Sql; Statistical Analysis,Power Bi; Python; Tableau,6,3,3,50.0,50.0
455358,Aarush Dixit,IT,Cybersecurity Specialist,Incident Response; Network Security; Python; Siem,Cryptography; Penetration Testing,6,4,2,33.33,66.67
456365,Oorja Sethi,Marketing,Content Strategist,Content Auditing; Copywriting; User Research,Information Architecture; Seo,5,3,2,40.0,60.0
456483,Aniruddh Agrawal,Marketing,Content Strategist,Content Auditing; Copywriting; Seo; User Research,Information Architecture,5,4,1,20.0,80.0
456525,Vardaniya Kala,Marketing,Marketing Executive,Campaign Management; Content Marketing; Digital Marketing; Seo,Google Analytics,5,4,1,20.0,80.0
456614,Saksham Lad,IT,Software Engineer,Data Structures; Docker; Kubernetes; Python,Ci/Cd; Git; Java,7,4,3,42.86,57.14
456634,Eva Bhardwaj,HR,Employee Relations,Conflict Resolution; Employment Law; Hr Policies; Investigation,Mediation,5,4,1,20.0,80.0
456919,Prisha Lanka,Finance,Accountant,Auditing; Erp Systems; Excel; Quickbooks,Financial Accounting; Tax Compliance,6,4,2,33.33,66.67
457226,Umang Hans,Finance,Financial Analyst,Excel; Forecasting; Power Bi; Sql; Valuation,Financial Modeling,6,5,1,16.67,83.33
457483,Vihaan Manne,Sales,Sales Executive,Communication; Lead Generation; Negotiation,B2B Sales; Contract Closing; Crm,6,3,3,50.0,50.0
457604,Saira Kothari,Finance,Financial Analyst,Forecasting; Power Bi; Sql,Excel; Financial Modeling; Valuation,6,3,3,50.0,50.0
457901,Indrans Mahal,HR,HR Manager,Hris; Labor Law; Performance Management; Talent Acquisition,Employee Relations; Leadership,6,4,2,33.33,66.67
457913,Ela Bail,Finance,Auditor,Compliance; Excel; Internal Auditing,Financial Analysis; Forensic Accounting; Risk Assessment,6,3,3,50.0,50.0
458013,Saira Verma,Sales,Account Manager,Account Planning; Contract Negotiation; Crm (Salesforce),Client Retention; Upselling,5,3,2,40.0,60.0
458278,Arnav Suri,IT,Cybersecurity Specialist,Cryptography; Incident Response; Penetration Testing; Python; Siem,Network Security,6,5,1,16.67,83.33
458987,Divyansh Sachdeva,Sales,Account Manager,Account Planning; Client Retention; Crm (Salesforce),Contract Negotiation; Upselling,5,3,2,40.0,60.0
459232,Sana Sura,Marketing,Marketing Executive,Campaign Management; Content Marketing; Google Analytics; Seo,Digital Marketing,5,4,1,20.0,80.0
459243,Sana Dugar,HR,Employee Relations,Employment Law; Hr Policies; Investigation,Conflict Resolution; Mediation,5,3,2,40.0,60.0
459649,Akarsh Iyengar,Marketing,Content Strategist,Content Auditing; Copywriting; Information Architecture; Seo,User Research,5,4,1,20.0,80.0
459765,Adira Ravel,Finance,Auditor,Compliance; Financial Analysis; Forensic Accounting; Internal Auditing; Risk Assessment,Excel,6,5,1,16.67,83.33
460339,Nakul Mammen,HR,HR Manager,Employee Relations; Hris; Labor Law; Talent Acquisition,Leadership; Performance Management,6,4,2,33.33,66.67
460624,Priyansh Dua,Finance,Financial Analyst,Excel; Forecasting; Power Bi; Valuation,Financial Modeling; Sql,6,4,2,33.33,66.67
460684,Aaryahi Wadhwa,Finance,Accountant,Auditing; Erp Systems; Excel,Financial Accounting; Quickbooks; Tax Compliance,6,3,3,50.0,50.0
460858,Dishani Bhandari,Marketing,SEO Specialist,Backlink Strategy; Content Optimization,Google Analytics; Html / Css Basics; On-Page Seo,5,2,3,60.0,40.0
460968,Sahil Goel,Sales,Account Manager,Account Planning; Client Retention; Crm (Salesforce); Upselling,Contract Negotiation,5,4,1,20.0,80.0
461060,Anay Sethi,Marketing,Marketing Executive,Campaign Management; Content Marketing; Digital Marketing; Seo,Google Analytics,5,4,1,20.0,80.0
461348,Ivana Edwin,IT,Data Analyst,Excel; Power Bi; Python; Sql; Statistical Analysis,Tableau,6,5,1,16.67,83.33
461477,Miraya Reddy,Marketing,Marketing Executive,Campaign Management; Google Analytics; Seo,Content Marketing; Digital Marketing,5,3,2,40.0,60.0
461648,Vidur Dugar,IT,Data Analyst,Power Bi; Python; Sql; Statistical Analysis; Tableau,Excel,6,5,1,16.67,83.33
461843,Shlok Bhasin,IT,Data Analyst,Power Bi; Python; Sql; Statistical Analysis; Tableau,Excel,6,5,1,16.67,83.33
461876,Parinaaz Dutta,IT,Data Analyst,Python; Sql; Tableau,Excel; Power Bi; Statistical Analysis,6,3,3,50.0,50.0
462042,Rasha Kapoor,Finance,Accountant,Erp Systems; Excel; Financial Accounting; Quickbooks,Auditing; Tax Compliance,6,4,2,33.33,66.67
462162,Nakul Lalla,Finance,Accountant,Auditing; Erp Systems; Excel; Quickbooks,Financial Accounting; Tax Compliance,6,4,2,33.33,66.67
462417,Hiran Mahajan,IT,Software Engineer,Data Structures; Docker; Git; Java; Kubernetes; Python,Ci/Cd,7,6,1,14.29,85.71
462642,Mahika Lata,IT,Data Analyst,Excel; Power Bi; Python; Sql; Tableau,Statistical Analysis,6,5,1,16.67,83.33
462834,Hazel Bera,HR,Employee Relations,Employment Law; Hr Policies; Investigation; Mediation,Conflict Resolution,5,4,1,20.0,80.0
462961,Indrajit Ramanathan,Sales,Account Manager,Account Planning; Crm (Salesforce); Upselling,Client Retention; Contract Negotiation,5,3,2,40.0,60.0
462986,Anya Buch,Marketing,SEO Specialist,Content Optimization; Google Analytics; Html / Css Basics,Backlink Strategy; On-Page Seo,5,3,2,40.0,60.0
463295,Himmat Ramachandran,Marketing,Marketing Executive,Campaign Management; Digital Marketing; Google Analytics; Seo,Content Marketing,5,4,1,20.0,80.0
463794,Rasha Kothari,Sales,Business Development,Market Research; Partnership Development; Strategic Pitching,Crm; Pipeline Management,5,3,2,40.0,60.0
464246,Armaan Ahuja,Sales,Sales Executive,B2B Sales; Communication; Lead Generation; Negotiation,Contract Closing; Crm,6,4,2,33.33,66.67
464263,Shanaya Date,IT,Software Engineer,Ci/Cd; Data Structures; Docker; Git; Java; Kubernetes,Python,7,6,1,14.29,85.71
464437,Inaaya  Dave,Finance,Auditor,Compliance; Excel; Financial Analysis; Forensic Accounting; Internal Auditing,Risk Assessment,6,5,1,16.67,83.33
464576,Seher Kala,Finance,Auditor,Excel; Financial Analysis; Forensic Accounting; Risk Assessment,Compliance; Internal Auditing,6,4,2,33.33,66.67
464841,Rohan Arora,HR,Employee Relations,Hr Policies; Investigation; Mediation,Conflict Resolution; Employment Law,5,3,2,40.0,60.0
465158,Indrans Sehgal,Finance,Auditor,Compliance; Financial Analysis; Internal Auditing; Risk Assessment,Excel; Forensic Accounting,6,4,2,33.33,66.67
465476,Onkar Garde,IT,Cybersecurity Specialist,Penetration Testing; Python; Siem,Cryptography; Incident Response; Network Security,6,3,3,50.0,50.0
465527,Yasmin Dada,HR,Recruitment Specialist,Employer Branding; Interviewing; Salary Negotiation; Technical Sourcing,Ats,5,4,1,20.0,80.0
466133,Zara Bumb,Finance,Accountant,Auditing; Erp Systems; Excel; Quickbooks; Tax Compliance,Financial Accounting,6,5,1,16.67,83.33
466224,Mehul Boase,Finance,Financial Analyst,Excel; Forecasting; Power Bi; Sql,Financial Modeling; Valuation,6,4,2,33.33,66.67
466311,Rasha Sanghvi,HR,HR Manager,Employee Relations; Leadership; Performance Management,Hris; Labor Law; Talent Acquisition,6,3,3,50.0,50.0
466374,Raghav Chaudhari,Finance,Financial Analyst,Excel; Sql; Valuation,Financial Modeling; Forecasting; Power Bi,6,3,3,50.0,50.0
466622,Vedika Lall,Marketing,Marketing Executive,Content Marketing; Digital Marketing; Google Analytics; Seo,Campaign Management,5,4,1,20.0,80.0
467028,Anika Hegde,IT,Data Analyst,Power Bi; Python; Sql; Statistical Analysis,Excel; Tableau,6,4,2,33.33,66.67
467053,Anay Sankaran,Sales,Account Manager,Account Planning; Crm (Salesforce); Upselling,Client Retention; Contract Negotiation,5,3,2,40.0,60.0
467161,Neelofar Bali,Finance,Auditor,Compliance; Financial Analysis; Internal Auditing; Risk Assessment,Excel; Forensic Accounting,6,4,2,33.33,66.67
467268,Suhana Varughese,Marketing,SEO Specialist,Content Optimization; Google Analytics; Html / Css Basics,Backlink Strategy; On-Page Seo,5,3,2,40.0,60.0
467412,Gatik Salvi,IT,Data Analyst,Power Bi; Sql; Statistical Analysis; Tableau,Excel; Python,6,4,2,33.33,66.67
467489,Biju Iyengar,HR,HR Manager,Employee Relations; Hris; Labor Law; Leadership; Performance Management,Talent Acquisition,6,5,1,16.67,83.33
467569,Rati Seshadri,Marketing,Content Strategist,Content Auditing; Copywriting,Information Architecture; Seo; User Research,5,2,3,60.0,40.0
467576,Sumer Shenoy,Marketing,Marketing Executive,Campaign Management; Content Marketing; Seo,Digital Marketing; Google Analytics,5,3,2,40.0,60.0
467771,Mahika Hayre,IT,Cybersecurity Specialist,Cryptography; Incident Response; Network Security; Python; Siem,Penetration Testing,6,5,1,16.67,83.33
468216,Zeeshan Shankar,Sales,Business Development,Market Research; Partnership Development; Strategic Pitching,Crm; Pipeline Management,5,3,2,40.0,60.0
468292,Piya Basak,IT,Cybersecurity Specialist,Incident Response; Penetration Testing; Python; Siem,Cryptography; Network Security,6,4,2,33.33,66.67
468320,Mishti Tiwari,IT,Data Analyst,Excel; Python; Sql; Statistical Analysis; Tableau,Power Bi,6,5,1,16.67,83.33
468358,Nirvaan Sethi,HR,Recruitment Specialist,Interviewing; Salary Negotiation; Technical Sourcing,Ats; Employer Branding,5,3,2,40.0,60.0
468678,Ishaan Sankaran,IT,Software Engineer,Ci/Cd; Data Structures; Docker; Git; Kubernetes; Python,Java,7,6,1,14.29,85.71
469127,Advik Mangal,HR,HR Manager,Employee Relations; Leadership; Talent Acquisition,Hris; Labor Law; Performance Management,6,3,3,50.0,50.0
469514,Ela Setty,Sales,Account Manager,Account Planning; Client Retention; Contract Negotiation; Crm (Salesforce),Upselling,5,4,1,20.0,80.0
469894,Damini Sachar,Finance,Accountant,Auditing; Excel; Financial Accounting; Quickbooks; Tax Compliance,Erp Systems,6,5,1,16.67,83.33
469954,Ehsaan Bakshi,HR,Recruitment Specialist,Ats; Employer Branding; Interviewing; Salary Negotiation,Technical Sourcing,5,4,1,20.0,80.0
470019,Hansh Khanna,HR,Recruitment Specialist,Ats; Employer Branding; Interviewing; Technical Sourcing,Salary Negotiation,5,4,1,20.0,80.0
470545,Jayesh Lala,IT,Cybersecurity Specialist,Network Security; Penetration Testing; Python,Cryptography; Incident Response; Siem,6,3,3,50.0,50.0
470652,Ahana  Loyal,HR,HR Manager,Hris; Labor Law; Performance Management; Talent Acquisition,Employee Relations; Leadership,6,4,2,33.33,66.67
471042,Yashvi D’Alia,Marketing,Marketing Executive,Content Marketing; Digital Marketing; Google Analytics,Campaign Management; Seo,5,3,2,40.0,60.0
471062,Inaaya  Viswanathan,IT,Cybersecurity Specialist,Cryptography; Network Security; Penetration Testing; Python; Siem,Incident Response,6,5,1,16.67,83.33
471162,Vidur Vasa,Finance,Financial Analyst,Forecasting; Power Bi; Sql,Excel; Financial Modeling; Valuation,6,3,3,50.0,50.0
471393,Divyansh Roy,IT,Cybersecurity Specialist,Cryptography; Incident Response; Network Security; Penetration Testing; Python,Siem,6,5,1,16.67,83.33
471416,Fateh Khanna,Finance,Auditor,Financial Analysis; Internal Auditing; Risk Assessment,Compliance; Excel; Forensic Accounting,6,3,3,50.0,50.0
471658,Seher Bhatnagar,Sales,Sales Executive,Communication; Contract Closing; Lead Generation; Negotiation,B2B Sales; Crm,6,4,2,33.33,66.67
471878,Advik Walla,Marketing,SEO Specialist,Backlink Strategy; Google Analytics; Html / Css Basics; On-Page Seo,Content Optimization,5,4,1,20.0,80.0
471920,Neelofar Mangal,HR,HR Manager,Employee Relations; Labor Law; Leadership; Performance Management; Talent Acquisition,Hris,6,5,1,16.67,83.33
472068,Zain Sandhu,IT,Cybersecurity Specialist,Cryptography; Incident Response; Network Security; Python; Siem,Penetration Testing,6,5,1,16.67,83.33
472083,Saanvi Bora,IT,Software Engineer,Data Structures; Docker; Git; Kubernetes; Python,Ci/Cd; Java,7,5,2,28.57,71.43
472499,Charvi Sekhon,Finance,Financial Analyst,Power Bi; Sql; Valuation,Excel; Financial Modeling; Forecasting,6,3,3,50.0,50.0
472501,Ishaan Deshmukh,Sales,Business Development,Crm; Market Research; Partnership Development,Pipeline Management; Strategic Pitching,5,3,2,40.0,60.0
472554,Kiara Bhatnagar,IT,Data Analyst,Excel; Power Bi; Sql; Statistical Analysis,Python; Tableau,6,4,2,33.33,66.67
472565,Ahana  Bains,HR,HR Manager,Employee Relations; Hris; Performance Management,Labor Law; Leadership; Talent Acquisition,6,3,3,50.0,50.0
472796,Sahil Sunder,Marketing,Marketing Executive,Content Marketing; Google Analytics; Seo,Campaign Management; Digital Marketing,5,3,2,40.0,60.0
472977,Jhanvi Hayre,Sales,Sales Executive,B2B Sales; Communication; Contract Closing; Lead Generation; Negotiation,Crm,6,5,1,16.67,83.33
473298,Vritika Vasa,Finance,Accountant,Erp Systems; Excel; Quickbooks; Tax Compliance,Auditing; Financial Accounting,6,4,2,33.33,66.67
473464,Shanaya Rao,Sales,Sales Executive,B2B Sales; Contract Closing; Crm; Lead Generation,Communication; Negotiation,6,4,2,33.33,66.67
473877,Lagan Sant,IT,Cybersecurity Specialist,Network Security; Penetration Testing; Python; Siem,Cryptography; Incident Response,6,4,2,33.33,66.67
474033,Dhanuk Mahal,Finance,Auditor,Compliance; Financial Analysis; Internal Auditing; Risk Assessment,Excel; Forensic Accounting,6,4,2,33.33,66.67
474256,Ishita Walla,Marketing,Content Strategist,Content Auditing; Copywriting; Information Architecture,Seo; User Research,5,3,2,40.0,60.0
474625,Kismat Reddy,HR,Employee Relations,Conflict Resolution; Employment Law; Hr Policies; Investigation,Mediation,5,4,1,20.0,80.0
474721,Sara Dass,HR,Recruitment Specialist,Ats; Employer Branding; Interviewing,Salary Negotiation; Technical Sourcing,5,3,2,40.0,60.0
474749,Seher Hora,IT,Data Analyst,Excel; Power Bi; Python; Sql; Tableau,Statistical Analysis,6,5,1,16.67,83.33
474974,Ira Das,Sales,Business Development,Crm; Market Research; Partnership Development,Pipeline Management; Strategic Pitching,5,3,2,40.0,60.0
475371,Jhanvi Goswami,Finance,Auditor,Compliance; Financial Analysis; Internal Auditing,Excel; Forensic Accounting; Risk Assessment,6,3,3,50.0,50.0
475929,Hrishita Hans,Finance,Accountant,Auditing; Erp Systems; Excel; Quickbooks; Tax Compliance,Financial Accounting,6,5,1,16.67,83.33
476049,Neysa Thakur,Sales,Account Manager,Account Planning; Contract Negotiation; Crm (Salesforce),Client Retention; Upselling,5,3,2,40.0,60.0
476084,Rasha Sarkar,Marketing,SEO Specialist,Backlink Strategy; Content Optimization; Html / Css Basics,Google Analytics; On-Page Seo,5,3,2,40.0,60.0
476370,Vanya Tella,HR,Employee Relations,Conflict Resolution; Employment Law; Hr Policies,Investigation; Mediation,5,3,2,40.0,60.0
476552,Trisha Hari,Marketing,SEO Specialist,Backlink Strategy; Content Optimization; Google Analytics; On-Page Seo,Html / Css Basics,5,4,1,20.0,80.0
476904,Zain Bora,IT,Data Analyst,Excel; Python; Statistical Analysis; Tableau,Power Bi; Sql,6,4,2,33.33,66.67
476946,Aayush Johal,HR,HR Manager,Employee Relations; Hris; Labor Law; Performance Management; Talent Acquisition,Leadership,6,5,1,16.67,83.33
477031,Aaryahi Vala,Finance,Accountant,Auditing; Excel; Financial Accounting; Quickbooks,Erp Systems; Tax Compliance,6,4,2,33.33,66.67
478193,Damini Saran,HR,Recruitment Specialist,Ats; Employer Branding; Interviewing; Salary Negotiation,Technical Sourcing,5,4,1,20.0,80.0
478328,Adah Kari,Marketing,Marketing Executive,Campaign Management; Content Marketing; Digital Marketing; Google Analytics,Seo,5,4,1,20.0,80.0
478395,Indrajit Anne,HR,Recruitment Specialist,Employer Branding; Interviewing; Salary Negotiation,Ats; Technical Sourcing,5,3,2,40.0,60.0
478531,Saanvi Subramanian,Marketing,Content Strategist,Content Auditing; Copywriting; Seo; User Research,Information Architecture,5,4,1,20.0,80.0
478699,Anahita Ratti,Marketing,SEO Specialist,Google Analytics; On-Page Seo,Backlink Strategy; Content Optimization; Html / Css Basics,5,2,3,60.0,40.0
478721,Zaina Kaul,Sales,Business Development,Crm; Partnership Development; Pipeline Management; Strategic Pitching,Market Research,5,4,1,20.0,80.0
478792,Shaan Ray,Sales,Sales Executive,B2B Sales; Communication; Lead Generation,Contract Closing; Crm; Negotiation,6,3,3,50.0,50.0
479099,Yuvaan Sankar,Finance,Auditor,Excel; Forensic Accounting; Internal Auditing; Risk Assessment,Compliance; Financial Analysis,6,4,2,33.33,66.67
479240,Adah Khare,Finance,Accountant,Erp Systems; Excel; Financial Accounting; Tax Compliance,Auditing; Quickbooks,6,4,2,33.33,66.67
479628,Ira Mander,Finance,Auditor,Financial Analysis; Internal Auditing; Risk Assessment,Compliance; Excel; Forensic Accounting,6,3,3,50.0,50.0
479739,Hridaan Sengupta,Finance,Auditor,Compliance; Excel; Financial Analysis; Forensic Accounting; Internal Auditing,Risk Assessment,6,5,1,16.67,83.33
479925,Sara Lala,Sales,Business Development,Crm; Market Research; Partnership Development; Pipeline Management,Strategic Pitching,5,4,1,20.0,80.0
480186,Aarna Chana,Finance,Financial Analyst,Excel; Financial Modeling; Forecasting; Power Bi; Sql,Valuation,6,5,1,16.67,83.33
480394,Sara Vala,HR,Employee Relations,Conflict Resolution; Employment Law; Investigation; Mediation,Hr Policies,5,4,1,20.0,80.0
480631,Nehmat Anand,IT,Cybersecurity Specialist,Cryptography; Network Security; Python,Incident Response; Penetration Testing; Siem,6,3,3,50.0,50.0
480908,Khushi Rau,Marketing,SEO Specialist,Google Analytics; On-Page Seo,Backlink Strategy; Content Optimization; Html / Css Basics,5,2,3,60.0,40.0
481326,Umang Sura,Finance,Auditor,Compliance; Forensic Accounting; Internal Auditing; Risk Assessment,Excel; Financial Analysis,6,4,2,33.33,66.67
481367,Shayak Bir,Marketing,Content Strategist,Copywriting; Information Architecture; Seo; User Research,Content Auditing,5,4,1,20.0,80.0
481395,Renee Sachar,Finance,Accountant,Auditing; Excel; Quickbooks; Tax Compliance,Erp Systems; Financial Accounting,6,4,2,33.33,66.67
481431,Oorja Dar,Sales,Sales Executive,Contract Closing; Crm; Lead Generation; Negotiation,B2B Sales; Communication,6,4,2,33.33,66.67
481514,Kartik Soni,Marketing,Marketing Executive,Content Marketing; Digital Marketing; Google Analytics; Seo,Campaign Management,5,4,1,20.0,80.0
481589,Hridaan Bumb,Sales,Business Development,Crm; Market Research; Partnership Development; Pipeline Management,Strategic Pitching,5,4,1,20.0,80.0
481729,Onkar Atwal,Marketing,Content Strategist,Content Auditing; Information Architecture,Copywriting; Seo; User Research,5,2,3,60.0,40.0
481783,Vedika Dewan,Marketing,Content Strategist,Content Auditing; Copywriting; Information Architecture; User Research,Seo,5,4,1,20.0,80.0
481807,Myra Kaul,IT,Software Engineer,Ci/Cd; Docker; Git; Python,Data Structures; Java; Kubernetes,7,4,3,42.86,57.14
481877,Azad Sarma,IT,Cybersecurity Specialist,Cryptography; Incident Response; Network Security; Python; Siem,Penetration Testing,6,5,1,16.67,83.33
482010,Adah Tandon,Finance,Accountant,Auditing; Erp Systems; Excel; Quickbooks; Tax Compliance,Financial Accounting,6,5,1,16.67,83.33
482056,Aarna Mani,IT,Cybersecurity Specialist,Cryptography; Incident Response; Network Security; Penetration Testing; Python,Siem,6,5,1,16.67,83.33
482185,Aaina Krishnamurthy,HR,HR Manager,Employee Relations; Performance Management; Talent Acquisition,Hris; Labor Law; Leadership,6,3,3,50.0,50.0
482410,Hansh Rattan,Marketing,SEO Specialist,Backlink Strategy; Google Analytics; Html / Css Basics,Content Optimization; On-Page Seo,5,3,2,40.0,60.0
482548,Seher Choudhary,Finance,Auditor,Compliance; Excel; Financial Analysis; Forensic Accounting; Risk Assessment,Internal Auditing,6,5,1,16.67,83.33
482829,Yuvraj  Dewan,HR,Recruitment Specialist,Ats; Employer Branding; Interviewing; Salary Negotiation,Technical Sourcing,5,4,1,20.0,80.0
482871,Yuvaan Bir,HR,HR Manager,Hris; Labor Law; Leadership; Talent Acquisition,Employee Relations; Performance Management,6,4,2,33.33,66.67
482889,Shray Chana,Marketing,SEO Specialist,Content Optimization; Google Analytics; Html / Css Basics; On-Page Seo,Backlink Strategy,5,4,1,20.0,80.0
482918,Jayesh Borah,HR,HR Manager,Employee Relations; Performance Management; Talent Acquisition,Hris; Labor Law; Leadership,6,3,3,50.0,50.0
482970,Yasmin Sodhi,IT,Data Analyst,Excel; Power Bi; Python; Tableau,Sql; Statistical Analysis,6,4,2,33.33,66.67
483233,Taran Sangha,Marketing,Content Strategist,Copywriting; Information Architecture; Seo,Content Auditing; User Research,5,3,2,40.0,60.0
483445,Suhana Bains,Finance,Financial Analyst,Financial Modeling; Forecasting; Power Bi,Excel; Sql; Valuation,6,3,3,50.0,50.0
483500,Sana Dalal,IT,Cybersecurity Specialist,Incident Response; Network Security; Siem,Cryptography; Penetration Testing; Python,6,3,3,50.0,50.0
483507,Amira Sharaf,Sales,Business Development,Crm; Market Research; Pipeline Management,Partnership Development; Strategic Pitching,5,3,2,40.0,60.0
483895,Farhan Vaidya,Finance,Accountant,Auditing; Erp Systems; Quickbooks; Tax Compliance,Excel; Financial Accounting,6,4,2,33.33,66.67
483986,Yakshit Agrawal,Finance,Auditor,Compliance; Excel; Forensic Accounting; Risk Assessment,Financial Analysis; Internal Auditing,6,4,2,33.33,66.67
484630,Tarini Anne,IT,Data Analyst,Excel; Power Bi; Python; Sql; Statistical Analysis,Tableau,6,5,1,16.67,83.33
484703,Misha Balakrishnan,IT,Data Analyst,Excel; Python; Sql; Statistical Analysis,Power Bi; Tableau,6,4,2,33.33,66.67
484878,Shamik Dhawan,IT,Data Analyst,Power Bi; Statistical Analysis; Tableau,Excel; Python; Sql,6,3,3,50.0,50.0
485268,Riaan Majumdar,Sales,Account Manager,Account Planning; Contract Negotiation; Crm (Salesforce); Upselling,Client Retention,5,4,1,20.0,80.0
485369,Zaina Shroff,HR,Recruitment Specialist,Employer Branding; Interviewing; Salary Negotiation; Technical Sourcing,Ats,5,4,1,20.0,80.0
485549,Bhavin Setty,HR,Recruitment Specialist,Interviewing; Salary Negotiation; Technical Sourcing,Ats; Employer Branding,5,3,2,40.0,60.0
485690,Madhup Trivedi,HR,Employee Relations,Conflict Resolution; Hr Policies; Investigation; Mediation,Employment Law,5,4,1,20.0,80.0
485924,Sana Kapur,IT,Software Engineer,Ci/Cd; Data Structures; Git; Java; Kubernetes; Python,Docker,7,6,1,14.29,85.71
486122,Vardaniya Choudhary,Sales,Sales Executive,Communication; Contract Closing; Crm; Lead Generation,B2B Sales; Negotiation,6,4,2,33.33,66.67
486153,Devansh Handa,Marketing,Marketing Executive,Content Marketing; Google Analytics; Seo,Campaign Management; Digital Marketing,5,3,2,40.0,60.0
486505,Aarna Arora,IT,Data Analyst,Excel; Power Bi; Python; Sql; Statistical Analysis,Tableau,6,5,1,16.67,83.33
486826,Darshit Saha,IT,Software Engineer,Data Structures; Docker; Git; Java; Kubernetes; Python,Ci/Cd,7,6,1,14.29,85.71
487489,Aayush Vohra,Sales,Sales Executive,Communication; Crm; Lead Generation,B2B Sales; Contract Closing; Negotiation,6,3,3,50.0,50.0
487626,Gatik Badami,Marketing,SEO Specialist,Content Optimization; Html / Css Basics; On-Page Seo,Backlink Strategy; Google Analytics,5,3,2,40.0,60.0
487792,Veer Mannan,Marketing,Marketing Executive,Content Marketing; Digital Marketing; Seo,Campaign Management; Google Analytics,5,3,2,40.0,60.0
488077,Prerak Doshi,IT,Data Analyst,Excel; Power Bi; Python; Statistical Analysis; Tableau,Sql,6,5,1,16.67,83.33
488107,Heer Keer,Sales,Account Manager,Account Planning; Contract Negotiation; Crm (Salesforce); Upselling,Client Retention,5,4,1,20.0,80.0
488108,Vihaan Varghese,HR,Employee Relations,Employment Law; Hr Policies; Investigation; Mediation,Conflict Resolution,5,4,1,20.0,80.0
488295,Raunak Sami,HR,Employee Relations,Employment Law; Hr Policies,Conflict Resolution; Investigation; Mediation,5,2,3,60.0,40.0
488317,Khushi Maharaj,Sales,Business Development,Crm; Market Research; Partnership Development; Pipeline Management,Strategic Pitching,5,4,1,20.0,80.0
488366,Abram Bhalla,Sales,Business Development,Crm; Partnership Development; Pipeline Management; Strategic Pitching,Market Research,5,4,1,20.0,80.0
488568,Urvi Lata,Finance,Accountant,Erp Systems; Financial Accounting; Quickbooks; Tax Compliance,Auditing; Excel,6,4,2,33.33,66.67
488628,Siya Soni,HR,HR Manager,Employee Relations; Hris; Labor Law; Talent Acquisition,Leadership; Performance Management,6,4,2,33.33,66.67
488935,Faiyaz Mahal,Sales,Sales Executive,B2B Sales; Communication; Contract Closing; Crm; Lead Generation,Negotiation,6,5,1,16.67,83.33
489191,Arnav Rama,IT,Cybersecurity Specialist,Incident Response; Network Security; Python,Cryptography; Penetration Testing; Siem,6,3,3,50.0,50.0
489260,Piya Kale,IT,Cybersecurity Specialist,Incident Response; Network Security; Siem,Cryptography; Penetration Testing; Python,6,3,3,50.0,50.0
489553,Amira Kumer,IT,Data Analyst,Excel; Power Bi; Python; Sql; Tableau,Statistical Analysis,6,5,1,16.67,83.33
489890,Taran Chandra,Finance,Auditor,Compliance; Financial Analysis; Internal Auditing; Risk Assessment,Excel; Forensic Accounting,6,4,2,33.33,66.67
490010,Abram Khatri,Sales,Sales Executive,B2B Sales; Lead Generation; Negotiation,Communication; Contract Closing; Crm,6,3,3,50.0,50.0
490018,Anvi Gola,HR,HR Manager,Employee Relations; Labor Law; Performance Management; Talent Acquisition,Hris; Leadership,6,4,2,33.33,66.67
490054,Rohan Saran,IT,Software Engineer,Ci/Cd; Docker; Git; Java; Kubernetes; Python,Data Structures,7,6,1,14.29,85.71
490265,Anaya Dyal,IT,Software Engineer,Ci/Cd; Docker; Git; Java; Kubernetes; Python,Data Structures,7,6,1,14.29,85.71
490368,Divit Kara,HR,Recruitment Specialist,Ats; Interviewing; Salary Negotiation,Employer Branding; Technical Sourcing,5,3,2,40.0,60.0
490489,Inaaya  Kala,Finance,Accountant,Auditing; Erp Systems; Excel; Quickbooks; Tax Compliance,Financial Accounting,6,5,1,16.67,83.33
490730,Krish Kata,Finance,Auditor,Excel; Financial Analysis; Forensic Accounting; Internal Auditing,Compliance; Risk Assessment,6,4,2,33.33,66.67
491083,Heer Saxena,Sales,Sales Executive,B2B Sales; Communication; Contract Closing; Lead Generation,Crm; Negotiation,6,4,2,33.33,66.67
491184,Vihaan Sankar,Sales,Sales Executive,B2B Sales; Communication; Contract Closing; Crm,Lead Generation; Negotiation,6,4,2,33.33,66.67
491256,Jivika Sheth,HR,Recruitment Specialist,Ats; Employer Branding; Interviewing,Salary Negotiation; Technical Sourcing,5,3,2,40.0,60.0
491320,Kavya Sachdev,HR,Employee Relations,Conflict Resolution; Employment Law; Hr Policies; Investigation,Mediation,5,4,1,20.0,80.0
491321,Yashvi Barad,Finance,Auditor,Compliance; Excel; Internal Auditing; Risk Assessment,Financial Analysis; Forensic Accounting,6,4,2,33.33,66.67
491437,Azad Dhar,HR,Employee Relations,Conflict Resolution; Employment Law; Hr Policies,Investigation; Mediation,5,3,2,40.0,60.0
491565,Madhav Sawhney,IT,Cybersecurity Specialist,Incident Response; Penetration Testing; Python; Siem,Cryptography; Network Security,6,4,2,33.33,66.67
491648,Aarush Chakraborty,Marketing,SEO Specialist,Backlink Strategy; Content Optimization; Google Analytics; On-Page Seo,Html / Css Basics,5,4,1,20.0,80.0
491782,Aarush Anand,HR,HR Manager,Employee Relations; Hris; Labor Law; Performance Management; Talent Acquisition,Leadership,6,5,1,16.67,83.33
492236,Yuvraj  Kale,Sales,Business Development,Market Research; Partnership Development; Pipeline Management,Crm; Strategic Pitching,5,3,2,40.0,60.0
492243,Bhavin Gandhi,Sales,Sales Executive,B2B Sales; Crm; Lead Generation; Negotiation,Communication; Contract Closing,6,4,2,33.33,66.67
492346,Samarth Varughese,HR,Recruitment Specialist,Ats; Interviewing; Salary Negotiation; Technical Sourcing,Employer Branding,5,4,1,20.0,80.0
492913,Vivaan Bera,HR,Employee Relations,Employment Law; Hr Policies; Investigation,Conflict Resolution; Mediation,5,3,2,40.0,60.0
493072,Prisha Zachariah,IT,Data Analyst,Power Bi; Python; Statistical Analysis; Tableau,Excel; Sql,6,4,2,33.33,66.67
493092,Piya Virk,Finance,Financial Analyst,Excel; Financial Modeling; Sql; Valuation,Forecasting; Power Bi,6,4,2,33.33,66.67
493384,Eva Hayre,Marketing,Content Strategist,Content Auditing; Copywriting; Seo; User Research,Information Architecture,5,4,1,20.0,80.0
494031,Ranbir Talwar,Finance,Financial Analyst,Financial Modeling; Power Bi; Valuation,Excel; Forecasting; Sql,6,3,3,50.0,50.0
494045,Sumer Sawhney,IT,Software Engineer,Ci/Cd; Docker; Git; Java,Data Structures; Kubernetes; Python,7,4,3,42.86,57.14
494125,Kimaya Bhalla,Marketing,SEO Specialist,Backlink Strategy; Google Analytics; Html / Css Basics; On-Page Seo,Content Optimization,5,4,1,20.0,80.0
494146,Kaira Balan,Marketing,Content Strategist,Content Auditing; Information Architecture; Seo,Copywriting; User Research,5,3,2,40.0,60.0
494450,Advika Goyal,IT,Software Engineer,Ci/Cd; Data Structures; Git; Kubernetes; Python,Docker; Java,7,5,2,28.57,71.43
494632,Mishti Vaidya,Finance,Financial Analyst,Excel; Financial Modeling; Power Bi; Sql; Valuation,Forecasting,6,5,1,16.67,83.33
494655,Vidur Kurian,Marketing,SEO Specialist,Backlink Strategy; Content Optimization; Google Analytics; On-Page Seo,Html / Css Basics,5,4,1,20.0,80.0
494793,Vritika Shankar,Sales,Business Development,Crm; Market Research; Partnership Development; Strategic Pitching,Pipeline Management,5,4,1,20.0,80.0
494930,Diya Lalla,HR,Recruitment Specialist,Ats; Employer Branding; Interviewing; Salary Negotiation,Technical Sourcing,5,4,1,20.0,80.0
495214,Zeeshan Chaudhary,Sales,Sales Executive,B2B Sales; Communication; Contract Closing; Lead Generation; Negotiation,Crm,6,5,1,16.67,83.33
495587,Anvi Yogi,IT,Cybersecurity Specialist,Cryptography; Network Security; Siem,Incident Response; Penetration Testing; Python,6,3,3,50.0,50.0
495914,Khushi Raja,Sales,Business Development,Crm; Partnership Development; Pipeline Management; Strategic Pitching,Market Research,5,4,1,20.0,80.0
496467,Biju Mann,IT,Software Engineer,Ci/Cd; Data Structures; Docker; Git; Kubernetes; Python,Java,7,6,1,14.29,85.71
496470,Nirvaan Vyas,Finance,Accountant,Auditing; Excel; Financial Accounting; Quickbooks,Erp Systems; Tax Compliance,6,4,2,33.33,66.67
496946,Kanav Sarkar,Marketing,SEO Specialist,Backlink Strategy; Google Analytics; Html / Css Basics; On-Page Seo,Content Optimization,5,4,1,20.0,80.0
497122,Charvi Sachdev,Marketing,Marketing Executive,Campaign Management; Digital Marketing; Google Analytics; Seo,Content Marketing,5,4,1,20.0,80.0
497330,Neysa Dara,IT,Cybersecurity Specialist,Cryptography; Incident Response; Python; Siem,Network Security; Penetration Testing,6,4,2,33.33,66.67
497843,Pihu Bhatt,IT,Data Analyst,Excel; Power Bi; Python; Statistical Analysis; Tableau,Sql,6,5,1,16.67,83.33
498049,Oorja Shan,Marketing,Content Strategist,Content Auditing; Copywriting; Seo,Information Architecture; User Research,5,3,2,40.0,60.0
498083,Lakshay Kota,Finance,Accountant,Erp Systems; Excel; Financial Accounting; Quickbooks,Auditing; Tax Compliance,6,4,2,33.33,66.67
498714,Kavya Chaudhuri,Sales,Business Development,Market Research; Partnership Development; Pipeline Management; Strategic Pitching,Crm,5,4,1,20.0,80.0
498762,Devansh Toor,Finance,Accountant,Financial Accounting; Quickbooks; Tax Compliance,Auditing; Erp Systems; Excel,6,3,3,50.0,50.0
498810,Kashvi Chanda,HR,Employee Relations,Conflict Resolution; Hr Policies; Mediation,Employment Law; Investigation,5,3,2,40.0,60.0
499006,Kismat Ranganathan,HR,HR Manager,Hris; Labor Law; Leadership; Talent Acquisition,Employee Relations; Performance Management,6,4,2,33.33,66.67
499259,Farhan Anand,Finance,Auditor,Compliance; Excel; Financial Analysis; Forensic Accounting; Internal Auditing,Risk Assessment,6,5,1,16.67,83.33
499544,Anvi Butala,Sales,Account Manager,Account Planning; Contract Negotiation; Crm (Salesforce); Upselling,Client Retention,5,4,1,20.0,80.0
499627,Shray Badami,Sales,Sales Executive,Contract Closing; Crm; Lead Generation; Negotiation,B2B Sales; Communication,6,4,2,33.33,66.67
499740,Neelofar Raja,Finance,Auditor,Compliance; Forensic Accounting; Internal Auditing; Risk Assessment,Excel; Financial Analysis,6,4,2,33.33,66.67
499787,Hridaan Balasubramanian,Sales,Account Manager,Account Planning; Upselling,Client Retention; Contract Negotiation; Crm (Salesforce),5,2,3,60.0,40.0
500079,Bhavin Chakrabarti,IT,Software Engineer,Data Structures; Docker; Java; Kubernetes; Python,Ci/Cd; Git,7,5,2,28.57,71.43
500842,Madhav Kashyap,Marketing,Content Strategist,Copywriting; Information Architecture; User Research,Content Auditing; Seo,5,3,2,40.0,60.0
501214,Sumer Swamy,HR,Recruitment Specialist,Ats; Salary Negotiation; Technical Sourcing,Employer Branding; Interviewing,5,3,2,40.0,60.0
501422,Purab Bhargava,Finance,Auditor,Compliance; Excel; Financial Analysis; Forensic Accounting; Internal Auditing,Risk Assessment,6,5,1,16.67,83.33
501435,Madhav Dhar,Marketing,Content Strategist,Content Auditing; Information Architecture; Seo; User Research,Copywriting,5,4,1,20.0,80.0
501563,Pari Sood,HR,HR Manager,Employee Relations; Labor Law; Leadership,Hris; Performance Management; Talent Acquisition,6,3,3,50.0,50.0
502306,Renee Deshpande,Finance,Accountant,Auditing; Erp Systems; Excel; Financial Accounting; Tax Compliance,Quickbooks,6,5,1,16.67,83.33
502321,Faiyaz Khanna,Sales,Business Development,Crm; Partnership Development; Pipeline Management; Strategic Pitching,Market Research,5,4,1,20.0,80.0
502395,Navya Issac,HR,Employee Relations,Conflict Resolution; Employment Law; Hr Policies; Investigation,Mediation,5,4,1,20.0,80.0
502412,Aaina Baria,HR,Employee Relations,Employment Law; Hr Policies; Investigation; Mediation,Conflict Resolution,5,4,1,20.0,80.0
502550,Ivana Gupta,Sales,Business Development,Crm; Pipeline Management,Market Research; Partnership Development; Strategic Pitching,5,2,3,60.0,40.0
503002,Kanav Ramaswamy,IT,Data Analyst,Power Bi; Python; Sql; Statistical Analysis; Tableau,Excel,6,5,1,16.67,83.33
503551,Shaan Lata,HR,Employee Relations,Employment Law; Hr Policies; Investigation; Mediation,Conflict Resolution,5,4,1,20.0,80.0
503678,Amani Shankar,Finance,Financial Analyst,Excel; Financial Modeling; Forecasting; Power Bi; Valuation,Sql,6,5,1,16.67,83.33
503846,Vihaan Majumdar,Marketing,SEO Specialist,Backlink Strategy; Google Analytics; On-Page Seo,Content Optimization; Html / Css Basics,5,3,2,40.0,60.0
504373,Dhruv Chokshi,HR,Employee Relations,Conflict Resolution; Hr Policies; Mediation,Employment Law; Investigation,5,3,2,40.0,60.0
504397,Hrishita Jaggi,Finance,Accountant,Erp Systems; Financial Accounting; Quickbooks; Tax Compliance,Auditing; Excel,6,4,2,33.33,66.67
504938,Kiaan Wagle,Marketing,Content Strategist,Copywriting; Information Architecture; Seo,Content Auditing; User Research,5,3,2,40.0,60.0
505017,Divyansh Kulkarni,HR,Employee Relations,Conflict Resolution; Hr Policies; Investigation; Mediation,Employment Law,5,4,1,20.0,80.0
505071,Badal Raja,HR,Recruitment Specialist,Interviewing; Salary Negotiation; Technical Sourcing,Ats; Employer Branding,5,3,2,40.0,60.0
505152,Priyansh Ravel,HR,HR Manager,Employee Relations; Hris; Leadership; Talent Acquisition,Labor Law; Performance Management,6,4,2,33.33,66.67
505259,Navya Shankar,Marketing,SEO Specialist,Backlink Strategy; Google Analytics; Html / Css Basics,Content Optimization; On-Page Seo,5,3,2,40.0,60.0
505383,Dishani Chatterjee,IT,Cybersecurity Specialist,Cryptography; Network Security; Python; Siem,Incident Response; Penetration Testing,6,4,2,33.33,66.67
505746,Aaryahi Kunda,Sales,Business Development,Partnership Development; Strategic Pitching,Crm; Market Research; Pipeline Management,5,2,3,60.0,40.0
505768,Divyansh Kar,HR,Recruitment Specialist,Ats; Employer Branding; Interviewing; Salary Negotiation,Technical Sourcing,5,4,1,20.0,80.0
505828,Samarth Dewan,Sales,Business Development,Market Research; Partnership Development; Pipeline Management,Crm; Strategic Pitching,5,3,2,40.0,60.0
506054,Rania Shetty,IT,Data Analyst,Excel; Python; Sql; Statistical Analysis; Tableau,Power Bi,6,5,1,16.67,83.33
506194,Ira Hari,HR,HR Manager,Employee Relations; Hris; Labor Law; Leadership; Performance Management,Talent Acquisition,6,5,1,16.67,83.33
506473,Renee Suresh,IT,Data Analyst,Excel; Power Bi; Sql; Statistical Analysis,Python; Tableau,6,4,2,33.33,66.67
506522,Divij Vaidya,HR,Employee Relations,Conflict Resolution; Employment Law; Investigation; Mediation,Hr Policies,5,4,1,20.0,80.0
506570,Riaan Sankar,HR,Employee Relations,Conflict Resolution; Employment Law; Hr Policies; Mediation,Investigation,5,4,1,20.0,80.0
506722,Tushar Ganesh,Finance,Financial Analyst,Excel; Forecasting; Power Bi; Valuation,Financial Modeling; Sql,6,4,2,33.33,66.67
506737,Mehul Sodhi,Finance,Auditor,Excel; Financial Analysis; Forensic Accounting; Internal Auditing; Risk Assessment,Compliance,6,5,1,16.67,83.33
506938,Heer Kaul,HR,HR Manager,Employee Relations; Hris; Leadership; Performance Management,Labor Law; Talent Acquisition,6,4,2,33.33,66.67
506999,Divij Cheema,HR,Recruitment Specialist,Ats; Employer Branding; Salary Negotiation,Interviewing; Technical Sourcing,5,3,2,40.0,60.0
507057,Heer Thakur,Finance,Accountant,Auditing; Erp Systems; Financial Accounting; Quickbooks; Tax Compliance,Excel,6,5,1,16.67,83.33
507252,Aarush Cherian,Marketing,Content Strategist,Copywriting; Information Architecture; Seo,Content Auditing; User Research,5,3,2,40.0,60.0
507301,Manjari Bhargava,Sales,Sales Executive,B2B Sales; Communication; Contract Closing; Negotiation,Crm; Lead Generation,6,4,2,33.33,66.67
507310,Hiran Dugar,Finance,Financial Analyst,Forecasting; Power Bi; Sql; Valuation,Excel; Financial Modeling,6,4,2,33.33,66.67
507342,Tiya Hans,IT,Cybersecurity Specialist,Incident Response; Network Security; Penetration Testing; Python; Siem,Cryptography,6,5,1,16.67,83.33
507375,Ehsaan Tank,Sales,Business Development,Crm; Market Research; Pipeline Management; Strategic Pitching,Partnership Development,5,4,1,20.0,80.0
507393,Taran Gupta,IT,Software Engineer,Data Structures; Git; Java; Kubernetes; Python,Ci/Cd; Docker,7,5,2,28.57,71.43
507537,Nishith Dixit,Sales,Account Manager,Account Planning; Contract Negotiation; Crm (Salesforce); Upselling,Client Retention,5,4,1,20.0,80.0
507884,Dhanush Dixit,IT,Data Analyst,Power Bi; Sql; Statistical Analysis; Tableau,Excel; Python,6,4,2,33.33,66.67
508224,Vritika Ratta,Sales,Sales Executive,Communication; Contract Closing; Crm; Lead Generation; Negotiation,B2B Sales,6,5,1,16.67,83.33
508329,Ira Mand,Finance,Auditor,Compliance; Financial Analysis; Internal Auditing,Excel; Forensic Accounting; Risk Assessment,6,3,3,50.0,50.0
508344,Divit Srinivas,Finance,Financial Analyst,Excel; Financial Modeling; Sql; Valuation,Forecasting; Power Bi,6,4,2,33.33,66.67
508507,Reyansh Gopal,IT,Software Engineer,Ci/Cd; Docker; Git; Java; Kubernetes; Python,Data Structures,7,6,1,14.29,85.71
508574,Sumer Kumar,IT,Software Engineer,Ci/Cd; Data Structures; Git; Java; Kubernetes; Python,Docker,7,6,1,14.29,85.71
508654,Gatik Karnik,HR,HR Manager,Hris; Labor Law; Performance Management; Talent Acquisition,Employee Relations; Leadership,6,4,2,33.33,66.67
508920,Prisha Tank,Sales,Business Development,Crm; Market Research; Partnership Development; Pipeline Management,Strategic Pitching,5,4,1,20.0,80.0
508959,Mehul Dora,IT,Cybersecurity Specialist,Cryptography; Incident Response; Penetration Testing; Python; Siem,Network Security,6,5,1,16.67,83.33
509317,Kavya Sridhar,Finance,Financial Analyst,Excel; Financial Modeling; Forecasting; Power Bi,Sql; Valuation,6,4,2,33.33,66.67
509441,Tushar Ranganathan,Sales,Business Development,Crm; Pipeline Management; Strategic Pitching,Market Research; Partnership Development,5,3,2,40.0,60.0
509587,Tushar Gola,Finance,Auditor,Financial Analysis; Forensic Accounting; Risk Assessment,Compliance; Excel; Internal Auditing,6,3,3,50.0,50.0
509889,Vanya Chokshi,HR,Recruitment Specialist,Employer Branding; Interviewing; Salary Negotiation; Technical Sourcing,Ats,5,4,1,20.0,80.0
510131,Ishaan Biswas,Marketing,Marketing Executive,Content Marketing; Digital Marketing; Google Analytics,Campaign Management; Seo,5,3,2,40.0,60.0
510610,Gatik Batta,IT,Cybersecurity Specialist,Cryptography; Incident Response; Python; Siem,Network Security; Penetration Testing,6,4,2,33.33,66.67
510681,Mehul Bhargava,HR,Employee Relations,Conflict Resolution; Employment Law; Hr Policies; Mediation,Investigation,5,4,1,20.0,80.0
510762,Zaina Ramanathan,Marketing,SEO Specialist,Backlink Strategy; Google Analytics; Html / Css Basics; On-Page Seo,Content Optimization,5,4,1,20.0,80.0
511363,Faiyaz Kota,IT,Cybersecurity Specialist,Cryptography; Incident Response; Penetration Testing; Python; Siem,Network Security,6,5,1,16.67,83.33
511364,Ishita Varma,Sales,Business Development,Crm; Market Research; Pipeline Management; Strategic Pitching,Partnership Development,5,4,1,20.0,80.0
511585,Dhanush Arora,Marketing,SEO Specialist,Backlink Strategy; Content Optimization; Google Analytics; On-Page Seo,Html / Css Basics,5,4,1,20.0,80.0
511783,Miraan Batra,IT,Data Analyst,Excel; Power Bi; Sql; Statistical Analysis,Python; Tableau,6,4,2,33.33,66.67
511897,Anya Raman,Finance,Accountant,Auditing; Erp Systems; Quickbooks,Excel; Financial Accounting; Tax Compliance,6,3,3,50.0,50.0
512273,Shanaya Sane,HR,HR Manager,Labor Law; Leadership; Talent Acquisition,Employee Relations; Hris; Performance Management,6,3,3,50.0,50.0
512602,Myra Ranganathan,Sales,Account Manager,Account Planning; Client Retention; Crm (Salesforce); Upselling,Contract Negotiation,5,4,1,20.0,80.0
512811,Amira Deshmukh,Finance,Auditor,Compliance; Excel; Financial Analysis; Forensic Accounting; Risk Assessment,Internal Auditing,6,5,1,16.67,83.33
513182,Madhav Ganesan,IT,Software Engineer,Data Structures; Git; Java; Kubernetes; Python,Ci/Cd; Docker,7,5,2,28.57,71.43
513399,Kiaan Ganesh,Finance,Auditor,Compliance; Excel; Internal Auditing; Risk Assessment,Financial Analysis; Forensic Accounting,6,4,2,33.33,66.67
513418,Renee Chawla,IT,Software Engineer,Ci/Cd; Docker; Git; Java; Kubernetes; Python,Data Structures,7,6,1,14.29,85.71
513486,Devansh Kibe,IT,Software Engineer,Ci/Cd; Data Structures; Docker; Git; Kubernetes; Python,Java,7,6,1,14.29,85.71
513731,Neysa Seth,Sales,Business Development,Market Research; Pipeline Management,Crm; Partnership Development; Strategic Pitching,5,2,3,60.0,40.0
514165,Ayesha Dugar,IT,Data Analyst,Python; Sql; Statistical Analysis; Tableau,Excel; Power Bi,6,4,2,33.33,66.67
514230,Jayant Dixit,Sales,Account Manager,Account Planning; Client Retention; Contract Negotiation; Upselling,Crm (Salesforce),5,4,1,20.0,80.0
514267,Krish Bhargava,IT,Data Analyst,Excel; Power Bi; Python; Tableau,Sql; Statistical Analysis,6,4,2,33.33,66.67
514360,Hansh Kota,HR,Employee Relations,Employment Law; Hr Policies; Investigation,Conflict Resolution; Mediation,5,3,2,40.0,60.0
514857,Krish Chaudhry,HR,Employee Relations,Conflict Resolution; Employment Law; Investigation; Mediation,Hr Policies,5,4,1,20.0,80.0
514867,Heer Kapoor,Sales,Business Development,Partnership Development; Pipeline Management; Strategic Pitching,Crm; Market Research,5,3,2,40.0,60.0
515014,Mahika Luthra,Marketing,Marketing Executive,Campaign Management; Content Marketing; Seo,Digital Marketing; Google Analytics,5,3,2,40.0,60.0
515284,Priyansh Desai,IT,Cybersecurity Specialist,Incident Response; Network Security; Python,Cryptography; Penetration Testing; Siem,6,3,3,50.0,50.0
515369,Anya Dora,Marketing,SEO Specialist,Backlink Strategy; Html / Css Basics; On-Page Seo,Content Optimization; Google Analytics,5,3,2,40.0,60.0
515459,Sara Wagle,Sales,Business Development,Market Research; Partnership Development; Pipeline Management; Strategic Pitching,Crm,5,4,1,20.0,80.0
515717,Yuvaan Buch,Sales,Business Development,Crm; Market Research; Pipeline Management; Strategic Pitching,Partnership Development,5,4,1,20.0,80.0
515923,Aarav Kashyap,Finance,Financial Analyst,Financial Modeling; Forecasting; Power Bi; Sql; Valuation,Excel,6,5,1,16.67,83.33
515944,Prerak Dalal,Marketing,Marketing Executive,Digital Marketing; Google Analytics,Campaign Management; Content Marketing; Seo,5,2,3,60.0,40.0
515999,Kaira Barad,Sales,Sales Executive,Communication; Crm; Lead Generation; Negotiation,B2B Sales; Contract Closing,6,4,2,33.33,66.67
516027,Neelofar Srinivasan,IT,Data Analyst,Excel; Power Bi; Python; Sql,Statistical Analysis; Tableau,6,4,2,33.33,66.67
516332,Kartik Lalla,HR,Recruitment Specialist,Employer Branding; Interviewing; Technical Sourcing,Ats; Salary Negotiation,5,3,2,40.0,60.0
516488,Aarna Chaudhary,IT,Data Analyst,Excel; Power Bi; Python; Sql; Statistical Analysis,Tableau,6,5,1,16.67,83.33
516622,Madhup Balasubramanian,Finance,Auditor,Compliance; Financial Analysis; Forensic Accounting; Internal Auditing; Risk Assessment,Excel,6,5,1,16.67,83.33
516645,Indrans Dasgupta,IT,Data Analyst,Power Bi; Python; Sql; Statistical Analysis; Tableau,Excel,6,5,1,16.67,83.33
516801,Aarna Kunda,Sales,Business Development,Crm; Market Research; Partnership Development; Strategic Pitching,Pipeline Management,5,4,1,20.0,80.0
517159,Damini Bhat,Sales,Business Development,Crm; Market Research; Pipeline Management,Partnership Development; Strategic Pitching,5,3,2,40.0,60.0
517826,Tejas Ramachandran,Marketing,SEO Specialist,Backlink Strategy; Content Optimization; On-Page Seo,Google Analytics; Html / Css Basics,5,3,2,40.0,60.0
518054,Anya Bahl,HR,HR Manager,Employee Relations; Leadership; Performance Management; Talent Acquisition,Hris; Labor Law,6,4,2,33.33,66.67
518242,Kartik Sheth,HR,HR Manager,Employee Relations; Hris; Labor Law; Leadership; Performance Management,Talent Acquisition,6,5,1,16.67,83.33
518589,Adira Jha,IT,Software Engineer,Data Structures; Docker; Git; Java; Kubernetes; Python,Ci/Cd,7,6,1,14.29,85.71
518607,Jayesh Bala,HR,Employee Relations,Employment Law; Mediation,Conflict Resolution; Hr Policies; Investigation,5,2,3,60.0,40.0
518905,Heer Dewan,IT,Data Analyst,Power Bi; Python; Sql; Statistical Analysis; Tableau,Excel,6,5,1,16.67,83.33
519064,Umang Bobal,Sales,Account Manager,Client Retention; Crm (Salesforce),Account Planning; Contract Negotiation; Upselling,5,2,3,60.0,40.0
519117,Charvi Chandra,Sales,Business Development,Partnership Development; Strategic Pitching,Crm; Market Research; Pipeline Management,5,2,3,60.0,40.0
519176,Anaya Dutt,Marketing,Marketing Executive,Campaign Management; Content Marketing; Digital Marketing; Google Analytics,Seo,5,4,1,20.0,80.0
519213,Vanya Sha,Marketing,Content Strategist,Content Auditing; Seo; User Research,Copywriting; Information Architecture,5,3,2,40.0,60.0
519962,Neelofar Varma,Marketing,Content Strategist,Copywriting; Information Architecture; Seo; User Research,Content Auditing,5,4,1,20.0,80.0
520152,Eshani Gole,IT,Software Engineer,Data Structures; Docker; Git; Python,Ci/Cd; Java; Kubernetes,7,4,3,42.86,57.14
520370,Nakul Banik,HR,HR Manager,Hris; Labor Law; Leadership; Performance Management; Talent Acquisition,Employee Relations,6,5,1,16.67,83.33
520956,Sana Gera,Finance,Accountant,Erp Systems; Excel; Financial Accounting; Quickbooks; Tax Compliance,Auditing,6,5,1,16.67,83.33
521014,Samiha Ben,Finance,Accountant,Auditing; Erp Systems; Financial Accounting; Quickbooks; Tax Compliance,Excel,6,5,1,16.67,83.33
521025,Pranay Dhar,IT,Software Engineer,Ci/Cd; Docker; Git; Kubernetes,Data Structures; Java; Python,7,4,3,42.86,57.14
521118,Jayant Korpal,IT,Data Analyst,Excel; Python; Sql; Tableau,Power Bi; Statistical Analysis,6,4,2,33.33,66.67
521197,Manjari Uppal,HR,Employee Relations,Employment Law; Investigation; Mediation,Conflict Resolution; Hr Policies,5,3,2,40.0,60.0
521435,Chirag Chada,Finance,Auditor,Excel; Financial Analysis; Internal Auditing; Risk Assessment,Compliance; Forensic Accounting,6,4,2,33.33,66.67
521820,Krish Venkatesh,Marketing,SEO Specialist,Google Analytics; Html / Css Basics,Backlink Strategy; Content Optimization; On-Page Seo,5,2,3,60.0,40.0
521943,Nishith Devi,Marketing,Content Strategist,Copywriting; Seo; User Research,Content Auditing; Information Architecture,5,3,2,40.0,60.0
522029,Ivana Rout,IT,Data Analyst,Power Bi; Python; Sql; Statistical Analysis,Excel; Tableau,6,4,2,33.33,66.67
522109,Purab Chhabra,Sales,Business Development,Crm; Pipeline Management; Strategic Pitching,Market Research; Partnership Development,5,3,2,40.0,60.0
522247,Devansh Buch,IT,Cybersecurity Specialist,Cryptography; Penetration Testing; Python; Siem,Incident Response; Network Security,6,4,2,33.33,66.67
522252,Vidur Dewan,IT,Software Engineer,Ci/Cd; Data Structures; Docker; Git; Java; Python,Kubernetes,7,6,1,14.29,85.71
522269,Uthkarsh Sanghvi,IT,Cybersecurity Specialist,Incident Response; Network Security; Penetration Testing; Python; Siem,Cryptography,6,5,1,16.67,83.33
522322,Tara Arya,Marketing,Content Strategist,Information Architecture; Seo,Content Auditing; Copywriting; User Research,5,2,3,60.0,40.0
522677,Miraya Baria,IT,Software Engineer,Docker; Git; Java; Kubernetes; Python,Ci/Cd; Data Structures,7,5,2,28.57,71.43
523061,Anika Sarna,Sales,Sales Executive,B2B Sales; Communication; Contract Closing; Crm; Lead Generation,Negotiation,6,5,1,16.67,83.33
523109,Tara Krishnan,Finance,Auditor,Compliance; Excel; Forensic Accounting; Risk Assessment,Financial Analysis; Internal Auditing,6,4,2,33.33,66.67
523370,Elakshi Sawhney,IT,Cybersecurity Specialist,Incident Response; Network Security; Penetration Testing; Siem,Cryptography; Python,6,4,2,33.33,66.67
523438,Rati Chaudhry,Marketing,Content Strategist,Content Auditing; Copywriting; Information Architecture; User Research,Seo,5,4,1,20.0,80.0
523812,Indrajit Rastogi,HR,HR Manager,Employee Relations; Hris; Labor Law; Leadership; Talent Acquisition,Performance Management,6,5,1,16.67,83.33
523906,Navya Rajan,Finance,Accountant,Auditing; Erp Systems; Excel; Quickbooks; Tax Compliance,Financial Accounting,6,5,1,16.67,83.33
524420,Heer Sinha,HR,Recruitment Specialist,Employer Branding; Interviewing; Technical Sourcing,Ats; Salary Negotiation,5,3,2,40.0,60.0
524534,Advika Shetty,IT,Software Engineer,Ci/Cd; Data Structures; Docker; Java; Kubernetes; Python,Git,7,6,1,14.29,85.71
524782,Umang Ramaswamy,IT,Data Analyst,Excel; Power Bi; Python; Sql; Tableau,Statistical Analysis,6,5,1,16.67,83.33
524971,Heer Barman,Sales,Account Manager,Client Retention; Contract Negotiation; Crm (Salesforce); Upselling,Account Planning,5,4,1,20.0,80.0
525050,Mahika Saxena,Marketing,Marketing Executive,Digital Marketing; Google Analytics; Seo,Campaign Management; Content Marketing,5,3,2,40.0,60.0
525132,Bhamini Chakrabarti,Sales,Business Development,Market Research; Partnership Development; Pipeline Management; Strategic Pitching,Crm,5,4,1,20.0,80.0
525197,Romil Agrawal,Finance,Auditor,Excel; Financial Analysis; Forensic Accounting; Risk Assessment,Compliance; Internal Auditing,6,4,2,33.33,66.67
525234,Nakul Khosla,Finance,Financial Analyst,Excel; Power Bi; Sql,Financial Modeling; Forecasting; Valuation,6,3,3,50.0,50.0
525528,Rhea Dalal,Finance,Accountant,Auditing; Erp Systems; Quickbooks; Tax Compliance,Excel; Financial Accounting,6,4,2,33.33,66.67
525539,Kismat Biswas,Sales,Sales Executive,B2B Sales; Communication; Contract Closing; Crm; Lead Generation,Negotiation,6,5,1,16.67,83.33
525844,Fateh Vig,HR,Recruitment Specialist,Ats; Interviewing; Salary Negotiation,Employer Branding; Technical Sourcing,5,3,2,40.0,60.0
525923,Vidur Kibe,Marketing,Marketing Executive,Content Marketing; Digital Marketing; Seo,Campaign Management; Google Analytics,5,3,2,40.0,60.0
526227,Nehmat Srivastava,Marketing,SEO Specialist,Backlink Strategy; Content Optimization; Html / Css Basics; On-Page Seo,Google Analytics,5,4,1,20.0,80.0
526280,Ishita Biswas,IT,Data Analyst,Excel; Power Bi; Python; Statistical Analysis; Tableau,Sql,6,5,1,16.67,83.33
526493,Dhanush Bhalla,Sales,Sales Executive,B2B Sales; Communication; Contract Closing; Negotiation,Crm; Lead Generation,6,4,2,33.33,66.67
526548,Divyansh Kamdar,Marketing,SEO Specialist,Content Optimization; Google Analytics; Html / Css Basics; On-Page Seo,Backlink Strategy,5,4,1,20.0,80.0
526659,Piya Sodhi,Sales,Sales Executive,B2B Sales; Communication; Contract Closing; Negotiation,Crm; Lead Generation,6,4,2,33.33,66.67
526841,Prisha Sen,IT,Software Engineer,Ci/Cd; Data Structures; Docker; Git; Java; Kubernetes,Python,7,6,1,14.29,85.71
526927,Heer Khosla,Finance,Accountant,Erp Systems; Excel; Quickbooks; Tax Compliance,Auditing; Financial Accounting,6,4,2,33.33,66.67
526973,Nirvi Golla,IT,Cybersecurity Specialist,Incident Response; Network Security; Python,Cryptography; Penetration Testing; Siem,6,3,3,50.0,50.0
526997,Vritika Krishnamurthy,IT,Data Analyst,Excel; Python; Statistical Analysis; Tableau,Power Bi; Sql,6,4,2,33.33,66.67
527267,Hunar Batra,Marketing,Marketing Executive,Campaign Management; Digital Marketing; Google Analytics; Seo,Content Marketing,5,4,1,20.0,80.0
527711,Amira Kala,HR,HR Manager,Hris; Labor Law; Talent Acquisition,Employee Relations; Leadership; Performance Management,6,3,3,50.0,50.0
527733,Saira Chad,Finance,Accountant,Auditing; Excel; Financial Accounting; Quickbooks,Erp Systems; Tax Compliance,6,4,2,33.33,66.67
527842,Dhruv Singhal,IT,Cybersecurity Specialist,Cryptography; Incident Response; Python; Siem,Network Security; Penetration Testing,6,4,2,33.33,66.67
527948,Anahi Choudhary,Finance,Financial Analyst,Excel; Financial Modeling; Power Bi; Sql,Forecasting; Valuation,6,4,2,33.33,66.67
528008,Vihaan Borah,Sales,Account Manager,Client Retention; Upselling,Account Planning; Contract Negotiation; Crm (Salesforce),5,2,3,60.0,40.0
528120,Nayantara Ranganathan,Finance,Auditor,Compliance; Financial Analysis; Risk Assessment,Excel; Forensic Accounting; Internal Auditing,6,3,3,50.0,50.0
528129,Hridaan Kapur,Finance,Accountant,Erp Systems; Excel; Financial Accounting; Tax Compliance,Auditing; Quickbooks,6,4,2,33.33,66.67
528238,Ira Chokshi,HR,HR Manager,Employee Relations; Hris; Labor Law; Performance Management,Leadership; Talent Acquisition,6,4,2,33.33,66.67
528593,Nirvi Ahuja,IT,Cybersecurity Specialist,Cryptography; Incident Response; Network Security; Penetration Testing; Python,Siem,6,5,1,16.67,83.33
528942,Kismat Devan,HR,Recruitment Specialist,Ats; Employer Branding; Salary Negotiation; Technical Sourcing,Interviewing,5,4,1,20.0,80.0
529145,Damini Suri,Sales,Account Manager,Account Planning; Client Retention; Crm (Salesforce); Upselling,Contract Negotiation,5,4,1,20.0,80.0
529153,Nakul D’Alia,Marketing,SEO Specialist,Backlink Strategy; Content Optimization; Html / Css Basics; On-Page Seo,Google Analytics,5,4,1,20.0,80.0
529211,Kiaan Dutta,IT,Cybersecurity Specialist,Cryptography; Network Security; Penetration Testing; Python; Siem,Incident Response,6,5,1,16.67,83.33
529264,Miraya Golla,Marketing,Content Strategist,Content Auditing; Copywriting; Seo; User Research,Information Architecture,5,4,1,20.0,80.0
529471,Nakul Chad,Sales,Business Development,Crm; Market Research; Partnership Development; Strategic Pitching,Pipeline Management,5,4,1,20.0,80.0
529533,Rati Hayer,HR,Employee Relations,Employment Law; Hr Policies; Investigation; Mediation,Conflict Resolution,5,4,1,20.0,80.0
529784,Kaira Raja,Marketing,SEO Specialist,Content Optimization; Html / Css Basics; On-Page Seo,Backlink Strategy; Google Analytics,5,3,2,40.0,60.0
529876,Kabir Sinha,IT,Software Engineer,Ci/Cd; Docker; Kubernetes; Python,Data Structures; Git; Java,7,4,3,42.86,57.14
530490,Ehsaan Solanki,Finance,Accountant,Auditing; Erp Systems; Excel; Financial Accounting; Quickbooks,Tax Compliance,6,5,1,16.67,83.33
530664,Keya Bhattacharyya,HR,HR Manager,Employee Relations; Hris; Labor Law; Talent Acquisition,Leadership; Performance Management,6,4,2,33.33,66.67
530706,Hunar Chaudhuri,Finance,Financial Analyst,Excel; Financial Modeling; Forecasting; Power Bi; Sql,Valuation,6,5,1,16.67,83.33
530770,Pranay Bhagat,Marketing,SEO Specialist,Backlink Strategy; Google Analytics; Html / Css Basics; On-Page Seo,Content Optimization,5,4,1,20.0,80.0
530965,Advik Sinha,Sales,Business Development,Crm; Partnership Development; Strategic Pitching,Market Research; Pipeline Management,5,3,2,40.0,60.0
530999,Ayesha Garde,HR,HR Manager,Employee Relations; Performance Management; Talent Acquisition,Hris; Labor Law; Leadership,6,3,3,50.0,50.0
531106,Shanaya Chaudhuri,Finance,Financial Analyst,Excel; Financial Modeling; Power Bi; Sql; Valuation,Forecasting,6,5,1,16.67,83.33
531234,Vidur Shanker,Sales,Account Manager,Account Planning; Contract Negotiation; Upselling,Client Retention; Crm (Salesforce),5,3,2,40.0,60.0
531522,Tanya Saha,HR,HR Manager,Employee Relations; Labor Law; Performance Management; Talent Acquisition,Hris; Leadership,6,4,2,33.33,66.67
531739,Baiju Chakrabarti,Marketing,Content Strategist,Content Auditing; Seo,Copywriting; Information Architecture; User Research,5,2,3,60.0,40.0
532049,Ehsaan Upadhyay,HR,Employee Relations,Conflict Resolution; Investigation; Mediation,Employment Law; Hr Policies,5,3,2,40.0,60.0
532306,Uthkarsh Iyer,Marketing,SEO Specialist,Backlink Strategy; Content Optimization; Google Analytics; On-Page Seo,Html / Css Basics,5,4,1,20.0,80.0
532493,Arnav Bhatia,IT,Data Analyst,Excel; Sql; Statistical Analysis; Tableau,Power Bi; Python,6,4,2,33.33,66.67
532562,Tushar Gala,IT,Software Engineer,Ci/Cd; Java; Kubernetes; Python,Data Structures; Docker; Git,7,4,3,42.86,57.14
532857,Purab Ghosh,Sales,Sales Executive,B2B Sales; Lead Generation; Negotiation,Communication; Contract Closing; Crm,6,3,3,50.0,50.0
532900,Anaya Thakur,Marketing,Marketing Executive,Content Marketing; Digital Marketing; Google Analytics; Seo,Campaign Management,5,4,1,20.0,80.0
532997,Aayush Kothari,Sales,Sales Executive,B2B Sales; Lead Generation; Negotiation,Communication; Contract Closing; Crm,6,3,3,50.0,50.0
533267,Alia Loke,Sales,Sales Executive,B2B Sales; Communication; Lead Generation; Negotiation,Contract Closing; Crm,6,4,2,33.33,66.67
533294,Eshani Sahota,Marketing,Content Strategist,Content Auditing; Information Architecture; User Research,Copywriting; Seo,5,3,2,40.0,60.0
533315,Azad Tiwari,Sales,Account Manager,Account Planning; Client Retention; Crm (Salesforce); Upselling,Contract Negotiation,5,4,1,20.0,80.0
533419,Fateh Wagle,Marketing,Marketing Executive,Content Marketing; Digital Marketing; Google Analytics; Seo,Campaign Management,5,4,1,20.0,80.0
533566,Ojas Kothari,IT,Cybersecurity Specialist,Cryptography; Network Security; Penetration Testing; Python,Incident Response; Siem,6,4,2,33.33,66.67
533611,Raunak Contractor,HR,HR Manager,Hris; Labor Law; Performance Management; Talent Acquisition,Employee Relations; Leadership,6,4,2,33.33,66.67
533724,Jhanvi Dutta,Marketing,Marketing Executive,Content Marketing; Digital Marketing; Google Analytics; Seo,Campaign Management,5,4,1,20.0,80.0
533996,Faiyaz Ghosh,HR,HR Manager,Labor Law; Leadership; Performance Management; Talent Acquisition,Employee Relations; Hris,6,4,2,33.33,66.67
534033,Shlok Das,Sales,Business Development,Crm; Pipeline Management; Strategic Pitching,Market Research; Partnership Development,5,3,2,40.0,60.0
534344,Bhamini Cherian,IT,Cybersecurity Specialist,Cryptography; Incident Response; Penetration Testing; Python; Siem,Network Security,6,5,1,16.67,83.33
534556,Baiju Loke,Marketing,Marketing Executive,Campaign Management; Content Marketing; Google Analytics; Seo,Digital Marketing,5,4,1,20.0,80.0
534568,Lakshay Mangat,HR,Recruitment Specialist,Employer Branding; Interviewing; Salary Negotiation; Technical Sourcing,Ats,5,4,1,20.0,80.0
534778,Raghav Karan,Marketing,Marketing Executive,Content Marketing; Digital Marketing; Google Analytics,Campaign Management; Seo,5,3,2,40.0,60.0
534865,Adira Singh,Sales,Account Manager,Contract Negotiation; Crm (Salesforce); Upselling,Account Planning; Client Retention,5,3,2,40.0,60.0
535051,Taran Dubey,Finance,Accountant,Auditing; Erp Systems; Quickbooks; Tax Compliance,Excel; Financial Accounting,6,4,2,33.33,66.67
535227,Shayak Kumar,Marketing,Content Strategist,Content Auditing; Copywriting; Seo,Information Architecture; User Research,5,3,2,40.0,60.0
535543,Vardaniya Kale,Marketing,Content Strategist,Content Auditing; Copywriting; Information Architecture; User Research,Seo,5,4,1,20.0,80.0
535748,Mahika Chatterjee,HR,Recruitment Specialist,Ats; Employer Branding; Salary Negotiation,Interviewing; Technical Sourcing,5,3,2,40.0,60.0
535918,Adira Raman,Finance,Accountant,Auditing; Erp Systems; Quickbooks; Tax Compliance,Excel; Financial Accounting,6,4,2,33.33,66.67
536049,Krish Chatterjee,Finance,Financial Analyst,Financial Modeling; Forecasting; Sql,Excel; Power Bi; Valuation,6,3,3,50.0,50.0
536307,Charvi Chand,Marketing,Marketing Executive,Campaign Management; Content Marketing; Google Analytics; Seo,Digital Marketing,5,4,1,20.0,80.0
536321,Ranbir Behl,Sales,Business Development,Crm; Market Research; Partnership Development; Pipeline Management,Strategic Pitching,5,4,1,20.0,80.0
536553,Ritvik Virk,Marketing,Marketing Executive,Campaign Management; Content Marketing; Google Analytics; Seo,Digital Marketing,5,4,1,20.0,80.0
536596,Alia Bahl,Finance,Financial Analyst,Excel; Financial Modeling; Forecasting; Valuation,Power Bi; Sql,6,4,2,33.33,66.67
537396,Adira Ratti,Marketing,Content Strategist,Copywriting; Information Architecture; User Research,Content Auditing; Seo,5,3,2,40.0,60.0
537647,Anaya Thaman,HR,HR Manager,Labor Law; Leadership; Talent Acquisition,Employee Relations; Hris; Performance Management,6,3,3,50.0,50.0
537761,Anya Majumdar,Marketing,Content Strategist,Content Auditing; Copywriting; User Research,Information Architecture; Seo,5,3,2,40.0,60.0
537776,Himmat Mander,IT,Cybersecurity Specialist,Network Security; Penetration Testing; Python; Siem,Cryptography; Incident Response,6,4,2,33.33,66.67
537812,Divij Bahri,IT,Software Engineer,Ci/Cd; Docker; Git; Python,Data Structures; Java; Kubernetes,7,4,3,42.86,57.14
537927,Rati Tandon,HR,Employee Relations,Employment Law; Hr Policies; Investigation; Mediation,Conflict Resolution,5,4,1,20.0,80.0
538353,Kashvi Bumb,IT,Software Engineer,Data Structures; Java; Kubernetes,Ci/Cd; Docker; Git; Python,7,3,4,57.14,42.86
538793,Saksham Jani,HR,Recruitment Specialist,Salary Negotiation; Technical Sourcing,Ats; Employer Branding; Interviewing,5,2,3,60.0,40.0
538851,Alia Sidhu,Sales,Business Development,Crm; Market Research; Pipeline Management; Strategic Pitching,Partnership Development,5,4,1,20.0,80.0
538887,Dharmajan Sarma,HR,Recruitment Specialist,Ats; Employer Branding; Interviewing; Technical Sourcing,Salary Negotiation,5,4,1,20.0,80.0
539075,Samiha Ratti,HR,HR Manager,Employee Relations; Hris; Labor Law; Performance Management; Talent Acquisition,Leadership,6,5,1,16.67,83.33
539202,Shlok Majumdar,Finance,Financial Analyst,Excel; Financial Modeling; Forecasting; Sql,Power Bi; Valuation,6,4,2,33.33,66.67
539216,Ojas Sunder,Sales,Sales Executive,Communication; Contract Closing; Crm; Lead Generation; Negotiation,B2B Sales,6,5,1,16.67,83.33
539255,Nishith Kala,IT,Software Engineer,Docker; Java; Kubernetes; Python,Ci/Cd; Data Structures; Git,7,4,3,42.86,57.14
539275,Riya Bajaj,IT,Cybersecurity Specialist,Cryptography; Incident Response; Network Security; Penetration Testing; Python,Siem,6,5,1,16.67,83.33
539289,Gokul Chand,IT,Data Analyst,Excel; Power Bi; Python; Sql; Statistical Analysis,Tableau,6,5,1,16.67,83.33
539556,Ryan Chakrabarti,IT,Data Analyst,Excel; Power Bi; Sql; Statistical Analysis,Python; Tableau,6,4,2,33.33,66.67
540124,Mohanlal Dutt,Marketing,Marketing Executive,Campaign Management; Content Marketing; Google Analytics,Digital Marketing; Seo,5,3,2,40.0,60.0
540202,Mohanlal Dugal,HR,Recruitment Specialist,Ats; Employer Branding; Salary Negotiation; Technical Sourcing,Interviewing,5,4,1,20.0,80.0
540381,Aaina Khanna,Marketing,SEO Specialist,Backlink Strategy; Google Analytics; Html / Css Basics,Content Optimization; On-Page Seo,5,3,2,40.0,60.0
540806,Anaya Chaudhuri,IT,Data Analyst,Power Bi; Python; Sql; Statistical Analysis; Tableau,Excel,6,5,1,16.67,83.33
540899,Jhanvi Korpal,Finance,Financial Analyst,Excel; Power Bi; Valuation,Financial Modeling; Forecasting; Sql,6,3,3,50.0,50.0
540989,Manikya Garde,Finance,Auditor,Compliance; Excel; Forensic Accounting; Risk Assessment,Financial Analysis; Internal Auditing,6,4,2,33.33,66.67
541090,Lavanya Batta,Marketing,Marketing Executive,Campaign Management; Content Marketing; Digital Marketing,Google Analytics; Seo,5,3,2,40.0,60.0
541132,Ayesha Batta,IT,Cybersecurity Specialist,Incident Response; Network Security; Penetration Testing; Siem,Cryptography; Python,6,4,2,33.33,66.67
541462,Shayak Sen,HR,HR Manager,Employee Relations; Hris; Leadership; Performance Management; Talent Acquisition,Labor Law,6,5,1,16.67,83.33
541482,Renee Goel,Marketing,Marketing Executive,Content Marketing; Digital Marketing; Google Analytics,Campaign Management; Seo,5,3,2,40.0,60.0
541507,Kavya Roy,Finance,Accountant,Auditing; Quickbooks; Tax Compliance,Erp Systems; Excel; Financial Accounting,6,3,3,50.0,50.0
541829,Trisha Batra,Marketing,Content Strategist,Content Auditing; Copywriting; Seo; User Research,Information Architecture,5,4,1,20.0,80.0
541902,Divit Kale,Sales,Sales Executive,Contract Closing; Crm; Lead Generation; Negotiation,B2B Sales; Communication,6,4,2,33.33,66.67
542032,Badal Ravi,IT,Cybersecurity Specialist,Incident Response; Network Security; Siem,Cryptography; Penetration Testing; Python,6,3,3,50.0,50.0
542399,Tushar Saini,Sales,Business Development,Crm; Market Research; Partnership Development,Pipeline Management; Strategic Pitching,5,3,2,40.0,60.0
542568,Rasha Lalla,Marketing,SEO Specialist,Backlink Strategy; Google Analytics; Html / Css Basics,Content Optimization; On-Page Seo,5,3,2,40.0,60.0
542666,Prisha Sampath,IT,Cybersecurity Specialist,Cryptography; Python; Siem,Incident Response; Network Security; Penetration Testing,6,3,3,50.0,50.0
542687,Lakshay Manne,Sales,Sales Executive,B2B Sales; Contract Closing; Crm; Negotiation,Communication; Lead Generation,6,4,2,33.33,66.67
542816,Drishya Khurana,Marketing,SEO Specialist,Content Optimization; Html / Css Basics; On-Page Seo,Backlink Strategy; Google Analytics,5,3,2,40.0,60.0
542857,Arnav Randhawa,HR,HR Manager,Hris; Labor Law; Leadership; Performance Management,Employee Relations; Talent Acquisition,6,4,2,33.33,66.67
542908,Jhanvi Raman,Marketing,SEO Specialist,Backlink Strategy; Content Optimization; Html / Css Basics,Google Analytics; On-Page Seo,5,3,2,40.0,60.0
542988,Anika Rout,Sales,Account Manager,Client Retention; Contract Negotiation; Crm (Salesforce),Account Planning; Upselling,5,3,2,40.0,60.0
543006,Elakshi Bava,IT,Cybersecurity Specialist,Incident Response; Penetration Testing; Python,Cryptography; Network Security; Siem,6,3,3,50.0,50.0
543096,Ishaan Samra,HR,HR Manager,Employee Relations; Hris; Labor Law; Leadership,Performance Management; Talent Acquisition,6,4,2,33.33,66.67
543100,Misha Jha,IT,Cybersecurity Specialist,Cryptography; Incident Response; Network Security; Python,Penetration Testing; Siem,6,4,2,33.33,66.67
543111,Inaaya  Sane,IT,Software Engineer,Ci/Cd; Data Structures; Docker; Git; Java; Python,Kubernetes,7,6,1,14.29,85.71
543497,Ishaan Rana,Finance,Accountant,Erp Systems; Financial Accounting; Quickbooks; Tax Compliance,Auditing; Excel,6,4,2,33.33,66.67
543581,Divyansh Soni,Marketing,SEO Specialist,Content Optimization; Google Analytics; On-Page Seo,Backlink Strategy; Html / Css Basics,5,3,2,40.0,60.0
543620,Heer Subramanian,Sales,Account Manager,Client Retention; Contract Negotiation; Crm (Salesforce); Upselling,Account Planning,5,4,1,20.0,80.0
543775,Tarini Deo,Sales,Sales Executive,B2B Sales; Communication; Contract Closing; Lead Generation; Negotiation,Crm,6,5,1,16.67,83.33
543955,Uthkarsh Arya,IT,Data Analyst,Excel; Power Bi; Python; Sql; Statistical Analysis,Tableau,6,5,1,16.67,83.33
544255,Advika Kannan,Sales,Sales Executive,Communication; Crm; Lead Generation; Negotiation,B2B Sales; Contract Closing,6,4,2,33.33,66.67
544360,Nakul Bandi,HR,Recruitment Specialist,Ats; Employer Branding; Salary Negotiation,Interviewing; Technical Sourcing,5,3,2,40.0,60.0
544561,Saanvi Raju,Finance,Auditor,Excel; Financial Analysis; Forensic Accounting; Internal Auditing,Compliance; Risk Assessment,6,4,2,33.33,66.67
544630,Hansh Manda,IT,Data Analyst,Excel; Power Bi; Python; Sql,Statistical Analysis; Tableau,6,4,2,33.33,66.67
544759,Jiya Lal,Sales,Account Manager,Contract Negotiation; Crm (Salesforce); Upselling,Account Planning; Client Retention,5,3,2,40.0,60.0
544954,Divij Kakar,Sales,Business Development,Crm; Market Research; Strategic Pitching,Partnership Development; Pipeline Management,5,3,2,40.0,60.0
545145,Neelofar Cherian,Marketing,Content Strategist,Content Auditing; Information Architecture,Copywriting; Seo; User Research,5,2,3,60.0,40.0
545469,Dhanuk Verma,Marketing,Marketing Executive,Campaign Management; Content Marketing; Digital Marketing; Seo,Google Analytics,5,4,1,20.0,80.0
545876,Sara Dara,IT,Software Engineer,Data Structures; Docker; Git; Python,Ci/Cd; Java; Kubernetes,7,4,3,42.86,57.14
546027,Khushi Khatri,HR,Recruitment Specialist,Ats; Interviewing; Salary Negotiation,Employer Branding; Technical Sourcing,5,3,2,40.0,60.0
546619,Ehsaan Vala,IT,Data Analyst,Power Bi; Python; Sql; Statistical Analysis; Tableau,Excel,6,5,1,16.67,83.33
546626,Ranbir Choudhury,Marketing,Content Strategist,Content Auditing; Seo; User Research,Copywriting; Information Architecture,5,3,2,40.0,60.0
546758,Alia Handa,HR,Recruitment Specialist,Ats; Interviewing; Technical Sourcing,Employer Branding; Salary Negotiation,5,3,2,40.0,60.0
547113,Pihu Zacharia,HR,HR Manager,Employee Relations; Hris; Labor Law; Leadership; Performance Management,Talent Acquisition,6,5,1,16.67,83.33
547118,Oorja Sahota,IT,Software Engineer,Ci/Cd; Data Structures; Docker; Git; Kubernetes; Python,Java,7,6,1,14.29,85.71
547222,Shlok Luthra,Finance,Financial Analyst,Excel; Sql; Valuation,Financial Modeling; Forecasting; Power Bi,6,3,3,50.0,50.0
547443,Miraya Warrior,HR,Employee Relations,Conflict Resolution; Hr Policies,Employment Law; Investigation; Mediation,5,2,3,60.0,40.0
547479,Tushar Dyal,Finance,Financial Analyst,Excel; Forecasting; Power Bi; Sql; Valuation,Financial Modeling,6,5,1,16.67,83.33
547935,Hridaan Khurana,Finance,Accountant,Erp Systems; Excel; Financial Accounting; Quickbooks; Tax Compliance,Auditing,6,5,1,16.67,83.33
548013,Zaina Gara,Sales,Business Development,Crm; Market Research; Partnership Development; Strategic Pitching,Pipeline Management,5,4,1,20.0,80.0
548251,Manikya Bora,Sales,Account Manager,Account Planning; Client Retention; Crm (Salesforce); Upselling,Contract Negotiation,5,4,1,20.0,80.0
548757,Lavanya Borah,IT,Software Engineer,Ci/Cd; Git; Java; Kubernetes; Python,Data Structures; Docker,7,5,2,28.57,71.43
548768,Fateh Bahri,Sales,Sales Executive,B2B Sales; Communication; Crm; Negotiation,Contract Closing; Lead Generation,6,4,2,33.33,66.67
548834,Lakshay Bose,IT,Software Engineer,Data Structures; Docker; Git; Kubernetes; Python,Ci/Cd; Java,7,5,2,28.57,71.43
548883,Kabir Bera,Marketing,Marketing Executive,Campaign Management; Content Marketing; Digital Marketing; Seo,Google Analytics,5,4,1,20.0,80.0
549044,Neysa Din,HR,Employee Relations,Conflict Resolution; Hr Policies; Mediation,Employment Law; Investigation,5,3,2,40.0,60.0
549110,Aayush Bakshi,IT,Cybersecurity Specialist,Cryptography; Incident Response; Penetration Testing; Python; Siem,Network Security,6,5,1,16.67,83.33
549263,Prerak Tara,HR,Recruitment Specialist,Ats; Interviewing; Salary Negotiation,Employer Branding; Technical Sourcing,5,3,2,40.0,60.0
549301,Vivaan Edwin,Finance,Accountant,Auditing; Erp Systems; Excel; Financial Accounting; Quickbooks,Tax Compliance,6,5,1,16.67,83.33
549479,Lakshay Seshadri,HR,Employee Relations,Employment Law; Mediation,Conflict Resolution; Hr Policies; Investigation,5,2,3,60.0,40.0
549581,Ayesha Bawa,HR,Employee Relations,Employment Law; Hr Policies; Investigation; Mediation,Conflict Resolution,5,4,1,20.0,80.0
549637,Inaaya  Ravi,Sales,Account Manager,Account Planning; Upselling,Client Retention; Contract Negotiation; Crm (Salesforce),5,2,3,60.0,40.0
549689,Nehmat Ahluwalia,Sales,Sales Executive,B2B Sales; Communication; Contract Closing; Crm,Lead Generation; Negotiation,6,4,2,33.33,66.67
549980,Suhana Raval,HR,Recruitment Specialist,Ats; Employer Branding; Interviewing,Salary Negotiation; Technical Sourcing,5,3,2,40.0,60.0
550082,Tarini Chokshi,Marketing,SEO Specialist,Backlink Strategy; Content Optimization; Google Analytics; Html / Css Basics,On-Page Seo,5,4,1,20.0,80.0
550593,Anay Sur,IT,Data Analyst,Power Bi; Python; Sql; Statistical Analysis; Tableau,Excel,6,5,1,16.67,83.33
550755,Jayesh Ratta,Finance,Financial Analyst,Power Bi; Sql; Valuation,Excel; Financial Modeling; Forecasting,6,3,3,50.0,50.0
551207,Lakshay Saxena,HR,Employee Relations,Conflict Resolution; Hr Policies; Investigation; Mediation,Employment Law,5,4,1,20.0,80.0
551576,Shlok Acharya,Sales,Account Manager,Account Planning; Contract Negotiation,Client Retention; Crm (Salesforce); Upselling,5,2,3,60.0,40.0
551737,Kartik Chand,HR,HR Manager,Employee Relations; Hris; Talent Acquisition,Labor Law; Leadership; Performance Management,6,3,3,50.0,50.0
551820,Ivana Rattan,Marketing,Content Strategist,Copywriting; Information Architecture; Seo; User Research,Content Auditing,5,4,1,20.0,80.0
551937,Himmat Sur,Marketing,SEO Specialist,Content Optimization; Google Analytics; Html / Css Basics,Backlink Strategy; On-Page Seo,5,3,2,40.0,60.0
552230,Hunar Boase,Sales,Sales Executive,B2B Sales; Communication; Negotiation,Contract Closing; Crm; Lead Generation,6,3,3,50.0,50.0
552359,Zoya Deo,IT,Data Analyst,Excel; Power Bi; Python; Sql; Statistical Analysis,Tableau,6,5,1,16.67,83.33
552368,Adira Grewal,Finance,Financial Analyst,Excel; Financial Modeling; Forecasting; Power Bi,Sql; Valuation,6,4,2,33.33,66.67
552506,Kaira Gera,HR,Employee Relations,Conflict Resolution; Employment Law; Hr Policies; Investigation,Mediation,5,4,1,20.0,80.0
552747,Prerak Sanghvi,Marketing,Marketing Executive,Campaign Management; Seo,Content Marketing; Digital Marketing; Google Analytics,5,2,3,60.0,40.0
552784,Faiyaz Bhargava,IT,Software Engineer,Docker; Java; Kubernetes,Ci/Cd; Data Structures; Git; Python,7,3,4,57.14,42.86
553095,Shaan Mall,IT,Data Analyst,Power Bi; Sql; Statistical Analysis,Excel; Python; Tableau,6,3,3,50.0,50.0
553383,Kimaya Konda,Marketing,Marketing Executive,Campaign Management; Content Marketing; Google Analytics; Seo,Digital Marketing,5,4,1,20.0,80.0
553714,Samar Sarna,IT,Cybersecurity Specialist,Penetration Testing; Python; Siem,Cryptography; Incident Response; Network Security,6,3,3,50.0,50.0
553994,Jayan Bora,Sales,Account Manager,Account Planning; Client Retention; Contract Negotiation; Crm (Salesforce),Upselling,5,4,1,20.0,80.0
554087,Yashvi Vig,Marketing,SEO Specialist,Backlink Strategy; Content Optimization; Google Analytics; Html / Css Basics,On-Page Seo,5,4,1,20.0,80.0
554153,Anya Sabharwal,IT,Data Analyst,Excel; Python; Sql; Statistical Analysis,Power Bi; Tableau,6,4,2,33.33,66.67
554245,Samiha Chopra,Finance,Accountant,Auditing; Erp Systems; Excel; Financial Accounting,Quickbooks; Tax Compliance,6,4,2,33.33,66.67
554758,Nirvaan Sridhar,Finance,Auditor,Excel; Financial Analysis; Forensic Accounting; Internal Auditing; Risk Assessment,Compliance,6,5,1,16.67,83.33
554972,Eshani Hayer,Sales,Sales Executive,B2B Sales; Communication; Crm; Lead Generation; Negotiation,Contract Closing,6,5,1,16.67,83.33
554981,Aaryahi Grover,HR,Recruitment Specialist,Ats; Interviewing; Salary Negotiation; Technical Sourcing,Employer Branding,5,4,1,20.0,80.0
555352,Mohanlal Ramesh,Sales,Account Manager,Account Planning; Client Retention; Crm (Salesforce); Upselling,Contract Negotiation,5,4,1,20.0,80.0
555457,Veer Kumar,IT,Cybersecurity Specialist,Cryptography; Incident Response; Network Security,Penetration Testing; Python; Siem,6,3,3,50.0,50.0
555651,Zeeshan Deep,HR,Employee Relations,Employment Law; Hr Policies; Mediation,Conflict Resolution; Investigation,5,3,2,40.0,60.0
555829,Saira Sachar,HR,Recruitment Specialist,Employer Branding; Interviewing; Salary Negotiation; Technical Sourcing,Ats,5,4,1,20.0,80.0
556012,Alia Chana,HR,HR Manager,Employee Relations; Hris; Labor Law; Leadership; Talent Acquisition,Performance Management,6,5,1,16.67,83.33
556231,Ehsaan Dyal,Sales,Account Manager,Account Planning; Client Retention; Contract Negotiation; Crm (Salesforce),Upselling,5,4,1,20.0,80.0
556253,Azad Bhatia,HR,Employee Relations,Conflict Resolution; Employment Law; Investigation; Mediation,Hr Policies,5,4,1,20.0,80.0
556372,Tanya Sachar,Marketing,Marketing Executive,Campaign Management; Content Marketing; Google Analytics; Seo,Digital Marketing,5,4,1,20.0,80.0
556437,Urvi Joshi,Finance,Accountant,Erp Systems; Excel; Financial Accounting; Quickbooks; Tax Compliance,Auditing,6,5,1,16.67,83.33
556785,Damini Bhakta,Sales,Sales Executive,B2B Sales; Communication; Contract Closing; Crm; Lead Generation,Negotiation,6,5,1,16.67,83.33
556870,Indrans Varty,Marketing,SEO Specialist,Backlink Strategy; Content Optimization; On-Page Seo,Google Analytics; Html / Css Basics,5,3,2,40.0,60.0
556883,Shayak Chaudhary,Marketing,Marketing Executive,Campaign Management; Content Marketing; Google Analytics; Seo,Digital Marketing,5,4,1,20.0,80.0
556936,Vidur Dora,IT,Software Engineer,Data Structures; Docker; Git; Java; Kubernetes,Ci/Cd; Python,7,5,2,28.57,71.43
557094,Hunar Konda,Sales,Business Development,Partnership Development; Pipeline Management; Strategic Pitching,Crm; Market Research,5,3,2,40.0,60.0
557318,Trisha Bora,Sales,Sales Executive,B2B Sales; Communication; Contract Closing; Crm; Lead Generation,Negotiation,6,5,1,16.67,83.33
557502,Shalv Kibe,Marketing,Marketing Executive,Campaign Management; Digital Marketing; Google Analytics,Content Marketing; Seo,5,3,2,40.0,60.0
557620,Mamooty Bora,Marketing,Content Strategist,Copywriting; Seo; User Research,Content Auditing; Information Architecture,5,3,2,40.0,60.0
557679,Rohan Karnik,IT,Software Engineer,Ci/Cd; Data Structures; Docker; Git; Java; Kubernetes,Python,7,6,1,14.29,85.71
557755,Samaira Bhakta,IT,Cybersecurity Specialist,Cryptography; Incident Response; Network Security; Siem,Penetration Testing; Python,6,4,2,33.33,66.67
557824,Anay Kothari,Finance,Accountant,Auditing; Erp Systems; Tax Compliance,Excel; Financial Accounting; Quickbooks,6,3,3,50.0,50.0
557958,Shanaya Kaur,IT,Cybersecurity Specialist,Cryptography; Network Security; Penetration Testing; Python; Siem,Incident Response,6,5,1,16.67,83.33
558287,Siya Wadhwa,Sales,Account Manager,Account Planning; Crm (Salesforce); Upselling,Client Retention; Contract Negotiation,5,3,2,40.0,60.0
558641,Yuvraj  Ramakrishnan,Sales,Sales Executive,Communication; Contract Closing; Crm; Lead Generation,B2B Sales; Negotiation,6,4,2,33.33,66.67
558903,Saira Sheth,Finance,Accountant,Auditing; Excel; Financial Accounting,Erp Systems; Quickbooks; Tax Compliance,6,3,3,50.0,50.0
558991,Adah Bains,HR,Recruitment Specialist,Ats; Employer Branding; Salary Negotiation,Interviewing; Technical Sourcing,5,3,2,40.0,60.0
559156,Aayush Dyal,Finance,Auditor,Excel; Financial Analysis; Forensic Accounting,Compliance; Internal Auditing; Risk Assessment,6,3,3,50.0,50.0
559184,Sumer Sagar,IT,Data Analyst,Excel; Sql; Statistical Analysis; Tableau,Power Bi; Python,6,4,2,33.33,66.67
559285,Anahita Sanghvi,Marketing,Marketing Executive,Campaign Management; Digital Marketing; Seo,Content Marketing; Google Analytics,5,3,2,40.0,60.0
559289,Renee Basu,HR,HR Manager,Employee Relations; Hris; Labor Law; Performance Management; Talent Acquisition,Leadership,6,5,1,16.67,83.33
559310,Miraya Sani,IT,Cybersecurity Specialist,Cryptography; Incident Response; Network Security; Penetration Testing; Python,Siem,6,5,1,16.67,83.33
559358,Miraya Verma,Sales,Sales Executive,B2B Sales; Communication; Contract Closing; Negotiation,Crm; Lead Generation,6,4,2,33.33,66.67
559703,Kismat Bajwa,IT,Data Analyst,Excel; Python; Sql,Power Bi; Statistical Analysis; Tableau,6,3,3,50.0,50.0
559766,Nehmat Sagar,Finance,Accountant,Auditing; Erp Systems; Financial Accounting; Quickbooks; Tax Compliance,Excel,6,5,1,16.67,83.33
559971,Eshani Mandal,HR,Employee Relations,Conflict Resolution; Employment Law; Investigation; Mediation,Hr Policies,5,4,1,20.0,80.0
560071,Samar Sibal,Finance,Financial Analyst,Excel; Forecasting; Sql; Valuation,Financial Modeling; Power Bi,6,4,2,33.33,66.67
560213,Yashvi Rana,Sales,Account Manager,Client Retention; Contract Negotiation; Crm (Salesforce); Upselling,Account Planning,5,4,1,20.0,80.0
560327,Inaaya  Kar,Finance,Financial Analyst,Forecasting; Power Bi; Valuation,Excel; Financial Modeling; Sql,6,3,3,50.0,50.0
560366,Siya Ramakrishnan,HR,Recruitment Specialist,Ats; Employer Branding; Interviewing; Technical Sourcing,Salary Negotiation,5,4,1,20.0,80.0
560397,Shanaya Bali,HR,Employee Relations,Employment Law; Hr Policies; Mediation,Conflict Resolution; Investigation,5,3,2,40.0,60.0
560747,Samiha Walia,Marketing,Marketing Executive,Campaign Management; Content Marketing; Digital Marketing,Google Analytics; Seo,5,3,2,40.0,60.0
560911,Saanvi Rege,HR,Recruitment Specialist,Employer Branding; Interviewing; Technical Sourcing,Ats; Salary Negotiation,5,3,2,40.0,60.0
561289,Pihu Keer,IT,Data Analyst,Excel; Power Bi; Sql; Statistical Analysis,Python; Tableau,6,4,2,33.33,66.67
561393,Mehul Kanda,HR,Recruitment Specialist,Ats; Employer Branding; Interviewing; Technical Sourcing,Salary Negotiation,5,4,1,20.0,80.0
561566,Tushar Date,Sales,Business Development,Crm; Market Research; Pipeline Management; Strategic Pitching,Partnership Development,5,4,1,20.0,80.0
561624,Anay Kapoor,Finance,Auditor,Compliance; Financial Analysis; Forensic Accounting; Risk Assessment,Excel; Internal Auditing,6,4,2,33.33,66.67
561816,Rasha Madan,Sales,Business Development,Crm; Partnership Development; Strategic Pitching,Market Research; Pipeline Management,5,3,2,40.0,60.0
561866,Tejas Solanki,Finance,Accountant,Auditing; Erp Systems; Financial Accounting,Excel; Quickbooks; Tax Compliance,6,3,3,50.0,50.0
561927,Tarini Swaminathan,IT,Cybersecurity Specialist,Incident Response; Network Security; Penetration Testing; Python,Cryptography; Siem,6,4,2,33.33,66.67
562237,Nehmat Butala,Sales,Sales Executive,Communication; Contract Closing; Crm,B2B Sales; Lead Generation; Negotiation,6,3,3,50.0,50.0
562245,Dhanuk Mann,HR,Employee Relations,Conflict Resolution; Employment Law; Mediation,Hr Policies; Investigation,5,3,2,40.0,60.0
562317,Trisha Bajwa,Sales,Business Development,Crm; Market Research,Partnership Development; Pipeline Management; Strategic Pitching,5,2,3,60.0,40.0
562590,Nishith Kothari,Sales,Sales Executive,B2B Sales; Communication; Contract Closing; Negotiation,Crm; Lead Generation,6,4,2,33.33,66.67
562680,Samaira Doctor,Sales,Account Manager,Client Retention; Contract Negotiation; Crm (Salesforce); Upselling,Account Planning,5,4,1,20.0,80.0
562710,Hiran Yadav,Finance,Financial Analyst,Forecasting; Power Bi; Sql; Valuation,Excel; Financial Modeling,6,4,2,33.33,66.67
562750,Kiaan Batta,Finance,Financial Analyst,Forecasting; Power Bi; Sql; Valuation,Excel; Financial Modeling,6,4,2,33.33,66.67
562767,Vihaan Seth,Sales,Account Manager,Account Planning; Client Retention; Crm (Salesforce); Upselling,Contract Negotiation,5,4,1,20.0,80.0
562858,Siya Cheema,HR,HR Manager,Leadership; Performance Management; Talent Acquisition,Employee Relations; Hris; Labor Law,6,3,3,50.0,50.0
562922,Dhanush Kohli,Finance,Auditor,Compliance; Excel; Financial Analysis; Forensic Accounting; Internal Auditing,Risk Assessment,6,5,1,16.67,83.33
563173,Siya Chana,IT,Data Analyst,Power Bi; Sql; Statistical Analysis,Excel; Python; Tableau,6,3,3,50.0,50.0
563230,Nayantara Kunda,HR,Recruitment Specialist,Ats; Employer Branding; Salary Negotiation; Technical Sourcing,Interviewing,5,4,1,20.0,80.0
563319,Ela Chana,Marketing,SEO Specialist,Backlink Strategy; Content Optimization; On-Page Seo,Google Analytics; Html / Css Basics,5,3,2,40.0,60.0
563347,Kiara Behl,Sales,Account Manager,Client Retention; Crm (Salesforce),Account Planning; Contract Negotiation; Upselling,5,2,3,60.0,40.0
563352,Yuvraj  Ghosh,IT,Cybersecurity Specialist,Incident Response; Penetration Testing; Python; Siem,Cryptography; Network Security,6,4,2,33.33,66.67
563624,Mahika Kapadia,IT,Data Analyst,Excel; Power Bi; Sql; Tableau,Python; Statistical Analysis,6,4,2,33.33,66.67
564163,Alisha Dar,Marketing,Content Strategist,Content Auditing; Copywriting; Seo,Information Architecture; User Research,5,3,2,40.0,60.0
564424,Himmat Apte,Marketing,Marketing Executive,Content Marketing; Digital Marketing; Seo,Campaign Management; Google Analytics,5,3,2,40.0,60.0
564542,Aniruddh Kohli,IT,Software Engineer,Ci/Cd; Data Structures; Docker; Git; Kubernetes; Python,Java,7,6,1,14.29,85.71
564969,Sahil Kapur,IT,Software Engineer,Ci/Cd; Data Structures; Git; Kubernetes,Docker; Java; Python,7,4,3,42.86,57.14
565468,Vivaan Andra,Marketing,SEO Specialist,Backlink Strategy; Google Analytics; Html / Css Basics; On-Page Seo,Content Optimization,5,4,1,20.0,80.0
565667,Dharmajan Chada,Finance,Auditor,Compliance; Excel; Financial Analysis; Risk Assessment,Forensic Accounting; Internal Auditing,6,4,2,33.33,66.67
566242,Shalv Sura,Sales,Account Manager,Account Planning; Contract Negotiation; Crm (Salesforce),Client Retention; Upselling,5,3,2,40.0,60.0
566305,Tejas Chokshi,HR,HR Manager,Employee Relations; Leadership; Performance Management; Talent Acquisition,Hris; Labor Law,6,4,2,33.33,66.67
566589,Piya Dua,HR,Employee Relations,Conflict Resolution; Employment Law; Hr Policies,Investigation; Mediation,5,3,2,40.0,60.0
567306,Raghav Khurana,Marketing,SEO Specialist,Content Optimization; Google Analytics,Backlink Strategy; Html / Css Basics; On-Page Seo,5,2,3,60.0,40.0
567358,Saira Vala,Sales,Business Development,Crm; Market Research; Strategic Pitching,Partnership Development; Pipeline Management,5,3,2,40.0,60.0
567481,Kabir Shanker,Marketing,Marketing Executive,Campaign Management; Content Marketing; Seo,Digital Marketing; Google Analytics,5,3,2,40.0,60.0
567538,Anahi Jain,Sales,Sales Executive,B2B Sales; Communication; Crm; Negotiation,Contract Closing; Lead Generation,6,4,2,33.33,66.67
567705,Drishya Jayaraman,Sales,Business Development,Crm; Market Research; Partnership Development; Strategic Pitching,Pipeline Management,5,4,1,20.0,80.0
567830,Oorja Roy,HR,Employee Relations,Conflict Resolution; Employment Law; Hr Policies; Mediation,Investigation,5,4,1,20.0,80.0
568017,Bhamini Sawhney,Sales,Sales Executive,Communication; Crm; Lead Generation; Negotiation,B2B Sales; Contract Closing,6,4,2,33.33,66.67
568048,Jivin Lanka,HR,Employee Relations,Employment Law; Hr Policies; Investigation; Mediation,Conflict Resolution,5,4,1,20.0,80.0
568153,Parinaaz Buch,Finance,Accountant,Auditing; Erp Systems; Excel; Financial Accounting; Tax Compliance,Quickbooks,6,5,1,16.67,83.33
568326,Adira Ghose,IT,Software Engineer,Ci/Cd; Data Structures; Git; Java; Kubernetes,Docker; Python,7,5,2,28.57,71.43
568508,Lakshit Toor,HR,Recruitment Specialist,Ats; Interviewing; Salary Negotiation; Technical Sourcing,Employer Branding,5,4,1,20.0,80.0
568662,Nakul Maharaj,Sales,Business Development,Market Research; Partnership Development; Pipeline Management; Strategic Pitching,Crm,5,4,1,20.0,80.0
568883,Riya Krishnamurthy,Marketing,Content Strategist,Content Auditing; Copywriting; User Research,Information Architecture; Seo,5,3,2,40.0,60.0
569167,Madhav Anand,HR,HR Manager,Hris; Leadership; Performance Management; Talent Acquisition,Employee Relations; Labor Law,6,4,2,33.33,66.67
569196,Shray Kala,Sales,Sales Executive,B2B Sales; Contract Closing; Crm,Communication; Lead Generation; Negotiation,6,3,3,50.0,50.0
569484,Riya Tank,Marketing,Content Strategist,Content Auditing; Information Architecture; Seo; User Research,Copywriting,5,4,1,20.0,80.0
569817,Saira Dara,HR,HR Manager,Employee Relations; Labor Law; Leadership; Talent Acquisition,Hris; Performance Management,6,4,2,33.33,66.67
569924,Yashvi Karpe,Finance,Accountant,Auditing; Erp Systems; Financial Accounting; Quickbooks,Excel; Tax Compliance,6,4,2,33.33,66.67
569945,Ishaan Uppal,HR,HR Manager,Employee Relations; Performance Management; Talent Acquisition,Hris; Labor Law; Leadership,6,3,3,50.0,50.0
570104,Ryan Sachar,IT,Cybersecurity Specialist,Cryptography; Network Security; Penetration Testing; Python; Siem,Incident Response,6,5,1,16.67,83.33
570184,Neelofar Chaudhuri,Sales,Business Development,Crm; Partnership Development; Pipeline Management,Market Research; Strategic Pitching,5,3,2,40.0,60.0
570204,Madhup Bora,Finance,Accountant,Auditing; Excel; Financial Accounting; Quickbooks; Tax Compliance,Erp Systems,6,5,1,16.67,83.33
570393,Ira Sen,Sales,Account Manager,Crm (Salesforce); Upselling,Account Planning; Client Retention; Contract Negotiation,5,2,3,60.0,40.0
570523,Aayush Raj,HR,Employee Relations,Conflict Resolution; Employment Law; Investigation; Mediation,Hr Policies,5,4,1,20.0,80.0
570527,Anya Kari,HR,Employee Relations,Conflict Resolution; Employment Law; Investigation; Mediation,Hr Policies,5,4,1,20.0,80.0
570841,Kiaan Shetty,HR,HR Manager,Employee Relations; Labor Law; Performance Management; Talent Acquisition,Hris; Leadership,6,4,2,33.33,66.67
571266,Aarush Loke,Marketing,Content Strategist,Content Auditing; Seo; User Research,Copywriting; Information Architecture,5,3,2,40.0,60.0
571423,Kaira Talwar,HR,Recruitment Specialist,Ats; Employer Branding; Salary Negotiation; Technical Sourcing,Interviewing,5,4,1,20.0,80.0
571585,Neelofar Raja,IT,Cybersecurity Specialist,Cryptography; Incident Response; Penetration Testing; Siem,Network Security; Python,6,4,2,33.33,66.67
571673,Rhea Dixit,Marketing,Marketing Executive,Content Marketing; Digital Marketing; Seo,Campaign Management; Google Analytics,5,3,2,40.0,60.0
571695,Gatik Raj,Marketing,SEO Specialist,Backlink Strategy; Content Optimization; On-Page Seo,Google Analytics; Html / Css Basics,5,3,2,40.0,60.0
572989,Urvi Boase,IT,Software Engineer,Ci/Cd; Data Structures; Docker; Git; Kubernetes,Java; Python,7,5,2,28.57,71.43
573152,Shamik Dixit,Finance,Auditor,Excel; Financial Analysis; Internal Auditing,Compliance; Forensic Accounting; Risk Assessment,6,3,3,50.0,50.0
573228,Kartik Mahajan,Marketing,Marketing Executive,Content Marketing; Digital Marketing; Google Analytics; Seo,Campaign Management,5,4,1,20.0,80.0
573316,Taran Karnik,IT,Software Engineer,Ci/Cd; Data Structures; Docker; Python,Git; Java; Kubernetes,7,4,3,42.86,57.14
573370,Zeeshan Bajaj,Sales,Account Manager,Client Retention; Contract Negotiation; Crm (Salesforce); Upselling,Account Planning,5,4,1,20.0,80.0
573387,Taran Jha,IT,Cybersecurity Specialist,Incident Response; Network Security; Python; Siem,Cryptography; Penetration Testing,6,4,2,33.33,66.67
573521,Lakshit Chada,Finance,Accountant,Auditing; Excel; Financial Accounting; Quickbooks; Tax Compliance,Erp Systems,6,5,1,16.67,83.33
573538,Biju Bhatia,Finance,Accountant,Auditing; Erp Systems; Financial Accounting; Quickbooks; Tax Compliance,Excel,6,5,1,16.67,83.33
573766,Navya Sahni,Marketing,SEO Specialist,Content Optimization; Google Analytics; On-Page Seo,Backlink Strategy; Html / Css Basics,5,3,2,40.0,60.0
573799,Dhanuk De,HR,Employee Relations,Conflict Resolution; Employment Law; Investigation; Mediation,Hr Policies,5,4,1,20.0,80.0
573858,Reyansh Apte,IT,Software Engineer,Ci/Cd; Docker; Git; Kubernetes,Data Structures; Java; Python,7,4,3,42.86,57.14
574076,Aarav Kapadia,Finance,Accountant,Erp Systems; Excel; Quickbooks; Tax Compliance,Auditing; Financial Accounting,6,4,2,33.33,66.67
574279,Rasha Doshi,Finance,Financial Analyst,Financial Modeling; Forecasting; Power Bi; Valuation,Excel; Sql,6,4,2,33.33,66.67
574506,Charvi Zacharia,Sales,Sales Executive,B2B Sales; Communication; Contract Closing; Lead Generation; Negotiation,Crm,6,5,1,16.67,83.33
574652,Taimur Zacharia,Sales,Business Development,Partnership Development; Pipeline Management; Strategic Pitching,Crm; Market Research,5,3,2,40.0,60.0
574980,Eshani Soman,IT,Data Analyst,Power Bi; Python; Sql; Statistical Analysis; Tableau,Excel,6,5,1,16.67,83.33
575013,Adira Mannan,Sales,Account Manager,Account Planning; Client Retention; Contract Negotiation,Crm (Salesforce); Upselling,5,3,2,40.0,60.0
575441,Krish Tara,IT,Software Engineer,Docker; Git; Kubernetes; Python,Ci/Cd; Data Structures; Java,7,4,3,42.86,57.14
575830,Divij Borah,Finance,Financial Analyst,Excel; Forecasting; Power Bi; Sql; Valuation,Financial Modeling,6,5,1,16.67,83.33
575847,Yuvraj  Bhat,Sales,Business Development,Crm; Strategic Pitching,Market Research; Partnership Development; Pipeline Management,5,2,3,60.0,40.0
575964,Kaira Sule,HR,Employee Relations,Employment Law; Investigation,Conflict Resolution; Hr Policies; Mediation,5,2,3,60.0,40.0
576078,Jayesh Chacko,Sales,Sales Executive,B2B Sales; Communication; Crm; Lead Generation; Negotiation,Contract Closing,6,5,1,16.67,83.33
576286,Kismat Doctor,HR,Recruitment Specialist,Interviewing; Technical Sourcing,Ats; Employer Branding; Salary Negotiation,5,2,3,60.0,40.0
576546,Miraan Bedi,HR,Recruitment Specialist,Ats; Salary Negotiation; Technical Sourcing,Employer Branding; Interviewing,5,3,2,40.0,60.0
576706,Indrans Arya,HR,Employee Relations,Employment Law; Investigation; Mediation,Conflict Resolution; Hr Policies,5,3,2,40.0,60.0
576875,Zaina Kashyap,Marketing,Content Strategist,Content Auditing; Copywriting; Seo,Information Architecture; User Research,5,3,2,40.0,60.0
577031,Siya Wason,Finance,Accountant,Auditing; Erp Systems; Excel; Financial Accounting; Tax Compliance,Quickbooks,6,5,1,16.67,83.33
577032,Aarav Sha,HR,Employee Relations,Conflict Resolution; Employment Law; Hr Policies,Investigation; Mediation,5,3,2,40.0,60.0
577270,Vardaniya Dayal,Finance,Financial Analyst,Forecasting; Power Bi; Sql; Valuation,Excel; Financial Modeling,6,4,2,33.33,66.67
577304,Advik Bala,IT,Software Engineer,Ci/Cd; Data Structures; Docker; Git; Kubernetes,Java; Python,7,5,2,28.57,71.43
577525,Devansh Divan,HR,HR Manager,Employee Relations; Hris; Labor Law; Performance Management; Talent Acquisition,Leadership,6,5,1,16.67,83.33
577953,Emir Dhillon,Sales,Account Manager,Account Planning; Client Retention; Upselling,Contract Negotiation; Crm (Salesforce),5,3,2,40.0,60.0
577958,Jayan Sani,Finance,Financial Analyst,Excel; Financial Modeling; Forecasting; Sql; Valuation,Power Bi,6,5,1,16.67,83.33
578138,Arhaan Mangal,Finance,Accountant,Auditing; Quickbooks; Tax Compliance,Erp Systems; Excel; Financial Accounting,6,3,3,50.0,50.0
578260,Hansh Karan,Marketing,SEO Specialist,Google Analytics; On-Page Seo,Backlink Strategy; Content Optimization; Html / Css Basics,5,2,3,60.0,40.0
578576,Tanya Sangha,IT,Cybersecurity Specialist,Cryptography; Network Security; Python; Siem,Incident Response; Penetration Testing,6,4,2,33.33,66.67
578635,Myra Ranganathan,IT,Software Engineer,Docker; Git; Java; Python,Ci/Cd; Data Structures; Kubernetes,7,4,3,42.86,57.14
578669,Samaira Dar,IT,Cybersecurity Specialist,Cryptography; Network Security; Penetration Testing; Python,Incident Response; Siem,6,4,2,33.33,66.67
578704,Drishya Setty,Sales,Sales Executive,B2B Sales; Communication; Contract Closing; Crm; Lead Generation,Negotiation,6,5,1,16.67,83.33
578775,Indranil Varughese,HR,Employee Relations,Conflict Resolution; Hr Policies; Investigation,Employment Law; Mediation,5,3,2,40.0,60.0
578802,Nakul Ahluwalia,HR,Recruitment Specialist,Employer Branding; Interviewing; Salary Negotiation; Technical Sourcing,Ats,5,4,1,20.0,80.0
578924,Veer Mander,IT,Software Engineer,Ci/Cd; Data Structures; Docker; Java; Kubernetes; Python,Git,7,6,1,14.29,85.71
578963,Miraya Ramachandran,IT,Software Engineer,Ci/Cd; Data Structures; Git; Kubernetes,Docker; Java; Python,7,4,3,42.86,57.14
579328,Emir Ranganathan,HR,Recruitment Specialist,Ats; Employer Branding; Interviewing; Salary Negotiation,Technical Sourcing,5,4,1,20.0,80.0
579449,Taimur Balakrishnan,Sales,Account Manager,Client Retention; Contract Negotiation; Crm (Salesforce); Upselling,Account Planning,5,4,1,20.0,80.0
579568,Adah Bobal,Finance,Financial Analyst,Excel; Financial Modeling; Forecasting; Power Bi; Sql,Valuation,6,5,1,16.67,83.33
579854,Aaryahi Savant,Marketing,Marketing Executive,Campaign Management; Content Marketing; Digital Marketing; Seo,Google Analytics,5,4,1,20.0,80.0
579876,Renee Sagar,HR,Employee Relations,Conflict Resolution; Investigation; Mediation,Employment Law; Hr Policies,5,3,2,40.0,60.0
579942,Biju Contractor,HR,Recruitment Specialist,Salary Negotiation; Technical Sourcing,Ats; Employer Branding; Interviewing,5,2,3,60.0,40.0
580145,Anahita Chakraborty,Sales,Business Development,Market Research; Partnership Development; Strategic Pitching,Crm; Pipeline Management,5,3,2,40.0,60.0
580567,Nitara Som,Sales,Account Manager,Account Planning; Client Retention; Contract Negotiation,Crm (Salesforce); Upselling,5,3,2,40.0,60.0
580910,Abram Mandal,IT,Cybersecurity Specialist,Cryptography; Penetration Testing; Python; Siem,Incident Response; Network Security,6,4,2,33.33,66.67
581080,Yakshit Kade,HR,Recruitment Specialist,Ats; Employer Branding; Salary Negotiation; Technical Sourcing,Interviewing,5,4,1,20.0,80.0
581148,Charvi Kuruvilla,Finance,Financial Analyst,Excel; Financial Modeling; Power Bi; Valuation,Forecasting; Sql,6,4,2,33.33,66.67
581220,Kiara Chaudhary,Marketing,Marketing Executive,Campaign Management; Digital Marketing; Google Analytics,Content Marketing; Seo,5,3,2,40.0,60.0
581294,Ranbir Bhattacharyya,Marketing,SEO Specialist,Backlink Strategy; Content Optimization,Google Analytics; Html / Css Basics; On-Page Seo,5,2,3,60.0,40.0
581350,Zain Malhotra,HR,Employee Relations,Conflict Resolution; Hr Policies; Mediation,Employment Law; Investigation,5,3,2,40.0,60.0
581454,Ehsaan Bakshi,HR,Recruitment Specialist,Ats; Employer Branding; Interviewing; Technical Sourcing,Salary Negotiation,5,4,1,20.0,80.0
581486,Dhruv Bali,HR,Recruitment Specialist,Ats; Interviewing; Salary Negotiation; Technical Sourcing,Employer Branding,5,4,1,20.0,80.0
581595,Diya Lalla,Finance,Financial Analyst,Excel; Financial Modeling; Forecasting; Power Bi; Sql,Valuation,6,5,1,16.67,83.33
581644,Ivana Chandra,Sales,Sales Executive,B2B Sales; Contract Closing; Crm; Lead Generation; Negotiation,Communication,6,5,1,16.67,83.33
581667,Riaan Karan,HR,Employee Relations,Conflict Resolution; Employment Law; Hr Policies,Investigation; Mediation,5,3,2,40.0,60.0
582179,Himmat Kohli,Sales,Sales Executive,Contract Closing; Crm; Lead Generation; Negotiation,B2B Sales; Communication,6,4,2,33.33,66.67
582295,Myra Balasubramanian,HR,Recruitment Specialist,Employer Branding; Interviewing; Salary Negotiation,Ats; Technical Sourcing,5,3,2,40.0,60.0
582316,Aradhya Rastogi,Sales,Business Development,Crm; Pipeline Management; Strategic Pitching,Market Research; Partnership Development,5,3,2,40.0,60.0
582436,Pihu Maharaj,IT,Software Engineer,Ci/Cd; Data Structures; Docker; Kubernetes; Python,Git; Java,7,5,2,28.57,71.43
582440,Devansh Kale,Finance,Financial Analyst,Excel; Financial Modeling; Forecasting; Power Bi; Valuation,Sql,6,5,1,16.67,83.33
582496,Saanvi Bumb,Marketing,Content Strategist,Content Auditing; Copywriting,Information Architecture; Seo; User Research,5,2,3,60.0,40.0
582539,Ira Iyengar,HR,HR Manager,Hris; Labor Law; Leadership; Talent Acquisition,Employee Relations; Performance Management,6,4,2,33.33,66.67
582656,Purab Chawla,Finance,Accountant,Auditing; Erp Systems; Financial Accounting; Quickbooks; Tax Compliance,Excel,6,5,1,16.67,83.33
582678,Kiaan Doshi,IT,Software Engineer,Ci/Cd; Docker; Java; Kubernetes; Python,Data Structures; Git,7,5,2,28.57,71.43
582709,Vritika Konda,IT,Cybersecurity Specialist,Cryptography; Incident Response; Network Security; Python,Penetration Testing; Siem,6,4,2,33.33,66.67
582723,Shanaya D’Alia,Sales,Account Manager,Account Planning; Client Retention; Contract Negotiation; Upselling,Crm (Salesforce),5,4,1,20.0,80.0
582854,Shamik Solanki,Sales,Sales Executive,B2B Sales; Communication; Contract Closing; Crm; Lead Generation; Negotiation,,6,6,0,0.0,100.0
583085,Stuvan Ramanathan,Finance,Auditor,Compliance; Forensic Accounting; Risk Assessment,Excel; Financial Analysis; Internal Auditing,6,3,3,50.0,50.0
583287,Shamik Kala,IT,Software Engineer,Docker; Kubernetes; Python,Ci/Cd; Data Structures; Git; Java,7,3,4,57.14,42.86
583343,Vedika Bala,HR,Recruitment Specialist,Ats; Employer Branding; Interviewing; Salary Negotiation,Technical Sourcing,5,4,1,20.0,80.0
583390,Yuvaan Shan,Finance,Auditor,Compliance; Excel; Internal Auditing; Risk Assessment,Financial Analysis; Forensic Accounting,6,4,2,33.33,66.67
583461,Jhanvi Sura,Finance,Financial Analyst,Forecasting; Sql; Valuation,Excel; Financial Modeling; Power Bi,6,3,3,50.0,50.0
583717,Eshani Batta,Sales,Business Development,Crm; Market Research; Partnership Development; Strategic Pitching,Pipeline Management,5,4,1,20.0,80.0
584079,Saanvi Sunder,Sales,Sales Executive,B2B Sales; Communication; Contract Closing; Lead Generation; Negotiation,Crm,6,5,1,16.67,83.33
584394,Lakshit Wali,HR,Employee Relations,Conflict Resolution; Hr Policies; Investigation; Mediation,Employment Law,5,4,1,20.0,80.0
584430,Adira Varty,Sales,Business Development,Crm; Market Research; Pipeline Management,Partnership Development; Strategic Pitching,5,3,2,40.0,60.0
584488,Lavanya Dalal,Sales,Sales Executive,Contract Closing; Crm; Lead Generation; Negotiation,B2B Sales; Communication,6,4,2,33.33,66.67
584510,Oorja Lall,Finance,Auditor,Excel; Financial Analysis; Internal Auditing,Compliance; Forensic Accounting; Risk Assessment,6,3,3,50.0,50.0
584934,Saanvi Walia,HR,Recruitment Specialist,Ats; Employer Branding; Interviewing,Salary Negotiation; Technical Sourcing,5,3,2,40.0,60.0
584998,Adira Chad,Sales,Sales Executive,B2B Sales; Contract Closing; Crm; Lead Generation; Negotiation,Communication,6,5,1,16.67,83.33
585417,Ivana Borde,Marketing,Content Strategist,Content Auditing; Information Architecture; Seo,Copywriting; User Research,5,3,2,40.0,60.0
585590,Jayant Sharma,Marketing,Marketing Executive,Campaign Management; Digital Marketing; Seo,Content Marketing; Google Analytics,5,3,2,40.0,60.0
585773,Kanav Virk,Marketing,Marketing Executive,Campaign Management; Content Marketing; Digital Marketing; Google Analytics,Seo,5,4,1,20.0,80.0
585889,Shanaya Thakur,Sales,Business Development,Crm; Market Research; Pipeline Management; Strategic Pitching,Partnership Development,5,4,1,20.0,80.0
586041,Manjari Bassi,Sales,Sales Executive,Communication; Contract Closing; Crm; Lead Generation; Negotiation,B2B Sales,6,5,1,16.67,83.33
586305,Vedika Sridhar,Marketing,Marketing Executive,Campaign Management; Content Marketing; Google Analytics,Digital Marketing; Seo,5,3,2,40.0,60.0
586460,Shamik Bal,Finance,Accountant,Auditing; Excel; Financial Accounting; Quickbooks; Tax Compliance,Erp Systems,6,5,1,16.67,83.33
586583,Seher Chaudry,HR,Recruitment Specialist,Ats; Employer Branding; Interviewing; Technical Sourcing,Salary Negotiation,5,4,1,20.0,80.0
587217,Suhana Mane,HR,Employee Relations,Employment Law; Hr Policies; Investigation,Conflict Resolution; Mediation,5,3,2,40.0,60.0
587411,Sara Mahajan,HR,Recruitment Specialist,Ats; Employer Branding; Interviewing; Technical Sourcing,Salary Negotiation,5,4,1,20.0,80.0
587474,Hiran Singhal,Sales,Sales Executive,Communication; Contract Closing; Crm; Lead Generation; Negotiation,B2B Sales,6,5,1,16.67,83.33
587669,Ahana  Hari,HR,Employee Relations,Employment Law; Hr Policies; Investigation,Conflict Resolution; Mediation,5,3,2,40.0,60.0
587790,Hunar Saran,Marketing,Marketing Executive,Campaign Management; Digital Marketing; Seo,Content Marketing; Google Analytics,5,3,2,40.0,60.0
587804,Ivana Ravel,Sales,Account Manager,Client Retention; Contract Negotiation; Crm (Salesforce); Upselling,Account Planning,5,4,1,20.0,80.0
587962,Nayantara Hora,Marketing,Marketing Executive,Campaign Management; Content Marketing; Google Analytics; Seo,Digital Marketing,5,4,1,20.0,80.0
588063,Emir Brahmbhatt,Marketing,SEO Specialist,Backlink Strategy; Content Optimization; Google Analytics; On-Page Seo,Html / Css Basics,5,4,1,20.0,80.0
588175,Miraan Master,IT,Software Engineer,Ci/Cd; Docker; Git; Java; Kubernetes; Python,Data Structures,7,6,1,14.29,85.71
588338,Saira Deol,IT,Cybersecurity Specialist,Network Security; Penetration Testing; Siem,Cryptography; Incident Response; Python,6,3,3,50.0,50.0
588643,Dishani Bhatnagar,HR,HR Manager,Employee Relations; Hris; Leadership; Performance Management; Talent Acquisition,Labor Law,6,5,1,16.67,83.33
588684,Rhea Dugar,Finance,Accountant,Erp Systems; Excel; Quickbooks,Auditing; Financial Accounting; Tax Compliance,6,3,3,50.0,50.0
588709,Vedika Karnik,Sales,Sales Executive,B2B Sales; Contract Closing; Crm,Communication; Lead Generation; Negotiation,6,3,3,50.0,50.0
588823,Divyansh Viswanathan,Marketing,SEO Specialist,Backlink Strategy; Google Analytics; Html / Css Basics; On-Page Seo,Content Optimization,5,4,1,20.0,80.0
589224,Krish Contractor,Finance,Accountant,Erp Systems; Financial Accounting; Quickbooks,Auditing; Excel; Tax Compliance,6,3,3,50.0,50.0
589664,Piya Wadhwa,Marketing,SEO Specialist,Backlink Strategy; On-Page Seo,Content Optimization; Google Analytics; Html / Css Basics,5,2,3,60.0,40.0
589902,Indranil Sachdev,Sales,Business Development,Crm; Partnership Development; Pipeline Management; Strategic Pitching,Market Research,5,4,1,20.0,80.0
589903,Aaryahi Wagle,IT,Cybersecurity Specialist,Incident Response; Python; Siem,Cryptography; Network Security; Penetration Testing,6,3,3,50.0,50.0
590221,Rhea Comar,HR,Recruitment Specialist,Ats; Employer Branding; Interviewing; Salary Negotiation,Technical Sourcing,5,4,1,20.0,80.0
590418,Aarav Jha,IT,Software Engineer,Ci/Cd; Data Structures; Git; Python,Docker; Java; Kubernetes,7,4,3,42.86,57.14
590601,Inaaya  Arora,HR,Recruitment Specialist,Ats; Salary Negotiation,Employer Branding; Interviewing; Technical Sourcing,5,2,3,60.0,40.0
590869,Parinaaz Kumar,IT,Cybersecurity Specialist,Incident Response; Penetration Testing; Siem,Cryptography; Network Security; Python,6,3,3,50.0,50.0
591046,Dhruv Seth,IT,Data Analyst,Excel; Statistical Analysis; Tableau,Power Bi; Python; Sql,6,3,3,50.0,50.0
591325,Lakshit Banerjee,IT,Data Analyst,Excel; Power Bi; Sql,Python; Statistical Analysis; Tableau,6,3,3,50.0,50.0
591425,Abram Gupta,Sales,Business Development,Partnership Development; Pipeline Management; Strategic Pitching,Crm; Market Research,5,3,2,40.0,60.0
591577,Anay Savant,Marketing,Content Strategist,Content Auditing; Seo; User Research,Copywriting; Information Architecture,5,3,2,40.0,60.0
591818,Jayesh Choudhary,Finance,Auditor,Excel; Financial Analysis; Forensic Accounting; Internal Auditing; Risk Assessment,Compliance,6,5,1,16.67,83.33
591905,Ojas Karnik,Finance,Financial Analyst,Excel; Forecasting; Power Bi; Sql,Financial Modeling; Valuation,6,4,2,33.33,66.67
592447,Tara Sundaram,Sales,Account Manager,Account Planning; Contract Negotiation; Upselling,Client Retention; Crm (Salesforce),5,3,2,40.0,60.0
592492,Dhanush Lata,Marketing,Content Strategist,Copywriting; Information Architecture; User Research,Content Auditing; Seo,5,3,2,40.0,60.0
592572,Hrishita Vig,HR,Recruitment Specialist,Ats; Employer Branding; Interviewing; Technical Sourcing,Salary Negotiation,5,4,1,20.0,80.0
592616,Armaan Shah,IT,Software Engineer,Ci/Cd; Data Structures; Git; Java; Kubernetes; Python,Docker,7,6,1,14.29,85.71
592732,Lakshit Swamy,Finance,Financial Analyst,Financial Modeling; Forecasting; Power Bi; Sql,Excel; Valuation,6,4,2,33.33,66.67
592818,Jayant Gole,Marketing,Content Strategist,Content Auditing; Copywriting; Seo; User Research,Information Architecture,5,4,1,20.0,80.0
592890,Zaina Dhawan,HR,Recruitment Specialist,Ats; Employer Branding; Salary Negotiation; Technical Sourcing,Interviewing,5,4,1,20.0,80.0
593028,Miraya Loyal,IT,Cybersecurity Specialist,Cryptography; Incident Response; Network Security; Penetration Testing; Siem,Python,6,5,1,16.67,83.33
593427,Prerak Sundaram,Marketing,Marketing Executive,Content Marketing; Google Analytics; Seo,Campaign Management; Digital Marketing,5,3,2,40.0,60.0
594129,Kanav Koshy,Marketing,Content Strategist,Content Auditing; Copywriting; Information Architecture,Seo; User Research,5,3,2,40.0,60.0
594563,Nitara Banerjee,IT,Cybersecurity Specialist,Incident Response; Network Security; Penetration Testing; Python; Siem,Cryptography,6,5,1,16.67,83.33
594881,Vihaan Goda,IT,Software Engineer,Ci/Cd; Data Structures; Git; Java; Python,Docker; Kubernetes,7,5,2,28.57,71.43
594971,Ojas Dasgupta,Marketing,Content Strategist,Content Auditing; Information Architecture; Seo,Copywriting; User Research,5,3,2,40.0,60.0
594994,Divit Lalla,Finance,Auditor,Compliance; Excel; Financial Analysis; Internal Auditing,Forensic Accounting; Risk Assessment,6,4,2,33.33,66.67
594996,Tejas Hans,HR,Employee Relations,Conflict Resolution; Investigation; Mediation,Employment Law; Hr Policies,5,3,2,40.0,60.0
595983,Mannat Sodhi,Sales,Account Manager,Account Planning; Client Retention; Contract Negotiation,Crm (Salesforce); Upselling,5,3,2,40.0,60.0
595985,Vaibhav Dani,Marketing,SEO Specialist,Google Analytics; Html / Css Basics; On-Page Seo,Backlink Strategy; Content Optimization,5,3,2,40.0,60.0
596168,Rhea Kara,IT,Cybersecurity Specialist,Cryptography; Incident Response; Network Security; Penetration Testing; Siem,Python,6,5,1,16.67,83.33
596293,Yakshit Joshi,HR,Recruitment Specialist,Ats; Employer Branding; Salary Negotiation,Interviewing; Technical Sourcing,5,3,2,40.0,60.0
596377,Kiara Mallick,Marketing,Marketing Executive,Content Marketing; Digital Marketing; Google Analytics; Seo,Campaign Management,5,4,1,20.0,80.0
596736,Vidur Dada,HR,Employee Relations,Conflict Resolution; Hr Policies; Investigation,Employment Law; Mediation,5,3,2,40.0,60.0
596739,Neysa Sridhar,Marketing,SEO Specialist,Content Optimization; Google Analytics; On-Page Seo,Backlink Strategy; Html / Css Basics,5,3,2,40.0,60.0
596928,Nakul Bansal,Sales,Account Manager,Contract Negotiation; Crm (Salesforce); Upselling,Account Planning; Client Retention,5,3,2,40.0,60.0
597089,Veer Dugal,Sales,Account Manager,Account Planning; Client Retention; Crm (Salesforce),Contract Negotiation; Upselling,5,3,2,40.0,60.0
597093,Emir Thakkar,Finance,Financial Analyst,Financial Modeling; Power Bi; Sql; Valuation,Excel; Forecasting,6,4,2,33.33,66.67
597323,Neelofar Rana,HR,HR Manager,Labor Law; Performance Management; Talent Acquisition,Employee Relations; Hris; Leadership,6,3,3,50.0,50.0
597342,Hridaan Kapoor,HR,Recruitment Specialist,Ats; Interviewing; Salary Negotiation,Employer Branding; Technical Sourcing,5,3,2,40.0,60.0
597714,Trisha Lalla,IT,Cybersecurity Specialist,Incident Response; Penetration Testing; Python; Siem,Cryptography; Network Security,6,4,2,33.33,66.67
597949,Shaan Basu,HR,HR Manager,Employee Relations; Labor Law; Leadership; Performance Management; Talent Acquisition,Hris,6,5,1,16.67,83.33
598048,Yakshit Goswami,Sales,Business Development,Crm; Market Research; Partnership Development; Pipeline Management,Strategic Pitching,5,4,1,20.0,80.0
598123,Tushar Mahajan,IT,Data Analyst,Power Bi; Sql; Tableau,Excel; Python; Statistical Analysis,6,3,3,50.0,50.0
598176,Jiya Hegde,Finance,Auditor,Compliance; Forensic Accounting; Internal Auditing; Risk Assessment,Excel; Financial Analysis,6,4,2,33.33,66.67
598992,Myra Mangat,Sales,Account Manager,Client Retention; Contract Negotiation; Upselling,Account Planning; Crm (Salesforce),5,3,2,40.0,60.0
599045,Ishita Sarin,Sales,Business Development,Crm; Market Research; Partnership Development; Strategic Pitching,Pipeline Management,5,4,1,20.0,80.0
599066,Jayan Barad,Marketing,Content Strategist,Copywriting; Information Architecture; Seo; User Research,Content Auditing,5,4,1,20.0,80.0
599103,Nitya Gera,Sales,Business Development,Crm; Market Research; Pipeline Management; Strategic Pitching,Partnership Development,5,4,1,20.0,80.0
599165,Nirvaan Comar,Marketing,SEO Specialist,Backlink Strategy; Content Optimization; Google Analytics; On-Page Seo,Html / Css Basics,5,4,1,20.0,80.0
599483,Purab Dhar,Finance,Financial Analyst,Financial Modeling; Forecasting; Sql; Valuation,Excel; Power Bi,6,4,2,33.33,66.67
600021,Shlok Verma,IT,Cybersecurity Specialist,Incident Response; Network Security; Penetration Testing; Python; Siem,Cryptography,6,5,1,16.67,83.33
600343,Mohanlal Varkey,Sales,Account Manager,Account Planning; Crm (Salesforce); Upselling,Client Retention; Contract Negotiation,5,3,2,40.0,60.0
600472,Azad Kota,IT,Software Engineer,Ci/Cd; Data Structures; Docker; Git,Java; Kubernetes; Python,7,4,3,42.86,57.14
600490,Bhavin Jha,Finance,Auditor,Compliance; Excel; Financial Analysis; Forensic Accounting,Internal Auditing; Risk Assessment,6,4,2,33.33,66.67
600619,Lagan Vaidya,Finance,Financial Analyst,Excel; Forecasting; Power Bi; Sql,Financial Modeling; Valuation,6,4,2,33.33,66.67
601399,Amani Amble,Sales,Account Manager,Client Retention; Contract Negotiation; Crm (Salesforce),Account Planning; Upselling,5,3,2,40.0,60.0
602204,Dishani Anand,Finance,Accountant,Auditing; Excel; Quickbooks; Tax Compliance,Erp Systems; Financial Accounting,6,4,2,33.33,66.67
602244,Aarna Dhaliwal,Finance,Auditor,Compliance; Excel; Financial Analysis; Forensic Accounting,Internal Auditing; Risk Assessment,6,4,2,33.33,66.67
602341,Aaryahi Bhasin,Finance,Accountant,Auditing; Erp Systems; Financial Accounting; Quickbooks,Excel; Tax Compliance,6,4,2,33.33,66.67
602424,Ayesha Tiwari,HR,Recruitment Specialist,Ats; Interviewing; Technical Sourcing,Employer Branding; Salary Negotiation,5,3,2,40.0,60.0
602645,Hazel Gour,IT,Data Analyst,Excel; Sql; Statistical Analysis,Power Bi; Python; Tableau,6,3,3,50.0,50.0
602716,Divit Butala,IT,Software Engineer,Ci/Cd; Data Structures; Docker; Git; Java; Python,Kubernetes,7,6,1,14.29,85.71
602759,Yuvraj  Gade,IT,Data Analyst,Excel; Power Bi; Sql; Statistical Analysis; Tableau,Python,6,5,1,16.67,83.33
603104,Misha Sunder,Marketing,SEO Specialist,Backlink Strategy; Google Analytics; Html / Css Basics,Content Optimization; On-Page Seo,5,3,2,40.0,60.0
603407,Kavya Shah,HR,Employee Relations,Conflict Resolution; Hr Policies; Investigation,Employment Law; Mediation,5,3,2,40.0,60.0
603571,Kartik Chacko,Marketing,SEO Specialist,Backlink Strategy; Content Optimization; Html / Css Basics; On-Page Seo,Google Analytics,5,4,1,20.0,80.0
603784,Alia Vaidya,Sales,Business Development,Crm; Market Research; Pipeline Management,Partnership Development; Strategic Pitching,5,3,2,40.0,60.0
603832,Pihu Srinivasan,Finance,Financial Analyst,Excel; Power Bi; Sql; Valuation,Financial Modeling; Forecasting,6,4,2,33.33,66.67
603896,Zoya Bhardwaj,Marketing,Content Strategist,Content Auditing; Copywriting; Seo,Information Architecture; User Research,5,3,2,40.0,60.0
603933,Armaan Chaudhuri,Marketing,SEO Specialist,Backlink Strategy; Google Analytics; Html / Css Basics,Content Optimization; On-Page Seo,5,3,2,40.0,60.0
604066,Ela Sagar,Marketing,Content Strategist,Content Auditing; Copywriting; Information Architecture,Seo; User Research,5,3,2,40.0,60.0
604075,Kanav Uppal,Marketing,Marketing Executive,Campaign Management; Digital Marketing; Google Analytics; Seo,Content Marketing,5,4,1,20.0,80.0
604081,Alisha Mall,IT,Software Engineer,Ci/Cd; Data Structures; Docker; Git; Java; Kubernetes,Python,7,6,1,14.29,85.71
604572,Rasha Lala,Sales,Sales Executive,B2B Sales; Communication; Contract Closing; Crm; Negotiation,Lead Generation,6,5,1,16.67,83.33
604624,Myra Vala,Sales,Account Manager,Account Planning; Client Retention; Upselling,Contract Negotiation; Crm (Salesforce),5,3,2,40.0,60.0
604645,Azad Sachar,Marketing,Marketing Executive,Content Marketing; Digital Marketing; Seo,Campaign Management; Google Analytics,5,3,2,40.0,60.0
604786,Adira Arya,Marketing,Marketing Executive,Campaign Management; Content Marketing; Digital Marketing; Seo,Google Analytics,5,4,1,20.0,80.0
605041,Piya Dhingra,IT,Data Analyst,Excel; Power Bi; Python; Sql; Statistical Analysis,Tableau,6,5,1,16.67,83.33
605118,Vihaan Badal,HR,Recruitment Specialist,Ats; Employer Branding; Salary Negotiation; Technical Sourcing,Interviewing,5,4,1,20.0,80.0
605239,Miraya Suri,Finance,Financial Analyst,Financial Modeling; Power Bi; Sql; Valuation,Excel; Forecasting,6,4,2,33.33,66.67
605476,Sara Amble,IT,Cybersecurity Specialist,Incident Response; Penetration Testing; Python; Siem,Cryptography; Network Security,6,4,2,33.33,66.67
605736,Lavanya Korpal,IT,Data Analyst,Python; Sql; Statistical Analysis,Excel; Power Bi; Tableau,6,3,3,50.0,50.0
606023,Nitara Setty,IT,Data Analyst,Excel; Python; Sql; Statistical Analysis; Tableau,Power Bi,6,5,1,16.67,83.33
606036,Hansh Ahluwalia,Marketing,Content Strategist,Content Auditing; Information Architecture; Seo; User Research,Copywriting,5,4,1,20.0,80.0
606063,Eshani Ravi,Finance,Financial Analyst,Excel; Financial Modeling; Forecasting; Sql; Valuation,Power Bi,6,5,1,16.67,83.33
606382,Hansh Batra,Marketing,SEO Specialist,Backlink Strategy; Content Optimization; Google Analytics; On-Page Seo,Html / Css Basics,5,4,1,20.0,80.0
606387,Anya Seshadri,Marketing,SEO Specialist,Backlink Strategy; Content Optimization; On-Page Seo,Google Analytics; Html / Css Basics,5,3,2,40.0,60.0
606498,Elakshi Wason,Marketing,Marketing Executive,Campaign Management; Content Marketing; Digital Marketing; Seo,Google Analytics,5,4,1,20.0,80.0
606623,Indrajit Handa,HR,Employee Relations,Conflict Resolution; Hr Policies; Investigation; Mediation,Employment Law,5,4,1,20.0,80.0
606751,Tara Balay,Marketing,Content Strategist,Content Auditing; Copywriting; Information Architecture; Seo,User Research,5,4,1,20.0,80.0
606965,Hansh Ganguly,Finance,Accountant,Erp Systems; Financial Accounting; Quickbooks; Tax Compliance,Auditing; Excel,6,4,2,33.33,66.67
607019,Samarth Gandhi,Sales,Account Manager,Account Planning; Client Retention; Contract Negotiation; Upselling,Crm (Salesforce),5,4,1,20.0,80.0
607031,Prisha Ramachandran,HR,Recruitment Specialist,Ats; Salary Negotiation; Technical Sourcing,Employer Branding; Interviewing,5,3,2,40.0,60.0
607322,Yuvraj  Raja,HR,Recruitment Specialist,Interviewing; Salary Negotiation; Technical Sourcing,Ats; Employer Branding,5,3,2,40.0,60.0
607571,Tanya Dyal,HR,Recruitment Specialist,Ats; Employer Branding; Interviewing,Salary Negotiation; Technical Sourcing,5,3,2,40.0,60.0
607716,Shaan Sachdeva,IT,Data Analyst,Power Bi; Python; Sql; Statistical Analysis; Tableau,Excel,6,5,1,16.67,83.33
607836,Samarth Som,Marketing,SEO Specialist,Content Optimization; Google Analytics; Html / Css Basics; On-Page Seo,Backlink Strategy,5,4,1,20.0,80.0
608043,Nishith Gour,Finance,Accountant,Auditing; Excel; Financial Accounting; Quickbooks; Tax Compliance,Erp Systems,6,5,1,16.67,83.33
608162,Mahika Basu,HR,Recruitment Specialist,Employer Branding; Salary Negotiation; Technical Sourcing,Ats; Interviewing,5,3,2,40.0,60.0
608164,Hrishita Sharma,HR,HR Manager,Employee Relations; Performance Management; Talent Acquisition,Hris; Labor Law; Leadership,6,3,3,50.0,50.0
608483,Nishith Banik,HR,Employee Relations,Conflict Resolution; Employment Law; Hr Policies; Investigation,Mediation,5,4,1,20.0,80.0
608563,Ela Bala,Finance,Financial Analyst,Financial Modeling; Forecasting; Power Bi; Sql; Valuation,Excel,6,5,1,16.67,83.33
608762,Vritika Chowdhury,HR,HR Manager,Employee Relations; Hris; Labor Law; Leadership; Performance Management,Talent Acquisition,6,5,1,16.67,83.33
608866,Madhup Andra,IT,Data Analyst,Power Bi; Python; Sql; Statistical Analysis; Tableau,Excel,6,5,1,16.67,83.33
608934,Tara Sarma,Sales,Business Development,Crm; Partnership Development; Strategic Pitching,Market Research; Pipeline Management,5,3,2,40.0,60.0
609080,Mannat Mane,Marketing,SEO Specialist,Backlink Strategy; Google Analytics; Html / Css Basics; On-Page Seo,Content Optimization,5,4,1,20.0,80.0
609145,Dhruv Yohannan,IT,Software Engineer,Ci/Cd; Data Structures; Docker; Git; Kubernetes; Python,Java,7,6,1,14.29,85.71
609161,Chirag Babu,IT,Cybersecurity Specialist,Cryptography; Incident Response; Network Security; Python,Penetration Testing; Siem,6,4,2,33.33,66.67
609201,Aniruddh Sachdeva,Marketing,Marketing Executive,Campaign Management; Content Marketing; Seo,Digital Marketing; Google Analytics,5,3,2,40.0,60.0
609399,Vritika Hora,Marketing,Marketing Executive,Campaign Management; Digital Marketing; Google Analytics; Seo,Content Marketing,5,4,1,20.0,80.0
609536,Zoya Korpal,Finance,Financial Analyst,Excel; Financial Modeling; Forecasting; Valuation,Power Bi; Sql,6,4,2,33.33,66.67
609775,Dhanush Mahal,Marketing,Marketing Executive,Campaign Management; Content Marketing; Digital Marketing; Google Analytics,Seo,5,4,1,20.0,80.0
609935,Ivan Garde,HR,Employee Relations,Conflict Resolution; Hr Policies; Investigation,Employment Law; Mediation,5,3,2,40.0,60.0
610031,Jivika Badami,Sales,Account Manager,Account Planning; Client Retention; Contract Negotiation; Crm (Salesforce),Upselling,5,4,1,20.0,80.0
610097,Nayantara Sabharwal,Marketing,Marketing Executive,Campaign Management; Content Marketing; Seo,Digital Marketing; Google Analytics,5,3,2,40.0,60.0
610139,Shanaya Ben,IT,Software Engineer,Ci/Cd; Data Structures; Git; Java; Python,Docker; Kubernetes,7,5,2,28.57,71.43
610421,Baiju Bhagat,HR,Recruitment Specialist,Ats; Employer Branding; Interviewing; Technical Sourcing,Salary Negotiation,5,4,1,20.0,80.0
611163,Bhavin Savant,Sales,Sales Executive,B2B Sales; Communication; Contract Closing,Crm; Lead Generation; Negotiation,6,3,3,50.0,50.0
611732,Zaina Lad,IT,Data Analyst,Excel; Power Bi; Tableau,Python; Sql; Statistical Analysis,6,3,3,50.0,50.0
612060,Mishti Deep,Marketing,SEO Specialist,Content Optimization; Google Analytics; Html / Css Basics,Backlink Strategy; On-Page Seo,5,3,2,40.0,60.0
612991,Indranil D’Alia,Marketing,SEO Specialist,Backlink Strategy; Google Analytics; Html / Css Basics; On-Page Seo,Content Optimization,5,4,1,20.0,80.0
613227,Madhav Chawla,HR,Employee Relations,Hr Policies; Mediation,Conflict Resolution; Employment Law; Investigation,5,2,3,60.0,40.0
613504,Bhamini Bhavsar,Marketing,SEO Specialist,Backlink Strategy; Google Analytics; Html / Css Basics; On-Page Seo,Content Optimization,5,4,1,20.0,80.0
613693,Umang Rajan,HR,HR Manager,Employee Relations; Hris; Labor Law; Leadership; Talent Acquisition,Performance Management,6,5,1,16.67,83.33
613857,Nakul Bhalla,IT,Data Analyst,Python; Sql; Tableau,Excel; Power Bi; Statistical Analysis,6,3,3,50.0,50.0
614013,Darshit Kanda,Finance,Accountant,Auditing; Erp Systems; Excel; Financial Accounting; Tax Compliance,Quickbooks,6,5,1,16.67,83.33
614027,Mamooty Tripathi,Finance,Accountant,Auditing; Erp Systems; Financial Accounting; Tax Compliance,Excel; Quickbooks,6,4,2,33.33,66.67
614028,Ritvik Biswas,HR,Recruitment Specialist,Ats; Employer Branding; Salary Negotiation,Interviewing; Technical Sourcing,5,3,2,40.0,60.0
614698,Romil Ghosh,Sales,Account Manager,Client Retention; Crm (Salesforce),Account Planning; Contract Negotiation; Upselling,5,2,3,60.0,40.0
614925,Vihaan Srinivas,Marketing,SEO Specialist,Backlink Strategy; Content Optimization; Google Analytics,Html / Css Basics; On-Page Seo,5,3,2,40.0,60.0
614942,Sahil Varkey,Marketing,Content Strategist,Content Auditing; Information Architecture; Seo; User Research,Copywriting,5,4,1,20.0,80.0
615326,Ritvik Chaudhari,Sales,Account Manager,Account Planning; Client Retention; Crm (Salesforce); Upselling,Contract Negotiation,5,4,1,20.0,80.0
615377,Vihaan Hegde,Marketing,Content Strategist,Content Auditing; Information Architecture; User Research,Copywriting; Seo,5,3,2,40.0,60.0
615419,Vidur Mannan,Marketing,Content Strategist,Copywriting; Information Architecture; User Research,Content Auditing; Seo,5,3,2,40.0,60.0
615504,Ivan Sibal,HR,HR Manager,Employee Relations; Hris; Performance Management,Labor Law; Leadership; Talent Acquisition,6,3,3,50.0,50.0
615742,Ranbir Bera,Finance,Accountant,Auditing; Erp Systems; Excel; Financial Accounting; Quickbooks,Tax Compliance,6,5,1,16.67,83.33
616082,Hazel Khosla,Finance,Accountant,Auditing; Erp Systems; Quickbooks; Tax Compliance,Excel; Financial Accounting,6,4,2,33.33,66.67
616142,Jivika Loyal,HR,HR Manager,Employee Relations; Labor Law; Performance Management; Talent Acquisition,Hris; Leadership,6,4,2,33.33,66.67
616423,Madhav Dewan,Marketing,SEO Specialist,Content Optimization; Google Analytics; Html / Css Basics,Backlink Strategy; On-Page Seo,5,3,2,40.0,60.0
616652,Zaina Bhavsar,Finance,Auditor,Compliance; Excel; Forensic Accounting; Internal Auditing; Risk Assessment,Financial Analysis,6,5,1,16.67,83.33
616877,Anahita Tripathi,IT,Software Engineer,Ci/Cd; Docker; Java; Kubernetes; Python,Data Structures; Git,7,5,2,28.57,71.43
617975,Miraya Saha,Sales,Account Manager,Account Planning; Client Retention; Crm (Salesforce),Contract Negotiation; Upselling,5,3,2,40.0,60.0
618065,Faiyaz Karnik,IT,Cybersecurity Specialist,Cryptography; Incident Response; Penetration Testing; Siem,Network Security; Python,6,4,2,33.33,66.67
618249,Pihu Sane,Marketing,SEO Specialist,Backlink Strategy; Google Analytics; On-Page Seo,Content Optimization; Html / Css Basics,5,3,2,40.0,60.0
618500,Riya Sandhu,HR,HR Manager,Hris; Labor Law; Performance Management,Employee Relations; Leadership; Talent Acquisition,6,3,3,50.0,50.0
618556,Rati Bir,Sales,Sales Executive,Communication; Contract Closing; Lead Generation; Negotiation,B2B Sales; Crm,6,4,2,33.33,66.67
618616,Yuvraj  Sarkar,HR,Employee Relations,Conflict Resolution; Hr Policies; Investigation; Mediation,Employment Law,5,4,1,20.0,80.0
618726,Rati Lal,HR,Employee Relations,Conflict Resolution; Investigation; Mediation,Employment Law; Hr Policies,5,3,2,40.0,60.0
618938,Misha Shenoy,HR,Employee Relations,Conflict Resolution; Employment Law; Hr Policies; Investigation,Mediation,5,4,1,20.0,80.0
618960,Manikya Singh,IT,Cybersecurity Specialist,Cryptography; Incident Response; Network Security; Python; Siem,Penetration Testing,6,5,1,16.67,83.33
619015,Jivin Ben,IT,Data Analyst,Excel; Power Bi; Sql; Statistical Analysis,Python; Tableau,6,4,2,33.33,66.67
619070,Trisha Walia,Sales,Account Manager,Account Planning; Client Retention; Crm (Salesforce); Upselling,Contract Negotiation,5,4,1,20.0,80.0
619755,Ranbir Hari,IT,Data Analyst,Excel; Power Bi; Python; Sql; Statistical Analysis,Tableau,6,5,1,16.67,83.33
619849,Navya Barad,Sales,Sales Executive,Communication; Contract Closing; Lead Generation; Negotiation,B2B Sales; Crm,6,4,2,33.33,66.67
619872,Samiha Ghosh,IT,Cybersecurity Specialist,Cryptography; Network Security; Penetration Testing; Siem,Incident Response; Python,6,4,2,33.33,66.67
619911,Shray Chatterjee,HR,HR Manager,Hris; Labor Law; Leadership; Talent Acquisition,Employee Relations; Performance Management,6,4,2,33.33,66.67
620358,Vivaan Mani,Finance,Financial Analyst,Excel; Power Bi; Sql; Valuation,Financial Modeling; Forecasting,6,4,2,33.33,66.67
620510,Pihu Dubey,IT,Software Engineer,Data Structures; Docker; Git; Java; Kubernetes; Python,Ci/Cd,7,6,1,14.29,85.71
620525,Aniruddh Sodhi,Sales,Sales Executive,Communication; Contract Closing; Crm; Lead Generation; Negotiation,B2B Sales,6,5,1,16.67,83.33
620534,Shlok Sahota,Sales,Account Manager,Account Planning; Client Retention; Contract Negotiation,Crm (Salesforce); Upselling,5,3,2,40.0,60.0
620611,Akarsh Andra,HR,Recruitment Specialist,Employer Branding; Interviewing; Salary Negotiation,Ats; Technical Sourcing,5,3,2,40.0,60.0
620971,Priyansh Tella,Finance,Auditor,Compliance; Excel; Financial Analysis; Forensic Accounting; Risk Assessment,Internal Auditing,6,5,1,16.67,83.33
621309,Prisha Solanki,IT,Software Engineer,Ci/Cd; Data Structures; Docker; Git; Kubernetes; Python,Java,7,6,1,14.29,85.71
621334,Misha Divan,IT,Software Engineer,Ci/Cd; Data Structures; Git; Java; Python,Docker; Kubernetes,7,5,2,28.57,71.43
621395,Riya Kannan,Marketing,SEO Specialist,Backlink Strategy; Content Optimization; Google Analytics; Html / Css Basics,On-Page Seo,5,4,1,20.0,80.0
621461,Rati Krishnamurthy,HR,Recruitment Specialist,Interviewing; Salary Negotiation; Technical Sourcing,Ats; Employer Branding,5,3,2,40.0,60.0
621545,Keya Chaudhari,IT,Data Analyst,Power Bi; Python; Sql; Statistical Analysis,Excel; Tableau,6,4,2,33.33,66.67
621993,Ayesha Zacharia,IT,Cybersecurity Specialist,Cryptography; Incident Response; Python; Siem,Network Security; Penetration Testing,6,4,2,33.33,66.67
622030,Madhav Ramaswamy,HR,HR Manager,Employee Relations; Labor Law; Performance Management; Talent Acquisition,Hris; Leadership,6,4,2,33.33,66.67
622318,Yashvi Thaman,Sales,Business Development,Crm; Market Research; Partnership Development,Pipeline Management; Strategic Pitching,5,3,2,40.0,60.0
622482,Aaina Comar,Marketing,Content Strategist,Copywriting; Information Architecture; Seo; User Research,Content Auditing,5,4,1,20.0,80.0
622635,Veer Kannan,HR,Recruitment Specialist,Ats; Employer Branding; Technical Sourcing,Interviewing; Salary Negotiation,5,3,2,40.0,60.0
622711,Kismat Yohannan,IT,Data Analyst,Sql; Statistical Analysis; Tableau,Excel; Power Bi; Python,6,3,3,50.0,50.0
622752,Myra Ravi,Finance,Financial Analyst,Excel; Financial Modeling; Forecasting; Power Bi; Valuation,Sql,6,5,1,16.67,83.33
622902,Ritvik Hari,Finance,Accountant,Excel; Financial Accounting; Quickbooks,Auditing; Erp Systems; Tax Compliance,6,3,3,50.0,50.0
623135,Tushar Dugar,Finance,Accountant,Auditing; Erp Systems; Excel; Financial Accounting; Quickbooks,Tax Compliance,6,5,1,16.67,83.33
623296,Onkar Buch,Sales,Business Development,Market Research; Partnership Development; Strategic Pitching,Crm; Pipeline Management,5,3,2,40.0,60.0
623591,Gatik Baral,Sales,Business Development,Crm; Market Research; Partnership Development; Strategic Pitching,Pipeline Management,5,4,1,20.0,80.0
624293,Dhanush Chaudhary,HR,Employee Relations,Conflict Resolution; Employment Law; Mediation,Hr Policies; Investigation,5,3,2,40.0,60.0
624685,Hrishita Bhandari,IT,Cybersecurity Specialist,Incident Response; Network Security; Penetration Testing; Python; Siem,Cryptography,6,5,1,16.67,83.33
624789,Vaibhav Sur,HR,Employee Relations,Employment Law; Hr Policies; Mediation,Conflict Resolution; Investigation,5,3,2,40.0,60.0
624983,Yasmin Ramachandran,Finance,Auditor,Compliance; Excel; Financial Analysis; Internal Auditing; Risk Assessment,Forensic Accounting,6,5,1,16.67,83.33
625271,Inaaya  Chana,Marketing,Content Strategist,Content Auditing; Copywriting; Information Architecture; Seo,User Research,5,4,1,20.0,80.0
625664,Divij Karan,Finance,Financial Analyst,Forecasting; Power Bi; Sql; Valuation,Excel; Financial Modeling,6,4,2,33.33,66.67
625826,Tara Kalla,Marketing,Marketing Executive,Content Marketing; Google Analytics; Seo,Campaign Management; Digital Marketing,5,3,2,40.0,60.0
625849,Rohan Grover,Sales,Business Development,Crm; Market Research; Partnership Development; Strategic Pitching,Pipeline Management,5,4,1,20.0,80.0
625906,Anay Madan,IT,Cybersecurity Specialist,Cryptography; Incident Response; Python,Network Security; Penetration Testing; Siem,6,3,3,50.0,50.0
625909,Miraya Sastry,Finance,Financial Analyst,Forecasting; Power Bi; Valuation,Excel; Financial Modeling; Sql,6,3,3,50.0,50.0
625933,Samaira Sarin,Finance,Accountant,Auditing; Erp Systems; Excel; Financial Accounting; Tax Compliance,Quickbooks,6,5,1,16.67,83.33
626281,Gatik Choudhry,Marketing,Content Strategist,Information Architecture; Seo; User Research,Content Auditing; Copywriting,5,3,2,40.0,60.0
626564,Elakshi Borah,HR,HR Manager,Employee Relations; Labor Law; Talent Acquisition,Hris; Leadership; Performance Management,6,3,3,50.0,50.0
626921,Aayush Rout,HR,Employee Relations,Employment Law; Hr Policies; Investigation,Conflict Resolution; Mediation,5,3,2,40.0,60.0
626952,Biju Bir,IT,Software Engineer,Docker; Git; Java; Kubernetes; Python,Ci/Cd; Data Structures,7,5,2,28.57,71.43
627046,Jiya Krishna,IT,Cybersecurity Specialist,Cryptography; Network Security; Penetration Testing; Python; Siem,Incident Response,6,5,1,16.67,83.33
627137,Zaina Banerjee,IT,Cybersecurity Specialist,Penetration Testing; Python; Siem,Cryptography; Incident Response; Network Security,6,3,3,50.0,50.0
627469,Kashvi Chhabra,Finance,Auditor,Compliance; Financial Analysis; Forensic Accounting; Internal Auditing,Excel; Risk Assessment,6,4,2,33.33,66.67
627672,Keya Butala,Finance,Accountant,Auditing; Erp Systems; Quickbooks,Excel; Financial Accounting; Tax Compliance,6,3,3,50.0,50.0
628051,Jivin Bhakta,IT,Cybersecurity Specialist,Cryptography; Incident Response; Network Security; Penetration Testing; Siem,Python,6,5,1,16.67,83.33
628162,Ira Choudhary,HR,HR Manager,Employee Relations; Labor Law; Performance Management; Talent Acquisition,Hris; Leadership,6,4,2,33.33,66.67
628173,Adah Divan,IT,Cybersecurity Specialist,Cryptography; Incident Response; Python; Siem,Network Security; Penetration Testing,6,4,2,33.33,66.67
628262,Divyansh Raman,HR,HR Manager,Labor Law; Leadership; Talent Acquisition,Employee Relations; Hris; Performance Management,6,3,3,50.0,50.0
628319,Tiya Raj,IT,Software Engineer,Data Structures; Docker; Java; Kubernetes; Python,Ci/Cd; Git,7,5,2,28.57,71.43
628342,Dhanush Mann,Marketing,SEO Specialist,Backlink Strategy; Content Optimization; Html / Css Basics,Google Analytics; On-Page Seo,5,3,2,40.0,60.0
628378,Faiyaz Raja,HR,Employee Relations,Conflict Resolution; Employment Law; Hr Policies; Mediation,Investigation,5,4,1,20.0,80.0
628441,Tara Kunda,Sales,Sales Executive,B2B Sales; Communication; Contract Closing; Crm; Lead Generation,Negotiation,6,5,1,16.67,83.33
628509,Advik Divan,HR,Recruitment Specialist,Interviewing; Salary Negotiation; Technical Sourcing,Ats; Employer Branding,5,3,2,40.0,60.0
628515,Aaryahi Dubey,Finance,Auditor,Excel; Forensic Accounting; Internal Auditing; Risk Assessment,Compliance; Financial Analysis,6,4,2,33.33,66.67
628855,Sara Dara,Sales,Sales Executive,B2B Sales; Crm; Lead Generation,Communication; Contract Closing; Negotiation,6,3,3,50.0,50.0
629224,Uthkarsh Deshpande,Finance,Auditor,Excel; Financial Analysis; Forensic Accounting; Internal Auditing; Risk Assessment,Compliance,6,5,1,16.67,83.33
629644,Zaina Mand,HR,Employee Relations,Conflict Resolution; Employment Law; Mediation,Hr Policies; Investigation,5,3,2,40.0,60.0
630173,Zaina Mahajan,Sales,Sales Executive,Communication; Crm; Lead Generation; Negotiation,B2B Sales; Contract Closing,6,4,2,33.33,66.67
631032,Jayesh Jaggi,Finance,Financial Analyst,Excel; Financial Modeling; Sql; Valuation,Forecasting; Power Bi,6,4,2,33.33,66.67
631122,Suhana Dalal,IT,Software Engineer,Ci/Cd; Data Structures; Java; Kubernetes; Python,Docker; Git,7,5,2,28.57,71.43
631260,Zain Tella,Finance,Accountant,Auditing; Financial Accounting; Quickbooks,Erp Systems; Excel; Tax Compliance,6,3,3,50.0,50.0
631310,Aarav Dey,IT,Data Analyst,Power Bi; Python; Sql; Tableau,Excel; Statistical Analysis,6,4,2,33.33,66.67
631621,Raghav Trivedi,Sales,Account Manager,Account Planning; Client Retention; Contract Negotiation; Upselling,Crm (Salesforce),5,4,1,20.0,80.0
631677,Shayak Dani,Finance,Financial Analyst,Excel; Financial Modeling; Forecasting; Sql; Valuation,Power Bi,6,5,1,16.67,83.33
631678,Diya Sankaran,Marketing,Marketing Executive,Content Marketing; Digital Marketing; Google Analytics; Seo,Campaign Management,5,4,1,20.0,80.0
631695,Drishya Sachdeva,HR,Employee Relations,Conflict Resolution; Employment Law; Investigation; Mediation,Hr Policies,5,4,1,20.0,80.0
632142,Misha Malhotra,Finance,Accountant,Auditing; Excel; Financial Accounting; Quickbooks,Erp Systems; Tax Compliance,6,4,2,33.33,66.67
632563,Dishani Mangat,HR,Recruitment Specialist,Ats; Employer Branding; Interviewing; Salary Negotiation,Technical Sourcing,5,4,1,20.0,80.0
632730,Kashvi Buch,Sales,Business Development,Crm; Partnership Development; Pipeline Management; Strategic Pitching,Market Research,5,4,1,20.0,80.0
632755,Onkar Kunda,IT,Software Engineer,Ci/Cd; Docker; Java; Kubernetes,Data Structures; Git; Python,7,4,3,42.86,57.14
633512,Misha Aurora,Sales,Account Manager,Account Planning; Contract Negotiation; Crm (Salesforce),Client Retention; Upselling,5,3,2,40.0,60.0
633692,Biju Sule,Marketing,Marketing Executive,Content Marketing; Digital Marketing; Google Analytics; Seo,Campaign Management,5,4,1,20.0,80.0
633863,Yuvraj  Sampath,Finance,Financial Analyst,Excel; Forecasting; Valuation,Financial Modeling; Power Bi; Sql,6,3,3,50.0,50.0
633964,Jayan Sawhney,Finance,Financial Analyst,Excel; Forecasting; Power Bi; Sql; Valuation,Financial Modeling,6,5,1,16.67,83.33
634075,Reyansh Atwal,IT,Data Analyst,Power Bi; Python; Statistical Analysis,Excel; Sql; Tableau,6,3,3,50.0,50.0
634392,Samiha Chad,IT,Software Engineer,Ci/Cd; Git; Java; Kubernetes; Python,Data Structures; Docker,7,5,2,28.57,71.43
634540,Neelofar Grover,Sales,Sales Executive,B2B Sales; Communication; Contract Closing; Crm; Negotiation,Lead Generation,6,5,1,16.67,83.33
634833,Kimaya Majumdar,IT,Cybersecurity Specialist,Incident Response; Network Security; Penetration Testing; Python; Siem,Cryptography,6,5,1,16.67,83.33
634972,Vritika Arora,IT,Cybersecurity Specialist,Cryptography; Network Security; Penetration Testing; Python,Incident Response; Siem,6,4,2,33.33,66.67
635345,Biju Virk,Marketing,Marketing Executive,Digital Marketing; Google Analytics; Seo,Campaign Management; Content Marketing,5,3,2,40.0,60.0
635347,Damini Ravel,IT,Data Analyst,Excel; Sql; Statistical Analysis,Power Bi; Python; Tableau,6,3,3,50.0,50.0
635587,Riaan Som,HR,Employee Relations,Conflict Resolution; Investigation; Mediation,Employment Law; Hr Policies,5,3,2,40.0,60.0
635822,Eshani Wable,Marketing,Marketing Executive,Campaign Management; Content Marketing; Google Analytics,Digital Marketing; Seo,5,3,2,40.0,60.0
635897,Samarth Ahuja,HR,Recruitment Specialist,Ats; Employer Branding; Salary Negotiation; Technical Sourcing,Interviewing,5,4,1,20.0,80.0
635899,Purab Sarna,HR,Recruitment Specialist,Ats; Salary Negotiation; Technical Sourcing,Employer Branding; Interviewing,5,3,2,40.0,60.0
635982,Yashvi Andra,Finance,Auditor,Compliance; Excel; Financial Analysis; Forensic Accounting; Internal Auditing,Risk Assessment,6,5,1,16.67,83.33
635983,Kismat Kapur,Sales,Sales Executive,Communication; Crm; Lead Generation,B2B Sales; Contract Closing; Negotiation,6,3,3,50.0,50.0
635987,Miraya Chada,IT,Cybersecurity Specialist,Cryptography; Incident Response; Network Security; Python; Siem,Penetration Testing,6,5,1,16.67,83.33
636317,Jivin Savant,IT,Cybersecurity Specialist,Cryptography; Incident Response; Network Security,Penetration Testing; Python; Siem,6,3,3,50.0,50.0
636691,Dhruv Loke,IT,Cybersecurity Specialist,Cryptography; Incident Response; Penetration Testing; Python; Siem,Network Security,6,5,1,16.67,83.33
636931,Akarsh Madan,IT,Cybersecurity Specialist,Cryptography; Incident Response; Penetration Testing; Python; Siem,Network Security,6,5,1,16.67,83.33
637113,Chirag Dhawan,HR,Employee Relations,Employment Law; Hr Policies; Investigation; Mediation,Conflict Resolution,5,4,1,20.0,80.0
637147,Shanaya Bandi,Marketing,Content Strategist,Copywriting; Information Architecture; Seo; User Research,Content Auditing,5,4,1,20.0,80.0
637523,Gatik Bajaj,Sales,Business Development,Crm; Market Research; Partnership Development; Strategic Pitching,Pipeline Management,5,4,1,20.0,80.0
637688,Arhaan Aurora,Sales,Account Manager,Account Planning; Contract Negotiation; Crm (Salesforce); Upselling,Client Retention,5,4,1,20.0,80.0
637720,Dhanuk Sankaran,IT,Cybersecurity Specialist,Incident Response; Penetration Testing; Python; Siem,Cryptography; Network Security,6,4,2,33.33,66.67
638294,Alia Shan,Sales,Account Manager,Client Retention; Crm (Salesforce); Upselling,Account Planning; Contract Negotiation,5,3,2,40.0,60.0
638485,Purab Bahl,Finance,Financial Analyst,Excel; Financial Modeling; Power Bi; Valuation,Forecasting; Sql,6,4,2,33.33,66.67
638882,Krish Butala,IT,Data Analyst,Excel; Python; Sql; Statistical Analysis,Power Bi; Tableau,6,4,2,33.33,66.67
639096,Aniruddh Mangal,Sales,Account Manager,Account Planning; Client Retention; Crm (Salesforce); Upselling,Contract Negotiation,5,4,1,20.0,80.0
639139,Nishith Sami,Finance,Auditor,Compliance; Financial Analysis; Internal Auditing; Risk Assessment,Excel; Forensic Accounting,6,4,2,33.33,66.67
639446,Zaina Chhabra,Finance,Accountant,Auditing; Excel; Financial Accounting; Quickbooks,Erp Systems; Tax Compliance,6,4,2,33.33,66.67
640097,Vivaan Krishna,IT,Software Engineer,Ci/Cd; Data Structures; Docker; Git,Java; Kubernetes; Python,7,4,3,42.86,57.14
640250,Rania Karan,Sales,Business Development,Crm; Market Research; Partnership Development; Pipeline Management,Strategic Pitching,5,4,1,20.0,80.0
640400,Myra Trivedi,IT,Cybersecurity Specialist,Cryptography; Incident Response; Network Security; Penetration Testing,Python; Siem,6,4,2,33.33,66.67
640424,Reyansh Toor,Marketing,Marketing Executive,Campaign Management; Content Marketing; Google Analytics; Seo,Digital Marketing,5,4,1,20.0,80.0
640447,Saira Kala,Marketing,Marketing Executive,Campaign Management; Content Marketing; Google Analytics; Seo,Digital Marketing,5,4,1,20.0,80.0
640494,Jayan Deshmukh,Finance,Accountant,Auditing; Erp Systems; Excel; Quickbooks,Financial Accounting; Tax Compliance,6,4,2,33.33,66.67
640682,Yakshit Dasgupta,IT,Data Analyst,Excel; Power Bi; Sql; Tableau,Python; Statistical Analysis,6,4,2,33.33,66.67
640738,Tarini Sarin,HR,Recruitment Specialist,Ats; Interviewing; Technical Sourcing,Employer Branding; Salary Negotiation,5,3,2,40.0,60.0
640782,Devansh Kala,Marketing,Marketing Executive,Content Marketing; Digital Marketing; Google Analytics; Seo,Campaign Management,5,4,1,20.0,80.0
640948,Shaan Ramaswamy,HR,HR Manager,Labor Law; Leadership; Performance Management,Employee Relations; Hris; Talent Acquisition,6,3,3,50.0,50.0
641259,Alia Ratta,Marketing,SEO Specialist,Backlink Strategy; Content Optimization; Google Analytics; On-Page Seo,Html / Css Basics,5,4,1,20.0,80.0
641315,Anya Dugar,Marketing,Marketing Executive,Campaign Management; Content Marketing; Google Analytics; Seo,Digital Marketing,5,4,1,20.0,80.0
641341,Vaibhav Ram,HR,Employee Relations,Employment Law; Hr Policies; Investigation; Mediation,Conflict Resolution,5,4,1,20.0,80.0
641399,Ira Bail,IT,Cybersecurity Specialist,Cryptography; Incident Response; Python; Siem,Network Security; Penetration Testing,6,4,2,33.33,66.67
641425,Khushi Dey,IT,Data Analyst,Excel; Power Bi; Sql; Statistical Analysis; Tableau,Python,6,5,1,16.67,83.33
641882,Kavya Desai,Finance,Accountant,Auditing; Erp Systems; Excel; Tax Compliance,Financial Accounting; Quickbooks,6,4,2,33.33,66.67
641990,Vritika Tara,Finance,Accountant,Auditing; Erp Systems; Excel; Financial Accounting,Quickbooks; Tax Compliance,6,4,2,33.33,66.67
642012,Sana Barad,Marketing,Content Strategist,Content Auditing; Copywriting; Information Architecture; Seo,User Research,5,4,1,20.0,80.0
642094,Sara Kaul,Marketing,Content Strategist,Copywriting; Information Architecture; Seo; User Research,Content Auditing,5,4,1,20.0,80.0
642194,Emir Sachdev,HR,Employee Relations,Conflict Resolution; Employment Law; Hr Policies; Mediation,Investigation,5,4,1,20.0,80.0
642417,Farhan Agarwal,Sales,Sales Executive,B2B Sales; Communication; Contract Closing; Lead Generation; Negotiation,Crm,6,5,1,16.67,83.33
642778,Jivika Karan,IT,Software Engineer,Ci/Cd; Data Structures; Git; Java,Docker; Kubernetes; Python,7,4,3,42.86,57.14
642899,Samiha Ramakrishnan,HR,Employee Relations,Employment Law; Hr Policies; Mediation,Conflict Resolution; Investigation,5,3,2,40.0,60.0
643121,Emir Desai,IT,Data Analyst,Sql; Statistical Analysis; Tableau,Excel; Power Bi; Python,6,3,3,50.0,50.0
643444,Navya Tailor,HR,Recruitment Specialist,Employer Branding; Interviewing; Technical Sourcing,Ats; Salary Negotiation,5,3,2,40.0,60.0
643456,Divyansh Kala,Sales,Account Manager,Account Planning; Contract Negotiation; Upselling,Client Retention; Crm (Salesforce),5,3,2,40.0,60.0
643527,Samiha Loke,Sales,Business Development,Crm; Market Research; Pipeline Management,Partnership Development; Strategic Pitching,5,3,2,40.0,60.0
643748,Romil Khare,Finance,Financial Analyst,Excel; Financial Modeling; Power Bi; Sql,Forecasting; Valuation,6,4,2,33.33,66.67
643959,Vanya Hegde,IT,Cybersecurity Specialist,Incident Response; Network Security; Penetration Testing; Python; Siem,Cryptography,6,5,1,16.67,83.33
644226,Riaan Dua,IT,Data Analyst,Excel; Power Bi; Sql; Statistical Analysis,Python; Tableau,6,4,2,33.33,66.67
644265,Vritika Sen,IT,Data Analyst,Python; Statistical Analysis; Tableau,Excel; Power Bi; Sql,6,3,3,50.0,50.0
644425,Kiara Bhalla,Finance,Auditor,Compliance; Excel; Internal Auditing,Financial Analysis; Forensic Accounting; Risk Assessment,6,3,3,50.0,50.0
644599,Reyansh Mangal,Sales,Sales Executive,B2B Sales; Communication; Contract Closing; Crm; Negotiation,Lead Generation,6,5,1,16.67,83.33
645354,Bhavin Singhal,Marketing,Marketing Executive,Campaign Management; Content Marketing; Google Analytics; Seo,Digital Marketing,5,4,1,20.0,80.0
645538,Manikya Raj,Sales,Business Development,Market Research; Pipeline Management; Strategic Pitching,Crm; Partnership Development,5,3,2,40.0,60.0
645549,Neysa Ramakrishnan,Sales,Business Development,Partnership Development; Pipeline Management; Strategic Pitching,Crm; Market Research,5,3,2,40.0,60.0
645694,Vardaniya Anand,HR,Employee Relations,Conflict Resolution; Investigation; Mediation,Employment Law; Hr Policies,5,3,2,40.0,60.0
645875,Darshit Ramanathan,IT,Cybersecurity Specialist,Incident Response; Network Security; Python; Siem,Cryptography; Penetration Testing,6,4,2,33.33,66.67
646569,Anya Dutta,Finance,Accountant,Auditing; Erp Systems; Excel; Quickbooks; Tax Compliance,Financial Accounting,6,5,1,16.67,83.33
646652,Anay Sen,Marketing,Marketing Executive,Campaign Management; Content Marketing; Digital Marketing; Seo,Google Analytics,5,4,1,20.0,80.0
646736,Vidur Choudhury,IT,Software Engineer,Ci/Cd; Data Structures; Docker; Git; Kubernetes,Java; Python,7,5,2,28.57,71.43
646830,Abram Vala,Sales,Business Development,Crm; Market Research; Partnership Development; Strategic Pitching,Pipeline Management,5,4,1,20.0,80.0
646858,Riaan Arora,Sales,Business Development,Crm; Market Research,Partnership Development; Pipeline Management; Strategic Pitching,5,2,3,60.0,40.0
646920,Indranil Dewan,Finance,Auditor,Compliance; Financial Analysis; Forensic Accounting,Excel; Internal Auditing; Risk Assessment,6,3,3,50.0,50.0
646979,Rania Kannan,Marketing,Content Strategist,Content Auditing; Copywriting; Seo; User Research,Information Architecture,5,4,1,20.0,80.0
647097,Aarna Aggarwal,HR,HR Manager,Employee Relations; Hris; Labor Law; Leadership; Talent Acquisition,Performance Management,6,5,1,16.67,83.33
647109,Trisha Ghosh,Finance,Auditor,Compliance; Excel; Financial Analysis; Internal Auditing; Risk Assessment,Forensic Accounting,6,5,1,16.67,83.33
647216,Rania Dua,Finance,Auditor,Compliance; Financial Analysis; Forensic Accounting; Risk Assessment,Excel; Internal Auditing,6,4,2,33.33,66.67
647450,Tiya Brar,HR,Employee Relations,Conflict Resolution; Employment Law; Hr Policies; Mediation,Investigation,5,4,1,20.0,80.0
647667,Yuvaan Bumb,Sales,Sales Executive,Communication; Contract Closing; Lead Generation; Negotiation,B2B Sales; Crm,6,4,2,33.33,66.67
647978,Ahana  Agate,Finance,Accountant,Auditing; Erp Systems; Excel; Financial Accounting; Quickbooks,Tax Compliance,6,5,1,16.67,83.33
648401,Jayesh Kala,Finance,Accountant,Auditing; Erp Systems; Excel; Tax Compliance,Financial Accounting; Quickbooks,6,4,2,33.33,66.67
648545,Divij Sahni,Sales,Sales Executive,Contract Closing; Lead Generation; Negotiation,B2B Sales; Communication; Crm,6,3,3,50.0,50.0
648618,Yashvi Loyal,HR,Employee Relations,Conflict Resolution; Employment Law; Hr Policies; Investigation,Mediation,5,4,1,20.0,80.0
648713,Lagan Som,Finance,Financial Analyst,Excel; Forecasting; Power Bi; Valuation,Financial Modeling; Sql,6,4,2,33.33,66.67
648754,Rhea Varghese,Marketing,SEO Specialist,Backlink Strategy; Content Optimization; Google Analytics; On-Page Seo,Html / Css Basics,5,4,1,20.0,80.0
648758,Miraya Kapadia,Finance,Financial Analyst,Excel; Forecasting; Power Bi; Sql; Valuation,Financial Modeling,6,5,1,16.67,83.33
648788,Manjari Dubey,IT,Cybersecurity Specialist,Network Security; Penetration Testing; Python; Siem,Cryptography; Incident Response,6,4,2,33.33,66.67
649034,Baiju Ganesan,Sales,Sales Executive,B2B Sales; Lead Generation; Negotiation,Communication; Contract Closing; Crm,6,3,3,50.0,50.0
649093,Abram Bhatti,Sales,Business Development,Market Research; Partnership Development; Pipeline Management; Strategic Pitching,Crm,5,4,1,20.0,80.0
649122,Emir Hans,IT,Data Analyst,Excel; Python; Sql; Statistical Analysis; Tableau,Power Bi,6,5,1,16.67,83.33
649511,Amira Swaminathan,Marketing,SEO Specialist,Google Analytics; Html / Css Basics; On-Page Seo,Backlink Strategy; Content Optimization,5,3,2,40.0,60.0
649564,Aayush Swaminathan,IT,Cybersecurity Specialist,Cryptography; Incident Response; Network Security; Penetration Testing; Python,Siem,6,5,1,16.67,83.33
649567,Ahana  Bhatnagar,HR,Employee Relations,Conflict Resolution; Employment Law; Hr Policies; Mediation,Investigation,5,4,1,20.0,80.0
649592,Miraya Chowdhury,Marketing,Content Strategist,Content Auditing; Seo; User Research,Copywriting; Information Architecture,5,3,2,40.0,60.0
649735,Ahana  Chauhan,HR,Employee Relations,Conflict Resolution; Employment Law; Hr Policies; Investigation,Mediation,5,4,1,20.0,80.0
650162,Aradhya Varghese,Marketing,SEO Specialist,Backlink Strategy; Content Optimization; Google Analytics; On-Page Seo,Html / Css Basics,5,4,1,20.0,80.0
650234,Vivaan Chandra,Sales,Account Manager,Account Planning; Contract Negotiation; Crm (Salesforce); Upselling,Client Retention,5,4,1,20.0,80.0
650269,Shalv Mahal,Sales,Account Manager,Client Retention; Contract Negotiation; Crm (Salesforce); Upselling,Account Planning,5,4,1,20.0,80.0
650283,Neysa Deep,HR,Recruitment Specialist,Ats; Interviewing; Salary Negotiation,Employer Branding; Technical Sourcing,5,3,2,40.0,60.0
650706,Tarini Maharaj,Finance,Financial Analyst,Excel; Financial Modeling; Forecasting; Power Bi; Valuation,Sql,6,5,1,16.67,83.33
650966,Kashvi Barad,HR,Employee Relations,Conflict Resolution; Hr Policies; Investigation,Employment Law; Mediation,5,3,2,40.0,60.0
651144,Nirvi Johal,Marketing,Marketing Executive,Campaign Management; Content Marketing; Google Analytics,Digital Marketing; Seo,5,3,2,40.0,60.0
651219,Dharmajan Choudhury,IT,Software Engineer,Data Structures; Docker; Java; Kubernetes; Python,Ci/Cd; Git,7,5,2,28.57,71.43
651403,Vanya Brar,Marketing,Marketing Executive,Campaign Management; Content Marketing; Seo,Digital Marketing; Google Analytics,5,3,2,40.0,60.0
652128,Ojas Bhavsar,HR,Employee Relations,Conflict Resolution; Hr Policies; Investigation,Employment Law; Mediation,5,3,2,40.0,60.0
652225,Lakshay Sarraf,Sales,Sales Executive,Communication; Contract Closing; Crm; Negotiation,B2B Sales; Lead Generation,6,4,2,33.33,66.67
652243,Madhup Sachar,Sales,Account Manager,Account Planning; Client Retention; Contract Negotiation; Upselling,Crm (Salesforce),5,4,1,20.0,80.0
652581,Yuvaan Sengupta,HR,Employee Relations,Conflict Resolution; Employment Law; Hr Policies; Mediation,Investigation,5,4,1,20.0,80.0
652674,Farhan Varghese,Marketing,SEO Specialist,Backlink Strategy; Google Analytics; Html / Css Basics; On-Page Seo,Content Optimization,5,4,1,20.0,80.0
652709,Armaan Kibe,HR,Employee Relations,Conflict Resolution; Hr Policies; Investigation; Mediation,Employment Law,5,4,1,20.0,80.0
652774,Purab Mangal,HR,Employee Relations,Employment Law; Hr Policies; Investigation; Mediation,Conflict Resolution,5,4,1,20.0,80.0
652936,Dhanush Barman,Marketing,Marketing Executive,Campaign Management; Content Marketing; Digital Marketing; Google Analytics,Seo,5,4,1,20.0,80.0
653355,Ela D’Alia,Sales,Sales Executive,B2B Sales; Communication; Crm,Contract Closing; Lead Generation; Negotiation,6,3,3,50.0,50.0
653357,Purab Khosla,HR,Employee Relations,Employment Law; Hr Policies; Investigation; Mediation,Conflict Resolution,5,4,1,20.0,80.0
653652,Kabir Date,IT,Software Engineer,Ci/Cd; Data Structures; Git; Kubernetes,Docker; Java; Python,7,4,3,42.86,57.14
653728,Madhup Khare,Marketing,SEO Specialist,Backlink Strategy; Content Optimization; Google Analytics; Html / Css Basics,On-Page Seo,5,4,1,20.0,80.0
653767,Dishani Shah,Finance,Accountant,Auditing; Erp Systems; Financial Accounting; Quickbooks; Tax Compliance,Excel,6,5,1,16.67,83.33
654059,Baiju Shukla,HR,Recruitment Specialist,Ats; Interviewing; Salary Negotiation; Technical Sourcing,Employer Branding,5,4,1,20.0,80.0
654260,Damini Dugar,Marketing,Content Strategist,Copywriting; Information Architecture; Seo,Content Auditing; User Research,5,3,2,40.0,60.0
654359,Yashvi Halder,HR,Recruitment Specialist,Employer Branding; Interviewing,Ats; Salary Negotiation; Technical Sourcing,5,2,3,60.0,40.0
654411,Samiha Gole,Finance,Auditor,Compliance; Excel; Financial Analysis; Forensic Accounting; Internal Auditing,Risk Assessment,6,5,1,16.67,83.33
654455,Aarna Saxena,IT,Software Engineer,Ci/Cd; Docker; Java; Kubernetes,Data Structures; Git; Python,7,4,3,42.86,57.14
654461,Hiran Chad,HR,Employee Relations,Conflict Resolution; Employment Law; Hr Policies; Investigation,Mediation,5,4,1,20.0,80.0
654944,Zoya Comar,Finance,Financial Analyst,Financial Modeling; Forecasting; Power Bi; Valuation,Excel; Sql,6,4,2,33.33,66.67
655164,Aayush Dasgupta,Finance,Accountant,Auditing; Financial Accounting; Quickbooks; Tax Compliance,Erp Systems; Excel,6,4,2,33.33,66.67
655430,Kimaya Thaker,Sales,Account Manager,Account Planning; Client Retention; Crm (Salesforce); Upselling,Contract Negotiation,5,4,1,20.0,80.0
655703,Purab Sachar,Marketing,Marketing Executive,Campaign Management; Content Marketing; Digital Marketing; Google Analytics,Seo,5,4,1,20.0,80.0
655762,Kartik Gupta,Marketing,Marketing Executive,Campaign Management; Content Marketing; Digital Marketing; Google Analytics,Seo,5,4,1,20.0,80.0
655954,Shamik Virk,Finance,Financial Analyst,Forecasting; Power Bi; Valuation,Excel; Financial Modeling; Sql,6,3,3,50.0,50.0
656257,Miraya Kadakia,HR,Recruitment Specialist,Employer Branding; Interviewing; Salary Negotiation; Technical Sourcing,Ats,5,4,1,20.0,80.0
656354,Amira Bhatti,Sales,Account Manager,Client Retention; Contract Negotiation; Crm (Salesforce); Upselling,Account Planning,5,4,1,20.0,80.0
656516,Dharmajan Sahni,HR,Employee Relations,Conflict Resolution; Employment Law; Hr Policies,Investigation; Mediation,5,3,2,40.0,60.0
656576,Kaira Gill,HR,HR Manager,Employee Relations; Hris; Labor Law; Leadership; Performance Management,Talent Acquisition,6,5,1,16.67,83.33
656715,Parinaaz Kumar,Marketing,SEO Specialist,Backlink Strategy; Content Optimization; Google Analytics; On-Page Seo,Html / Css Basics,5,4,1,20.0,80.0
656933,Kaira Doctor,Marketing,SEO Specialist,Content Optimization; Google Analytics; Html / Css Basics; On-Page Seo,Backlink Strategy,5,4,1,20.0,80.0
656962,Nishith Srivastava,Finance,Financial Analyst,Excel; Financial Modeling; Forecasting; Power Bi; Valuation,Sql,6,5,1,16.67,83.33
656968,Riaan Rau,Sales,Account Manager,Account Planning; Contract Negotiation,Client Retention; Crm (Salesforce); Upselling,5,2,3,60.0,40.0
657379,Saira Bhatnagar,Sales,Sales Executive,B2B Sales; Communication; Contract Closing,Crm; Lead Generation; Negotiation,6,3,3,50.0,50.0
657468,Zoya Som,HR,Employee Relations,Conflict Resolution; Hr Policies; Investigation,Employment Law; Mediation,5,3,2,40.0,60.0
657491,Advik Banik,Sales,Account Manager,Account Planning; Contract Negotiation; Upselling,Client Retention; Crm (Salesforce),5,3,2,40.0,60.0
657666,Ritvik Roy,Marketing,Content Strategist,Copywriting; Information Architecture; Seo; User Research,Content Auditing,5,4,1,20.0,80.0
657790,Nirvi Sarraf,IT,Cybersecurity Specialist,Cryptography; Incident Response; Network Security; Penetration Testing; Siem,Python,6,5,1,16.67,83.33
657968,Khushi Jaggi,HR,HR Manager,Employee Relations; Hris; Labor Law; Leadership; Talent Acquisition,Performance Management,6,5,1,16.67,83.33
657985,Reyansh Khatri,HR,Employee Relations,Conflict Resolution; Employment Law; Investigation,Hr Policies; Mediation,5,3,2,40.0,60.0
658033,Bhamini Sankar,Sales,Account Manager,Client Retention; Crm (Salesforce); Upselling,Account Planning; Contract Negotiation,5,3,2,40.0,60.0
658187,Umang Ramanathan,Marketing,Marketing Executive,Campaign Management; Content Marketing; Digital Marketing,Google Analytics; Seo,5,3,2,40.0,60.0
658286,Hansh Samra,IT,Cybersecurity Specialist,Cryptography; Incident Response; Network Security; Python; Siem,Penetration Testing,6,5,1,16.67,83.33
658375,Rati Madan,HR,Employee Relations,Conflict Resolution; Employment Law; Mediation,Hr Policies; Investigation,5,3,2,40.0,60.0
658424,Lavanya Subramaniam,Finance,Auditor,Excel; Financial Analysis; Forensic Accounting; Internal Auditing,Compliance; Risk Assessment,6,4,2,33.33,66.67
658558,Chirag Upadhyay,HR,HR Manager,Employee Relations; Hris; Labor Law; Performance Management; Talent Acquisition,Leadership,6,5,1,16.67,83.33
658952,Mehul Chauhan,IT,Data Analyst,Power Bi; Python; Sql; Tableau,Excel; Statistical Analysis,6,4,2,33.33,66.67
659423,Urvi Deshpande,Finance,Accountant,Excel; Quickbooks; Tax Compliance,Auditing; Erp Systems; Financial Accounting,6,3,3,50.0,50.0
659816,Divyansh Krishna,Sales,Account Manager,Client Retention; Contract Negotiation; Crm (Salesforce); Upselling,Account Planning,5,4,1,20.0,80.0
659869,Mehul Doctor,Sales,Sales Executive,B2B Sales; Lead Generation; Negotiation,Communication; Contract Closing; Crm,6,3,3,50.0,50.0
659886,Purab Vyas,Marketing,Content Strategist,Content Auditing; Information Architecture; Seo; User Research,Copywriting,5,4,1,20.0,80.0
660057,Jivin Soman,Marketing,Marketing Executive,Content Marketing; Digital Marketing; Google Analytics; Seo,Campaign Management,5,4,1,20.0,80.0
660256,Shalv Mander,Sales,Account Manager,Account Planning; Client Retention; Upselling,Contract Negotiation; Crm (Salesforce),5,3,2,40.0,60.0
660308,Bhavin Comar,IT,Data Analyst,Excel; Power Bi; Python; Statistical Analysis,Sql; Tableau,6,4,2,33.33,66.67
660347,Lagan Desai,Marketing,SEO Specialist,Content Optimization; Google Analytics,Backlink Strategy; Html / Css Basics; On-Page Seo,5,2,3,60.0,40.0
660349,Ira Swaminathan,IT,Cybersecurity Specialist,Cryptography; Network Security; Python; Siem,Incident Response; Penetration Testing,6,4,2,33.33,66.67
660612,Jivin Choudhary,Marketing,Marketing Executive,Campaign Management; Content Marketing; Digital Marketing; Google Analytics,Seo,5,4,1,20.0,80.0
660697,Hazel Ganguly,Marketing,Content Strategist,Copywriting; Information Architecture; Seo; User Research,Content Auditing,5,4,1,20.0,80.0
660882,Vritika Sahni,Sales,Sales Executive,B2B Sales; Crm; Negotiation,Communication; Contract Closing; Lead Generation,6,3,3,50.0,50.0
661440,Aaina Chaudhuri,Marketing,SEO Specialist,Backlink Strategy; Content Optimization; On-Page Seo,Google Analytics; Html / Css Basics,5,3,2,40.0,60.0
661554,Purab Kannan,Finance,Financial Analyst,Financial Modeling; Forecasting; Sql; Valuation,Excel; Power Bi,6,4,2,33.33,66.67
661791,Dishani Bal,Finance,Financial Analyst,Excel; Forecasting; Sql; Valuation,Financial Modeling; Power Bi,6,4,2,33.33,66.67
662095,Nitara Srivastava,Finance,Auditor,Excel; Forensic Accounting; Internal Auditing; Risk Assessment,Compliance; Financial Analysis,6,4,2,33.33,66.67
662243,Jayesh Varma,Finance,Financial Analyst,Excel; Financial Modeling; Forecasting; Power Bi; Valuation,Sql,6,5,1,16.67,83.33
662418,Sana Sandal,Sales,Business Development,Crm; Market Research; Pipeline Management; Strategic Pitching,Partnership Development,5,4,1,20.0,80.0
662811,Saanvi Chana,HR,HR Manager,Hris; Labor Law; Leadership; Performance Management; Talent Acquisition,Employee Relations,6,5,1,16.67,83.33
662858,Anay Salvi,IT,Cybersecurity Specialist,Cryptography; Incident Response; Network Security; Penetration Testing; Siem,Python,6,5,1,16.67,83.33
663170,Alisha Varty,Marketing,Content Strategist,Content Auditing; Copywriting; Information Architecture,Seo; User Research,5,3,2,40.0,60.0
663202,Stuvan Sahni,HR,Recruitment Specialist,Interviewing; Salary Negotiation; Technical Sourcing,Ats; Employer Branding,5,3,2,40.0,60.0
663221,Samar Sodhi,Finance,Auditor,Compliance; Excel; Financial Analysis; Internal Auditing; Risk Assessment,Forensic Accounting,6,5,1,16.67,83.33
663449,Miraan Ramaswamy,Marketing,SEO Specialist,Content Optimization; Google Analytics; Html / Css Basics,Backlink Strategy; On-Page Seo,5,3,2,40.0,60.0
663581,Siya Bora,Marketing,Marketing Executive,Campaign Management; Content Marketing; Google Analytics; Seo,Digital Marketing,5,4,1,20.0,80.0
663644,Kimaya Bobal,HR,Employee Relations,Employment Law; Investigation; Mediation,Conflict Resolution; Hr Policies,5,3,2,40.0,60.0
664068,Neelofar Kamdar,HR,Recruitment Specialist,Ats; Employer Branding; Technical Sourcing,Interviewing; Salary Negotiation,5,3,2,40.0,60.0
664475,Shayak Sibal,IT,Cybersecurity Specialist,Cryptography; Incident Response; Network Security; Python; Siem,Penetration Testing,6,5,1,16.67,83.33
664518,Diya Chaudhari,Sales,Account Manager,Contract Negotiation; Crm (Salesforce); Upselling,Account Planning; Client Retention,5,3,2,40.0,60.0
664876,Shaan Hari,HR,HR Manager,Labor Law; Leadership; Talent Acquisition,Employee Relations; Hris; Performance Management,6,3,3,50.0,50.0
664885,Ela Dhingra,IT,Data Analyst,Power Bi; Sql; Tableau,Excel; Python; Statistical Analysis,6,3,3,50.0,50.0
665258,Divij Chatterjee,Marketing,Marketing Executive,Digital Marketing; Google Analytics; Seo,Campaign Management; Content Marketing,5,3,2,40.0,60.0
665519,Veer Savant,Marketing,Marketing Executive,Content Marketing; Digital Marketing; Google Analytics; Seo,Campaign Management,5,4,1,20.0,80.0
665553,Parinaaz Sengupta,Marketing,Marketing Executive,Campaign Management; Content Marketing; Google Analytics,Digital Marketing; Seo,5,3,2,40.0,60.0
665848,Seher Banerjee,Sales,Sales Executive,B2B Sales; Communication; Contract Closing; Crm; Lead Generation,Negotiation,6,5,1,16.67,83.33
666026,Pihu Balan,Finance,Financial Analyst,Financial Modeling; Forecasting; Sql; Valuation,Excel; Power Bi,6,4,2,33.33,66.67
666391,Yuvraj  Krish,Sales,Business Development,Market Research; Partnership Development; Pipeline Management,Crm; Strategic Pitching,5,3,2,40.0,60.0
666580,Chirag Gour,IT,Data Analyst,Excel; Power Bi; Python; Statistical Analysis; Tableau,Sql,6,5,1,16.67,83.33
666708,Tarini Batta,IT,Cybersecurity Specialist,Incident Response; Network Security; Penetration Testing; Siem,Cryptography; Python,6,4,2,33.33,66.67
666883,Ojas Grover,Sales,Sales Executive,Contract Closing; Crm; Negotiation,B2B Sales; Communication; Lead Generation,6,3,3,50.0,50.0
666897,Rati Bali,HR,HR Manager,Employee Relations; Labor Law; Leadership; Performance Management,Hris; Talent Acquisition,6,4,2,33.33,66.67
666949,Rhea Deol,IT,Software Engineer,Ci/Cd; Docker; Kubernetes; Python,Data Structures; Git; Java,7,4,3,42.86,57.14
667357,Kashvi Saran,Sales,Sales Executive,B2B Sales; Communication; Contract Closing; Negotiation,Crm; Lead Generation,6,4,2,33.33,66.67
667411,Anahi Hegde,Sales,Business Development,Crm; Market Research; Partnership Development; Pipeline Management,Strategic Pitching,5,4,1,20.0,80.0
667843,Advik Gala,Sales,Sales Executive,Communication; Contract Closing; Crm; Lead Generation; Negotiation,B2B Sales,6,5,1,16.67,83.33
668245,Anahi Dash,HR,Employee Relations,Hr Policies; Mediation,Conflict Resolution; Employment Law; Investigation,5,2,3,60.0,40.0
668258,Rati Malhotra,Marketing,Content Strategist,Content Auditing; Seo; User Research,Copywriting; Information Architecture,5,3,2,40.0,60.0
668287,Saanvi Bansal,IT,Data Analyst,Python; Sql; Statistical Analysis; Tableau,Excel; Power Bi,6,4,2,33.33,66.67
668316,Neysa Tiwari,Marketing,SEO Specialist,Backlink Strategy; Content Optimization; Google Analytics; On-Page Seo,Html / Css Basics,5,4,1,20.0,80.0
668476,Abram Shankar,HR,Employee Relations,Conflict Resolution; Employment Law; Investigation; Mediation,Hr Policies,5,4,1,20.0,80.0
668669,Tiya Acharya,IT,Data Analyst,Excel; Power Bi; Python; Sql; Tableau,Statistical Analysis,6,5,1,16.67,83.33
668705,Romil Iyengar,HR,Recruitment Specialist,Ats; Salary Negotiation; Technical Sourcing,Employer Branding; Interviewing,5,3,2,40.0,60.0
668817,Anika Manne,Marketing,SEO Specialist,Backlink Strategy; Content Optimization; Google Analytics; On-Page Seo,Html / Css Basics,5,4,1,20.0,80.0
668997,Umang Chanda,HR,Recruitment Specialist,Employer Branding; Interviewing; Technical Sourcing,Ats; Salary Negotiation,5,3,2,40.0,60.0
669867,Hridaan Chhabra,Finance,Financial Analyst,Forecasting; Sql; Valuation,Excel; Financial Modeling; Power Bi,6,3,3,50.0,50.0
669969,Nirvaan Sengupta,HR,Recruitment Specialist,Ats; Employer Branding; Interviewing; Technical Sourcing,Salary Negotiation,5,4,1,20.0,80.0
670062,Shlok Hayer,HR,HR Manager,Employee Relations; Performance Management; Talent Acquisition,Hris; Labor Law; Leadership,6,3,3,50.0,50.0
670110,Aarna Srinivasan,Sales,Account Manager,Account Planning; Client Retention; Contract Negotiation; Upselling,Crm (Salesforce),5,4,1,20.0,80.0
670200,Krish Mandal,Sales,Sales Executive,B2B Sales; Contract Closing; Crm; Negotiation,Communication; Lead Generation,6,4,2,33.33,66.67
670311,Prisha Raj,Finance,Financial Analyst,Financial Modeling; Forecasting; Power Bi; Sql,Excel; Valuation,6,4,2,33.33,66.67
670589,Alia Din,HR,HR Manager,Employee Relations; Labor Law; Leadership,Hris; Performance Management; Talent Acquisition,6,3,3,50.0,50.0
671113,Vaibhav Banik,IT,Data Analyst,Excel; Python; Tableau,Power Bi; Sql; Statistical Analysis,6,3,3,50.0,50.0
671166,Sana Swaminathan,Marketing,SEO Specialist,Content Optimization; Google Analytics; Html / Css Basics; On-Page Seo,Backlink Strategy,5,4,1,20.0,80.0
671698,Advika Bora,HR,Recruitment Specialist,Ats; Employer Branding; Salary Negotiation; Technical Sourcing,Interviewing,5,4,1,20.0,80.0
671927,Anahita Chandra,Sales,Account Manager,Client Retention; Contract Negotiation; Upselling,Account Planning; Crm (Salesforce),5,3,2,40.0,60.0
672171,Rhea Mane,Finance,Accountant,Auditing; Excel; Tax Compliance,Erp Systems; Financial Accounting; Quickbooks,6,3,3,50.0,50.0
672554,Mehul Ramakrishnan,Sales,Account Manager,Contract Negotiation; Crm (Salesforce); Upselling,Account Planning; Client Retention,5,3,2,40.0,60.0
672760,Hansh Chaudhry,IT,Software Engineer,Ci/Cd; Data Structures; Kubernetes; Python,Docker; Git; Java,7,4,3,42.86,57.14
672800,Hridaan Chauhan,Marketing,SEO Specialist,Backlink Strategy; Content Optimization; Google Analytics,Html / Css Basics; On-Page Seo,5,3,2,40.0,60.0
672927,Ritvik Hans,HR,Recruitment Specialist,Ats; Employer Branding; Interviewing,Salary Negotiation; Technical Sourcing,5,3,2,40.0,60.0
673079,Vaibhav Bava,Sales,Account Manager,Account Planning; Client Retention; Crm (Salesforce); Upselling,Contract Negotiation,5,4,1,20.0,80.0
673345,Renee Sundaram,Finance,Financial Analyst,Excel; Financial Modeling; Forecasting; Power Bi; Sql,Valuation,6,5,1,16.67,83.33
673534,Ojas Magar,Sales,Sales Executive,B2B Sales; Communication; Contract Closing; Crm; Lead Generation,Negotiation,6,5,1,16.67,83.33
674045,Ayesha Divan,Finance,Auditor,Compliance; Excel; Financial Analysis; Internal Auditing; Risk Assessment,Forensic Accounting,6,5,1,16.67,83.33
674175,Aarush Dhingra,Marketing,Content Strategist,Content Auditing; Copywriting; Information Architecture; User Research,Seo,5,4,1,20.0,80.0
674298,Sumer Chaudhry,IT,Cybersecurity Specialist,Incident Response; Penetration Testing; Python; Siem,Cryptography; Network Security,6,4,2,33.33,66.67
674778,Nayantara Bir,Sales,Account Manager,Account Planning; Contract Negotiation; Crm (Salesforce); Upselling,Client Retention,5,4,1,20.0,80.0
674804,Hrishita Kapadia,Finance,Accountant,Erp Systems; Excel; Financial Accounting; Quickbooks,Auditing; Tax Compliance,6,4,2,33.33,66.67
675019,Devansh Chander,Finance,Auditor,Excel; Forensic Accounting; Internal Auditing,Compliance; Financial Analysis; Risk Assessment,6,3,3,50.0,50.0
675021,Damini Bala,Marketing,Marketing Executive,Campaign Management; Content Marketing,Digital Marketing; Google Analytics; Seo,5,2,3,60.0,40.0
675147,Diya Dhillon,Sales,Business Development,Crm; Pipeline Management; Strategic Pitching,Market Research; Partnership Development,5,3,2,40.0,60.0
675162,Aarush Kar,Sales,Sales Executive,Communication; Contract Closing; Crm,B2B Sales; Lead Generation; Negotiation,6,3,3,50.0,50.0
675227,Amani Walia,Finance,Accountant,Auditing; Erp Systems; Quickbooks; Tax Compliance,Excel; Financial Accounting,6,4,2,33.33,66.67
675706,Aarav Banik,HR,HR Manager,Employee Relations; Hris; Labor Law; Leadership; Talent Acquisition,Performance Management,6,5,1,16.67,83.33
675843,Azad Chatterjee,Finance,Financial Analyst,Excel; Financial Modeling; Power Bi; Sql; Valuation,Forecasting,6,5,1,16.67,83.33
675967,Advik Kala,Sales,Account Manager,Account Planning; Client Retention; Crm (Salesforce),Contract Negotiation; Upselling,5,3,2,40.0,60.0
676114,Indrajit Kara,Finance,Auditor,Excel; Financial Analysis; Internal Auditing; Risk Assessment,Compliance; Forensic Accounting,6,4,2,33.33,66.67
676115,Tejas Mallick,Sales,Business Development,Crm; Market Research; Strategic Pitching,Partnership Development; Pipeline Management,5,3,2,40.0,60.0
676712,Anahi Bail,Marketing,Marketing Executive,Campaign Management; Content Marketing; Seo,Digital Marketing; Google Analytics,5,3,2,40.0,60.0
676810,Inaaya  Bhat,Sales,Business Development,Market Research; Partnership Development; Strategic Pitching,Crm; Pipeline Management,5,3,2,40.0,60.0
677386,Nirvaan Chaudhry,Marketing,Marketing Executive,Content Marketing; Digital Marketing; Seo,Campaign Management; Google Analytics,5,3,2,40.0,60.0
677659,Hrishita Agate,Sales,Business Development,Crm; Partnership Development,Market Research; Pipeline Management; Strategic Pitching,5,2,3,60.0,40.0
677809,Hridaan Tara,Marketing,Content Strategist,Content Auditing; Seo; User Research,Copywriting; Information Architecture,5,3,2,40.0,60.0
677859,Jayesh Chaudhary,Finance,Financial Analyst,Excel; Forecasting; Sql; Valuation,Financial Modeling; Power Bi,6,4,2,33.33,66.67
678248,Ryan Banerjee,Sales,Sales Executive,B2B Sales; Contract Closing; Lead Generation; Negotiation,Communication; Crm,6,4,2,33.33,66.67
678253,Darshit Dayal,IT,Data Analyst,Power Bi; Python; Sql; Statistical Analysis; Tableau,Excel,6,5,1,16.67,83.33
678362,Hrishita Jaggi,Marketing,Marketing Executive,Campaign Management; Content Marketing; Digital Marketing; Seo,Google Analytics,5,4,1,20.0,80.0
678411,Elakshi Zachariah,HR,HR Manager,Hris; Labor Law; Leadership; Performance Management; Talent Acquisition,Employee Relations,6,5,1,16.67,83.33
678611,Zain Tak,IT,Data Analyst,Power Bi; Python; Sql; Tableau,Excel; Statistical Analysis,6,4,2,33.33,66.67
678785,Yuvaan Datta,IT,Software Engineer,Data Structures; Docker; Git; Java; Kubernetes; Python,Ci/Cd,7,6,1,14.29,85.71
678872,Taimur Balay,IT,Cybersecurity Specialist,Cryptography; Incident Response; Network Security; Penetration Testing; Python,Siem,6,5,1,16.67,83.33
679054,Nirvi Keer,HR,HR Manager,Employee Relations; Hris; Labor Law; Talent Acquisition,Leadership; Performance Management,6,4,2,33.33,66.67
679064,Amira Shah,HR,Recruitment Specialist,Ats; Employer Branding; Salary Negotiation; Technical Sourcing,Interviewing,5,4,1,20.0,80.0
679276,Shayak Chaudhuri,HR,HR Manager,Employee Relations; Hris; Leadership; Performance Management; Talent Acquisition,Labor Law,6,5,1,16.67,83.33
679308,Taimur Dube,IT,Data Analyst,Excel; Python; Statistical Analysis; Tableau,Power Bi; Sql,6,4,2,33.33,66.67
679493,Nakul Uppal,Finance,Accountant,Auditing; Erp Systems; Excel; Financial Accounting; Tax Compliance,Quickbooks,6,5,1,16.67,83.33
679655,Kashvi Dugar,IT,Data Analyst,Power Bi; Python; Sql; Statistical Analysis; Tableau,Excel,6,5,1,16.67,83.33
679910,Neelofar Dada,Sales,Account Manager,Client Retention; Contract Negotiation; Upselling,Account Planning; Crm (Salesforce),5,3,2,40.0,60.0
680014,Abram Seth,HR,Recruitment Specialist,Employer Branding; Interviewing; Salary Negotiation,Ats; Technical Sourcing,5,3,2,40.0,60.0
680481,Neelofar Karnik,Sales,Sales Executive,Communication; Contract Closing; Negotiation,B2B Sales; Crm; Lead Generation,6,3,3,50.0,50.0
680706,Siya Sura,Finance,Financial Analyst,Excel; Financial Modeling; Forecasting; Sql; Valuation,Power Bi,6,5,1,16.67,83.33
680858,Bhamini Subramaniam,Sales,Business Development,Market Research; Partnership Development; Pipeline Management,Crm; Strategic Pitching,5,3,2,40.0,60.0
680880,Azad Kashyap,Sales,Sales Executive,Communication; Contract Closing; Crm; Negotiation,B2B Sales; Lead Generation,6,4,2,33.33,66.67
681032,Navya Gala,Finance,Financial Analyst,Excel; Financial Modeling; Forecasting; Sql,Power Bi; Valuation,6,4,2,33.33,66.67
681092,Samar Deshpande,Marketing,Content Strategist,Content Auditing; Seo; User Research,Copywriting; Information Architecture,5,3,2,40.0,60.0
681137,Vedika Iyer,Marketing,Content Strategist,Content Auditing; Copywriting; Seo,Information Architecture; User Research,5,3,2,40.0,60.0
681342,Rasha Srinivas,Sales,Account Manager,Account Planning; Client Retention; Crm (Salesforce),Contract Negotiation; Upselling,5,3,2,40.0,60.0
681449,Hunar Majumdar,Marketing,Content Strategist,Content Auditing; Copywriting; Information Architecture; Seo,User Research,5,4,1,20.0,80.0
681499,Fateh Wagle,IT,Cybersecurity Specialist,Cryptography; Incident Response; Penetration Testing; Python; Siem,Network Security,6,5,1,16.67,83.33
681640,Siya Lanka,Sales,Account Manager,Client Retention; Contract Negotiation; Crm (Salesforce),Account Planning; Upselling,5,3,2,40.0,60.0
682181,Tushar Balasubramanian,Sales,Sales Executive,B2B Sales; Communication; Contract Closing; Crm; Lead Generation,Negotiation,6,5,1,16.67,83.33
682568,Jayesh Chahal,Finance,Accountant,Auditing; Financial Accounting; Tax Compliance,Erp Systems; Excel; Quickbooks,6,3,3,50.0,50.0
682614,Taran Chadha,Marketing,Marketing Executive,Campaign Management; Content Marketing; Google Analytics; Seo,Digital Marketing,5,4,1,20.0,80.0
682682,Kimaya Varghese,Marketing,Content Strategist,Seo; User Research,Content Auditing; Copywriting; Information Architecture,5,2,3,60.0,40.0
682690,Aayush Sen,Marketing,Content Strategist,Information Architecture; Seo; User Research,Content Auditing; Copywriting,5,3,2,40.0,60.0
682800,Ivana Sarin,HR,Recruitment Specialist,Ats; Salary Negotiation; Technical Sourcing,Employer Branding; Interviewing,5,3,2,40.0,60.0
683562,Pihu Gola,Marketing,SEO Specialist,Backlink Strategy; Google Analytics; Html / Css Basics; On-Page Seo,Content Optimization,5,4,1,20.0,80.0
684286,Tara Tiwari,Marketing,SEO Specialist,Content Optimization; Google Analytics; Html / Css Basics; On-Page Seo,Backlink Strategy,5,4,1,20.0,80.0
684320,Shalv Gole,HR,Employee Relations,Conflict Resolution; Employment Law; Hr Policies; Investigation,Mediation,5,4,1,20.0,80.0
684377,Anahita Wadhwa,HR,Employee Relations,Conflict Resolution; Employment Law; Mediation,Hr Policies; Investigation,5,3,2,40.0,60.0
684505,Manikya D’Alia,Finance,Auditor,Excel; Financial Analysis; Forensic Accounting; Internal Auditing; Risk Assessment,Compliance,6,5,1,16.67,83.33
684587,Charvi Kakar,Marketing,SEO Specialist,Backlink Strategy; Content Optimization; Google Analytics; Html / Css Basics,On-Page Seo,5,4,1,20.0,80.0
684696,Manikya Ben,IT,Software Engineer,Ci/Cd; Java; Kubernetes; Python,Data Structures; Docker; Git,7,4,3,42.86,57.14
684786,Hrishita Sangha,HR,Employee Relations,Employment Law; Hr Policies; Investigation; Mediation,Conflict Resolution,5,4,1,20.0,80.0
684976,Navya Doctor,Marketing,Marketing Executive,Content Marketing; Digital Marketing; Google Analytics; Seo,Campaign Management,5,4,1,20.0,80.0
685244,Raghav Mangal,Marketing,SEO Specialist,Backlink Strategy; Content Optimization; Google Analytics,Html / Css Basics; On-Page Seo,5,3,2,40.0,60.0
685287,Biju Rajagopalan,IT,Cybersecurity Specialist,Cryptography; Incident Response; Network Security; Python; Siem,Penetration Testing,6,5,1,16.67,83.33
685345,Tiya Magar,HR,Employee Relations,Conflict Resolution; Hr Policies; Mediation,Employment Law; Investigation,5,3,2,40.0,60.0
685630,Zoya Sarkar,IT,Software Engineer,Ci/Cd; Data Structures; Java; Kubernetes; Python,Docker; Git,7,5,2,28.57,71.43
685654,Riaan Madan,IT,Software Engineer,Ci/Cd; Data Structures; Git; Java; Kubernetes,Docker; Python,7,5,2,28.57,71.43
685795,Aradhya Dutta,IT,Cybersecurity Specialist,Network Security; Penetration Testing; Siem,Cryptography; Incident Response; Python,6,3,3,50.0,50.0
685801,Aayush Kalla,Marketing,Marketing Executive,Content Marketing; Digital Marketing; Google Analytics; Seo,Campaign Management,5,4,1,20.0,80.0
685912,Shalv Mane,HR,HR Manager,Employee Relations; Labor Law; Leadership; Performance Management; Talent Acquisition,Hris,6,5,1,16.67,83.33
686098,Suhana Balasubramanian,Finance,Auditor,Compliance; Excel; Financial Analysis; Forensic Accounting; Internal Auditing,Risk Assessment,6,5,1,16.67,83.33
686344,Dhanush Dutta,IT,Cybersecurity Specialist,Cryptography; Network Security; Python,Incident Response; Penetration Testing; Siem,6,3,3,50.0,50.0
686703,Eshani Thaman,IT,Cybersecurity Specialist,Cryptography; Incident Response; Python; Siem,Network Security; Penetration Testing,6,4,2,33.33,66.67
686767,Jiya Tara,Marketing,SEO Specialist,Backlink Strategy; Google Analytics; Html / Css Basics; On-Page Seo,Content Optimization,5,4,1,20.0,80.0
686882,Renee Gole,Marketing,Content Strategist,Content Auditing; Information Architecture; Seo,Copywriting; User Research,5,3,2,40.0,60.0
687145,Sana Kata,IT,Data Analyst,Excel; Power Bi; Statistical Analysis; Tableau,Python; Sql,6,4,2,33.33,66.67
687398,Nakul Ganguly,IT,Cybersecurity Specialist,Cryptography; Network Security; Python; Siem,Incident Response; Penetration Testing,6,4,2,33.33,66.67
687520,Ivan Boase,HR,HR Manager,Employee Relations; Hris; Labor Law; Performance Management; Talent Acquisition,Leadership,6,5,1,16.67,83.33
687697,Baiju Talwar,Finance,Financial Analyst,Excel; Forecasting; Power Bi; Sql; Valuation,Financial Modeling,6,5,1,16.67,83.33
688375,Faiyaz Manne,IT,Software Engineer,Ci/Cd; Data Structures; Git; Java; Kubernetes,Docker; Python,7,5,2,28.57,71.43
688556,Eshani Sunder,IT,Data Analyst,Excel; Power Bi; Sql,Python; Statistical Analysis; Tableau,6,3,3,50.0,50.0
688565,Neelofar Walia,Marketing,Content Strategist,Copywriting; Information Architecture; Seo,Content Auditing; User Research,5,3,2,40.0,60.0
688803,Ela Behl,Marketing,Content Strategist,Copywriting; Information Architecture; Seo; User Research,Content Auditing,5,4,1,20.0,80.0
688873,Madhup Tank,HR,Employee Relations,Conflict Resolution; Hr Policies; Investigation; Mediation,Employment Law,5,4,1,20.0,80.0
689338,Pihu Chaudhuri,IT,Software Engineer,Data Structures; Docker; Git; Java; Kubernetes,Ci/Cd; Python,7,5,2,28.57,71.43
689416,Renee Batra,Sales,Account Manager,Contract Negotiation; Upselling,Account Planning; Client Retention; Crm (Salesforce),5,2,3,60.0,40.0
689546,Emir Brahmbhatt,HR,Recruitment Specialist,Ats; Interviewing; Salary Negotiation; Technical Sourcing,Employer Branding,5,4,1,20.0,80.0
689871,Kabir Ganesh,HR,Employee Relations,Employment Law; Hr Policies; Mediation,Conflict Resolution; Investigation,5,3,2,40.0,60.0
689881,Lavanya Sengupta,Sales,Business Development,Crm; Partnership Development; Pipeline Management; Strategic Pitching,Market Research,5,4,1,20.0,80.0
689917,Nishith Ganguly,Marketing,Content Strategist,Copywriting; Information Architecture; Seo; User Research,Content Auditing,5,4,1,20.0,80.0
689963,Kiara Gara,Marketing,Content Strategist,Content Auditing; Information Architecture; Seo; User Research,Copywriting,5,4,1,20.0,80.0
690155,Saanvi Bora,Finance,Financial Analyst,Excel; Financial Modeling; Power Bi; Sql; Valuation,Forecasting,6,5,1,16.67,83.33
690178,Sana Vig,Finance,Financial Analyst,Excel; Forecasting; Power Bi,Financial Modeling; Sql; Valuation,6,3,3,50.0,50.0
690698,Devansh Tandon,Marketing,Marketing Executive,Content Marketing; Digital Marketing; Google Analytics; Seo,Campaign Management,5,4,1,20.0,80.0
691011,Shanaya Virk,Marketing,Content Strategist,Copywriting; Information Architecture; Seo,Content Auditing; User Research,5,3,2,40.0,60.0
691020,Aaryahi Ratta,Sales,Business Development,Crm; Partnership Development; Strategic Pitching,Market Research; Pipeline Management,5,3,2,40.0,60.0
691129,Ivan Wason,Marketing,SEO Specialist,Content Optimization; Html / Css Basics; On-Page Seo,Backlink Strategy; Google Analytics,5,3,2,40.0,60.0
691406,Uthkarsh Vala,Finance,Accountant,Excel; Quickbooks; Tax Compliance,Auditing; Erp Systems; Financial Accounting,6,3,3,50.0,50.0
691593,Ranbir Borde,HR,HR Manager,Employee Relations; Hris; Labor Law; Leadership,Performance Management; Talent Acquisition,6,4,2,33.33,66.67
691758,Adira Banik,Sales,Business Development,Crm; Market Research; Partnership Development; Strategic Pitching,Pipeline Management,5,4,1,20.0,80.0
691825,Arnav Sankar,Finance,Accountant,Auditing; Financial Accounting; Quickbooks; Tax Compliance,Erp Systems; Excel,6,4,2,33.33,66.67
691847,Eva Khanna,Marketing,Marketing Executive,Campaign Management; Digital Marketing; Google Analytics; Seo,Content Marketing,5,4,1,20.0,80.0
692055,Hazel Choudhary,HR,Recruitment Specialist,Ats; Interviewing; Salary Negotiation,Employer Branding; Technical Sourcing,5,3,2,40.0,60.0
692057,Vritika Verma,Marketing,Content Strategist,Copywriting; User Research,Content Auditing; Information Architecture; Seo,5,2,3,60.0,40.0
692836,Taran Bhat,Marketing,SEO Specialist,Backlink Strategy; Content Optimization; Google Analytics; Html / Css Basics,On-Page Seo,5,4,1,20.0,80.0
692855,Taimur Sood,HR,HR Manager,Hris; Leadership; Talent Acquisition,Employee Relations; Labor Law; Performance Management,6,3,3,50.0,50.0
692874,Shaan Tripathi,Finance,Financial Analyst,Excel; Forecasting; Power Bi; Sql; Valuation,Financial Modeling,6,5,1,16.67,83.33
692901,Amani Rana,Sales,Business Development,Crm; Market Research; Pipeline Management; Strategic Pitching,Partnership Development,5,4,1,20.0,80.0
692903,Vihaan Chakrabarti,Finance,Accountant,Auditing; Erp Systems; Excel; Financial Accounting; Tax Compliance,Quickbooks,6,5,1,16.67,83.33
693816,Miraan Kara,IT,Data Analyst,Excel; Power Bi; Python; Sql,Statistical Analysis; Tableau,6,4,2,33.33,66.67
694248,Mohanlal Sawhney,Sales,Account Manager,Account Planning; Client Retention; Upselling,Contract Negotiation; Crm (Salesforce),5,3,2,40.0,60.0
694265,Shlok Chander,Sales,Account Manager,Account Planning; Contract Negotiation,Client Retention; Crm (Salesforce); Upselling,5,2,3,60.0,40.0
694488,Mahika Acharya,IT,Software Engineer,Data Structures; Git; Java; Kubernetes; Python,Ci/Cd; Docker,7,5,2,28.57,71.43
694891,Zain Samra,Sales,Account Manager,Account Planning; Client Retention; Crm (Salesforce),Contract Negotiation; Upselling,5,3,2,40.0,60.0
695230,Reyansh Sampath,IT,Software Engineer,Ci/Cd; Java; Kubernetes; Python,Data Structures; Docker; Git,7,4,3,42.86,57.14
695478,Shalv Divan,Finance,Financial Analyst,Financial Modeling; Power Bi; Sql; Valuation,Excel; Forecasting,6,4,2,33.33,66.67
695493,Urvi Chakraborty,Sales,Business Development,Crm; Market Research; Pipeline Management,Partnership Development; Strategic Pitching,5,3,2,40.0,60.0
695670,Tarini Sarraf,IT,Cybersecurity Specialist,Cryptography; Python; Siem,Incident Response; Network Security; Penetration Testing,6,3,3,50.0,50.0
695812,Ritvik Choudhry,IT,Cybersecurity Specialist,Cryptography; Incident Response; Network Security; Penetration Testing; Python,Siem,6,5,1,16.67,83.33
695958,Khushi Thaman,Finance,Financial Analyst,Excel; Forecasting; Power Bi; Valuation,Financial Modeling; Sql,6,4,2,33.33,66.67
696050,Kiara Baria,HR,HR Manager,Employee Relations; Labor Law; Leadership; Performance Management; Talent Acquisition,Hris,6,5,1,16.67,83.33
696500,Anay Deshmukh,Sales,Account Manager,Account Planning; Client Retention; Crm (Salesforce); Upselling,Contract Negotiation,5,4,1,20.0,80.0
696581,Armaan Salvi,Marketing,Marketing Executive,Campaign Management; Content Marketing; Google Analytics; Seo,Digital Marketing,5,4,1,20.0,80.0
696739,Faiyaz Sinha,IT,Cybersecurity Specialist,Network Security; Penetration Testing; Python,Cryptography; Incident Response; Siem,6,3,3,50.0,50.0
696765,Renee Kanda,Sales,Business Development,Crm; Partnership Development; Pipeline Management,Market Research; Strategic Pitching,5,3,2,40.0,60.0
697184,Jiya Bhattacharyya,HR,HR Manager,Employee Relations; Hris; Labor Law; Leadership; Performance Management,Talent Acquisition,6,5,1,16.67,83.33
697202,Renee Divan,HR,HR Manager,Employee Relations; Labor Law; Leadership; Performance Management; Talent Acquisition,Hris,6,5,1,16.67,83.33
697225,Nehmat Sastry,IT,Cybersecurity Specialist,Cryptography; Penetration Testing; Siem,Incident Response; Network Security; Python,6,3,3,50.0,50.0
697287,Tara Rao,HR,HR Manager,Employee Relations; Labor Law; Performance Management; Talent Acquisition,Hris; Leadership,6,4,2,33.33,66.67
697289,Jayan Babu,HR,HR Manager,Hris; Labor Law; Leadership; Performance Management,Employee Relations; Talent Acquisition,6,4,2,33.33,66.67
697615,Raunak Ram,IT,Software Engineer,Ci/Cd; Docker; Git; Java; Kubernetes; Python,Data Structures,7,6,1,14.29,85.71
697715,Yuvaan Subramaniam,Sales,Account Manager,Account Planning; Client Retention; Contract Negotiation; Upselling,Crm (Salesforce),5,4,1,20.0,80.0
697851,Ojas Kannan,IT,Software Engineer,Data Structures; Docker; Git; Kubernetes,Ci/Cd; Java; Python,7,4,3,42.86,57.14
697977,Hunar Barman,Sales,Sales Executive,B2B Sales; Communication; Contract Closing; Crm; Lead Generation; Negotiation,,6,6,0,0.0,100.0
698063,Nayantara Tiwari,Sales,Business Development,Crm; Market Research; Pipeline Management; Strategic Pitching,Partnership Development,5,4,1,20.0,80.0
698265,Anahita Chandra,HR,HR Manager,Employee Relations; Hris; Labor Law; Leadership; Talent Acquisition,Performance Management,6,5,1,16.67,83.33
698276,Ryan Bassi,Sales,Business Development,Crm; Partnership Development; Pipeline Management; Strategic Pitching,Market Research,5,4,1,20.0,80.0
698407,Mahika Kamdar,Marketing,Marketing Executive,Content Marketing; Digital Marketing; Seo,Campaign Management; Google Analytics,5,3,2,40.0,60.0
698472,Charvi Doctor,Marketing,Content Strategist,Information Architecture; User Research,Content Auditing; Copywriting; Seo,5,2,3,60.0,40.0
698482,Arnav Ben,Finance,Auditor,Financial Analysis; Forensic Accounting; Internal Auditing,Compliance; Excel; Risk Assessment,6,3,3,50.0,50.0
698504,Heer Khosla,Marketing,Marketing Executive,Campaign Management; Content Marketing; Google Analytics; Seo,Digital Marketing,5,4,1,20.0,80.0
698684,Siya Basak,IT,Data Analyst,Excel; Power Bi; Python; Statistical Analysis; Tableau,Sql,6,5,1,16.67,83.33
698709,Raghav Tandon,Finance,Accountant,Excel; Financial Accounting; Quickbooks,Auditing; Erp Systems; Tax Compliance,6,3,3,50.0,50.0
698901,Seher Jaggi,Finance,Auditor,Compliance; Excel; Financial Analysis; Forensic Accounting; Risk Assessment,Internal Auditing,6,5,1,16.67,83.33
699005,Taimur Srinivas,Sales,Sales Executive,Communication; Contract Closing; Crm; Lead Generation; Negotiation,B2B Sales,6,5,1,16.67,83.33
699245,Yuvraj  Kumar,HR,Recruitment Specialist,Ats; Interviewing; Salary Negotiation; Technical Sourcing,Employer Branding,5,4,1,20.0,80.0
699553,Uthkarsh Brar,IT,Software Engineer,Ci/Cd; Data Structures; Git; Java; Python,Docker; Kubernetes,7,5,2,28.57,71.43
699588,Yasmin Majumdar,Marketing,Marketing Executive,Campaign Management; Content Marketing; Digital Marketing; Seo,Google Analytics,5,4,1,20.0,80.0
699835,Oorja Banik,HR,Employee Relations,Conflict Resolution; Employment Law; Hr Policies,Investigation; Mediation,5,3,2,40.0,60.0
699840,Nishith Doshi,Finance,Accountant,Erp Systems; Excel; Financial Accounting; Tax Compliance,Auditing; Quickbooks,6,4,2,33.33,66.67
700114,Nirvi Raman,HR,Recruitment Specialist,Ats; Interviewing,Employer Branding; Salary Negotiation; Technical Sourcing,5,2,3,60.0,40.0
700164,Kiara Basu,Sales,Business Development,Crm; Market Research; Partnership Development,Pipeline Management; Strategic Pitching,5,3,2,40.0,60.0
700376,Pranay Garde,Finance,Auditor,Excel; Financial Analysis; Internal Auditing; Risk Assessment,Compliance; Forensic Accounting,6,4,2,33.33,66.67
700424,Ranbir Gour,Finance,Auditor,Excel; Forensic Accounting; Internal Auditing; Risk Assessment,Compliance; Financial Analysis,6,4,2,33.33,66.67
700540,Hiran Tank,Sales,Sales Executive,B2B Sales; Communication; Contract Closing; Crm; Lead Generation,Negotiation,6,5,1,16.67,83.33
700543,Baiju Sahota,Finance,Accountant,Auditing; Erp Systems; Excel; Quickbooks; Tax Compliance,Financial Accounting,6,5,1,16.67,83.33
700615,Eshani Ahuja,Marketing,SEO Specialist,Content Optimization; Google Analytics; Html / Css Basics; On-Page Seo,Backlink Strategy,5,4,1,20.0,80.0
700739,Kavya Kuruvilla,Marketing,SEO Specialist,Backlink Strategy; Content Optimization; Html / Css Basics; On-Page Seo,Google Analytics,5,4,1,20.0,80.0
701024,Mannat Bhatnagar,HR,Employee Relations,Conflict Resolution; Employment Law; Hr Policies; Mediation,Investigation,5,4,1,20.0,80.0
701069,Eva Khurana,Finance,Accountant,Auditing; Erp Systems; Financial Accounting; Quickbooks,Excel; Tax Compliance,6,4,2,33.33,66.67
701076,Jivin Srivastava,Finance,Accountant,Auditing; Erp Systems; Financial Accounting; Tax Compliance,Excel; Quickbooks,6,4,2,33.33,66.67
701419,Aarav Sekhon,Sales,Business Development,Crm; Market Research; Partnership Development; Pipeline Management,Strategic Pitching,5,4,1,20.0,80.0
701483,Biju Chada,Sales,Account Manager,Client Retention; Crm (Salesforce); Upselling,Account Planning; Contract Negotiation,5,3,2,40.0,60.0
701494,Dharmajan Deo,IT,Software Engineer,Ci/Cd; Git; Kubernetes; Python,Data Structures; Docker; Java,7,4,3,42.86,57.14
701566,Nehmat Dugar,HR,HR Manager,Employee Relations; Hris; Leadership; Performance Management,Labor Law; Talent Acquisition,6,4,2,33.33,66.67
701830,Divit Sundaram,Sales,Account Manager,Account Planning; Crm (Salesforce); Upselling,Client Retention; Contract Negotiation,5,3,2,40.0,60.0
702060,Dhanush Halder,Marketing,SEO Specialist,Backlink Strategy; Content Optimization; Google Analytics,Html / Css Basics; On-Page Seo,5,3,2,40.0,60.0
702079,Kavya Arya,HR,HR Manager,Employee Relations; Hris; Labor Law; Performance Management; Talent Acquisition,Leadership,6,5,1,16.67,83.33
702120,Neysa Boase,HR,Recruitment Specialist,Employer Branding; Interviewing; Technical Sourcing,Ats; Salary Negotiation,5,3,2,40.0,60.0
702276,Akarsh Amble,Marketing,SEO Specialist,Google Analytics; On-Page Seo,Backlink Strategy; Content Optimization; Html / Css Basics,5,2,3,60.0,40.0
702339,Kiaan Karnik,HR,Recruitment Specialist,Ats; Employer Branding; Interviewing,Salary Negotiation; Technical Sourcing,5,3,2,40.0,60.0
702394,Kimaya Ratta,Finance,Auditor,Compliance; Financial Analysis; Forensic Accounting; Internal Auditing; Risk Assessment,Excel,6,5,1,16.67,83.33
702662,Tushar Kunda,Marketing,Marketing Executive,Campaign Management; Content Marketing; Google Analytics; Seo,Digital Marketing,5,4,1,20.0,80.0
702741,Rohan Iyer,Sales,Sales Executive,Communication; Crm; Lead Generation; Negotiation,B2B Sales; Contract Closing,6,4,2,33.33,66.67
702767,Dishani Badami,HR,HR Manager,Employee Relations; Hris; Labor Law,Leadership; Performance Management; Talent Acquisition,6,3,3,50.0,50.0
702859,Badal Krish,Marketing,SEO Specialist,Backlink Strategy; Google Analytics; Html / Css Basics,Content Optimization; On-Page Seo,5,3,2,40.0,60.0
703791,Uthkarsh Ganesan,Finance,Auditor,Excel; Financial Analysis; Forensic Accounting; Internal Auditing; Risk Assessment,Compliance,6,5,1,16.67,83.33
704161,Darshit Saran,Marketing,Content Strategist,Copywriting; Information Architecture; Seo; User Research,Content Auditing,5,4,1,20.0,80.0
704454,Romil Badal,HR,Employee Relations,Conflict Resolution; Employment Law; Hr Policies; Mediation,Investigation,5,4,1,20.0,80.0
704619,Yuvaan Thakkar,Marketing,SEO Specialist,Content Optimization; Google Analytics; Html / Css Basics; On-Page Seo,Backlink Strategy,5,4,1,20.0,80.0
704703,Samiha Solanki,Marketing,Marketing Executive,Digital Marketing; Google Analytics,Campaign Management; Content Marketing; Seo,5,2,3,60.0,40.0
705020,Jayan Tiwari,IT,Software Engineer,Ci/Cd; Git; Java; Kubernetes,Data Structures; Docker; Python,7,4,3,42.86,57.14
705108,Urvi Anand,Finance,Financial Analyst,Excel; Forecasting; Power Bi; Sql; Valuation,Financial Modeling,6,5,1,16.67,83.33
705336,Yakshit Dutt,Marketing,SEO Specialist,Backlink Strategy; Content Optimization; Html / Css Basics,Google Analytics; On-Page Seo,5,3,2,40.0,60.0
705580,Kartik Sangha,Marketing,Marketing Executive,Campaign Management; Content Marketing; Digital Marketing; Google Analytics,Seo,5,4,1,20.0,80.0
705706,Samiha Thaman,Finance,Auditor,Excel; Financial Analysis; Internal Auditing; Risk Assessment,Compliance; Forensic Accounting,6,4,2,33.33,66.67
706041,Fateh Shankar,HR,Employee Relations,Conflict Resolution; Employment Law; Mediation,Hr Policies; Investigation,5,3,2,40.0,60.0
706124,Akarsh De,Finance,Accountant,Auditing; Erp Systems; Excel; Quickbooks; Tax Compliance,Financial Accounting,6,5,1,16.67,83.33
706670,Fateh Master,Sales,Account Manager,Account Planning; Contract Negotiation; Crm (Salesforce),Client Retention; Upselling,5,3,2,40.0,60.0
706912,Vihaan Gera,Sales,Sales Executive,Communication; Contract Closing; Crm; Lead Generation; Negotiation,B2B Sales,6,5,1,16.67,83.33
706958,Renee Bail,Finance,Accountant,Auditing; Excel; Financial Accounting; Quickbooks; Tax Compliance,Erp Systems,6,5,1,16.67,83.33
706992,Alisha Sabharwal,HR,HR Manager,Employee Relations; Hris; Labor Law; Leadership; Performance Management,Talent Acquisition,6,5,1,16.67,83.33
707674,Ela Bahri,Marketing,Content Strategist,Content Auditing; Copywriting; Information Architecture; Seo,User Research,5,4,1,20.0,80.0
708022,Purab Borde,Finance,Financial Analyst,Excel; Financial Modeling; Forecasting; Power Bi; Valuation,Sql,6,5,1,16.67,83.33
708380,Aarush Rau,HR,HR Manager,Employee Relations; Hris; Leadership; Performance Management,Labor Law; Talent Acquisition,6,4,2,33.33,66.67
708684,Ehsaan Saha,HR,HR Manager,Hris; Labor Law; Leadership; Performance Management; Talent Acquisition,Employee Relations,6,5,1,16.67,83.33
708706,Ishaan Buch,Finance,Auditor,Compliance; Forensic Accounting; Internal Auditing; Risk Assessment,Excel; Financial Analysis,6,4,2,33.33,66.67
708972,Aniruddh Maharaj,Marketing,SEO Specialist,Content Optimization; On-Page Seo,Backlink Strategy; Google Analytics; Html / Css Basics,5,2,3,60.0,40.0
709198,Samar Raju,Finance,Accountant,Excel; Financial Accounting; Quickbooks; Tax Compliance,Auditing; Erp Systems,6,4,2,33.33,66.67
709235,Biju Keer,Marketing,Content Strategist,Copywriting; Information Architecture; Seo; User Research,Content Auditing,5,4,1,20.0,80.0
709372,Aradhya Ghosh,IT,Data Analyst,Excel; Power Bi; Python; Sql; Statistical Analysis,Tableau,6,5,1,16.67,83.33
709404,Emir Grewal,HR,HR Manager,Employee Relations; Hris; Talent Acquisition,Labor Law; Leadership; Performance Management,6,3,3,50.0,50.0
709514,Anaya Kashyap,Sales,Account Manager,Account Planning; Client Retention; Contract Negotiation; Crm (Salesforce),Upselling,5,4,1,20.0,80.0
709601,Zain Iyengar,IT,Data Analyst,Excel; Power Bi; Statistical Analysis,Python; Sql; Tableau,6,3,3,50.0,50.0
709673,Romil Banerjee,Finance,Auditor,Compliance; Financial Analysis; Forensic Accounting,Excel; Internal Auditing; Risk Assessment,6,3,3,50.0,50.0
709737,Saanvi Chatterjee,Sales,Business Development,Market Research; Pipeline Management,Crm; Partnership Development; Strategic Pitching,5,2,3,60.0,40.0
710006,Bhavin Ahluwalia,HR,HR Manager,Hris; Leadership; Talent Acquisition,Employee Relations; Labor Law; Performance Management,6,3,3,50.0,50.0
710022,Kimaya Tata,Marketing,Content Strategist,Copywriting; Information Architecture; User Research,Content Auditing; Seo,5,3,2,40.0,60.0
710432,Trisha Dara,HR,Employee Relations,Conflict Resolution; Employment Law; Hr Policies; Investigation,Mediation,5,4,1,20.0,80.0
710491,Ranbir Comar,IT,Software Engineer,Ci/Cd; Docker; Java; Python,Data Structures; Git; Kubernetes,7,4,3,42.86,57.14
710987,Lakshit Kurian,IT,Software Engineer,Data Structures; Docker; Git; Kubernetes; Python,Ci/Cd; Java,7,5,2,28.57,71.43
711065,Dhruv Swamy,IT,Software Engineer,Data Structures; Docker; Git; Java; Kubernetes; Python,Ci/Cd,7,6,1,14.29,85.71
711089,Divyansh Sridhar,Sales,Business Development,Crm; Market Research; Pipeline Management; Strategic Pitching,Partnership Development,5,4,1,20.0,80.0
711446,Urvi Raj,HR,Recruitment Specialist,Ats; Interviewing; Technical Sourcing,Employer Branding; Salary Negotiation,5,3,2,40.0,60.0
712181,Sana Sule,Sales,Sales Executive,Communication; Contract Closing; Crm; Lead Generation,B2B Sales; Negotiation,6,4,2,33.33,66.67
712303,Ahana  Chowdhury,Marketing,Content Strategist,Copywriting; Information Architecture,Content Auditing; Seo; User Research,5,2,3,60.0,40.0
712427,Anay Sarraf,Marketing,SEO Specialist,Backlink Strategy; Content Optimization; Google Analytics; Html / Css Basics,On-Page Seo,5,4,1,20.0,80.0
712534,Shalv Sidhu,HR,Employee Relations,Hr Policies; Investigation; Mediation,Conflict Resolution; Employment Law,5,3,2,40.0,60.0
712648,Aarav Kala,Sales,Account Manager,Account Planning; Client Retention; Upselling,Contract Negotiation; Crm (Salesforce),5,3,2,40.0,60.0
712936,Zaina Iyer,Finance,Accountant,Auditing; Erp Systems; Financial Accounting; Quickbooks,Excel; Tax Compliance,6,4,2,33.33,66.67
713097,Jiya Master,Sales,Account Manager,Account Planning; Client Retention; Crm (Salesforce),Contract Negotiation; Upselling,5,3,2,40.0,60.0
713340,Tanya Taneja,Finance,Financial Analyst,Excel; Financial Modeling; Forecasting; Power Bi; Sql,Valuation,6,5,1,16.67,83.33
713395,Biju Lanka,IT,Data Analyst,Power Bi; Sql; Statistical Analysis,Excel; Python; Tableau,6,3,3,50.0,50.0
713562,Yuvaan Ramanathan,HR,Employee Relations,Hr Policies; Investigation; Mediation,Conflict Resolution; Employment Law,5,3,2,40.0,60.0
713690,Ivan Batra,Finance,Accountant,Auditing; Erp Systems; Excel; Quickbooks,Financial Accounting; Tax Compliance,6,4,2,33.33,66.67
713770,Vardaniya Garg,Marketing,Content Strategist,Content Auditing; Copywriting; User Research,Information Architecture; Seo,5,3,2,40.0,60.0
713845,Lavanya Halder,Finance,Accountant,Auditing; Erp Systems; Excel; Financial Accounting; Tax Compliance,Quickbooks,6,5,1,16.67,83.33
713918,Parinaaz Goel,HR,Recruitment Specialist,Ats; Employer Branding; Interviewing; Technical Sourcing,Salary Negotiation,5,4,1,20.0,80.0
714131,Vivaan Rana,Sales,Sales Executive,Communication; Contract Closing; Crm; Lead Generation,B2B Sales; Negotiation,6,4,2,33.33,66.67
714313,Neelofar Cheema,Finance,Accountant,Auditing; Erp Systems; Excel; Quickbooks; Tax Compliance,Financial Accounting,6,5,1,16.67,83.33
714406,Indrajit Divan,HR,Recruitment Specialist,Employer Branding; Salary Negotiation; Technical Sourcing,Ats; Interviewing,5,3,2,40.0,60.0
715046,Shaan Sethi,Finance,Financial Analyst,Financial Modeling; Forecasting; Power Bi; Sql; Valuation,Excel,6,5,1,16.67,83.33
715230,Yasmin Ravel,Marketing,Content Strategist,Content Auditing; Seo,Copywriting; Information Architecture; User Research,5,2,3,60.0,40.0
715641,Pranay Wagle,IT,Software Engineer,Data Structures; Docker; Git; Kubernetes,Ci/Cd; Java; Python,7,4,3,42.86,57.14
715935,Kiara Toor,HR,HR Manager,Employee Relations; Labor Law; Performance Management; Talent Acquisition,Hris; Leadership,6,4,2,33.33,66.67
716034,Samarth Mammen,Sales,Sales Executive,B2B Sales; Communication; Crm; Lead Generation; Negotiation,Contract Closing,6,5,1,16.67,83.33
716141,Vritika Dube,IT,Data Analyst,Excel; Python; Statistical Analysis,Power Bi; Sql; Tableau,6,3,3,50.0,50.0
716173,Saanvi Subramanian,HR,Employee Relations,Employment Law; Hr Policies; Mediation,Conflict Resolution; Investigation,5,3,2,40.0,60.0
716295,Gatik Koshy,Finance,Accountant,Erp Systems; Excel; Tax Compliance,Auditing; Financial Accounting; Quickbooks,6,3,3,50.0,50.0
716498,Samaira Karnik,HR,HR Manager,Hris; Leadership; Performance Management; Talent Acquisition,Employee Relations; Labor Law,6,4,2,33.33,66.67
716562,Bhamini Iyengar,IT,Cybersecurity Specialist,Cryptography; Incident Response; Penetration Testing; Python,Network Security; Siem,6,4,2,33.33,66.67
716755,Mishti Kara,HR,HR Manager,Employee Relations; Labor Law; Leadership; Performance Management; Talent Acquisition,Hris,6,5,1,16.67,83.33
716823,Anay Thakkar,Marketing,Content Strategist,Copywriting; Seo; User Research,Content Auditing; Information Architecture,5,3,2,40.0,60.0
717216,Vritika Dewan,Marketing,Marketing Executive,Content Marketing; Digital Marketing; Google Analytics,Campaign Management; Seo,5,3,2,40.0,60.0
717288,Mahika Jain,HR,Recruitment Specialist,Employer Branding; Interviewing; Salary Negotiation,Ats; Technical Sourcing,5,3,2,40.0,60.0
717604,Shaan Bera,HR,Recruitment Specialist,Ats; Interviewing; Salary Negotiation; Technical Sourcing,Employer Branding,5,4,1,20.0,80.0
717901,Ayesha Khosla,Sales,Sales Executive,B2B Sales; Communication; Crm; Lead Generation; Negotiation,Contract Closing,6,5,1,16.67,83.33
718297,Abram Bahri,HR,HR Manager,Labor Law; Leadership; Performance Management,Employee Relations; Hris; Talent Acquisition,6,3,3,50.0,50.0
718595,Veer Sabharwal,HR,HR Manager,Hris; Labor Law; Performance Management; Talent Acquisition,Employee Relations; Leadership,6,4,2,33.33,66.67
718981,Purab Jaggi,Marketing,SEO Specialist,Google Analytics; Html / Css Basics; On-Page Seo,Backlink Strategy; Content Optimization,5,3,2,40.0,60.0
719168,Shayak Keer,HR,HR Manager,Employee Relations; Hris; Labor Law; Talent Acquisition,Leadership; Performance Management,6,4,2,33.33,66.67
719213,Seher Saini,Finance,Accountant,Auditing; Excel; Financial Accounting; Tax Compliance,Erp Systems; Quickbooks,6,4,2,33.33,66.67
719379,Amani Saxena,Marketing,SEO Specialist,Backlink Strategy; Content Optimization; Google Analytics; Html / Css Basics,On-Page Seo,5,4,1,20.0,80.0
719443,Samiha Swamy,HR,Employee Relations,Conflict Resolution; Employment Law; Investigation,Hr Policies; Mediation,5,3,2,40.0,60.0
719536,Emir Sahota,Sales,Account Manager,Client Retention; Contract Negotiation; Crm (Salesforce); Upselling,Account Planning,5,4,1,20.0,80.0
719823,Vritika Dhaliwal,Sales,Business Development,Crm; Market Research,Partnership Development; Pipeline Management; Strategic Pitching,5,2,3,60.0,40.0
720127,Akarsh Setty,Sales,Business Development,Crm; Market Research; Partnership Development; Pipeline Management,Strategic Pitching,5,4,1,20.0,80.0
720135,Inaaya  Chada,Marketing,Marketing Executive,Campaign Management; Digital Marketing,Content Marketing; Google Analytics; Seo,5,2,3,60.0,40.0
720143,Ivan Buch,Marketing,SEO Specialist,Backlink Strategy; Content Optimization; On-Page Seo,Google Analytics; Html / Css Basics,5,3,2,40.0,60.0
720164,Shayak Saran,Finance,Auditor,Compliance; Financial Analysis; Forensic Accounting; Internal Auditing; Risk Assessment,Excel,6,5,1,16.67,83.33
720286,Nirvaan Solanki,Finance,Accountant,Erp Systems; Quickbooks; Tax Compliance,Auditing; Excel; Financial Accounting,6,3,3,50.0,50.0
720368,Gokul Deep,HR,Recruitment Specialist,Employer Branding; Interviewing; Salary Negotiation; Technical Sourcing,Ats,5,4,1,20.0,80.0
720446,Misha Bhavsar,Finance,Financial Analyst,Excel; Financial Modeling; Forecasting; Power Bi; Sql,Valuation,6,5,1,16.67,83.33
720596,Piya Salvi,Marketing,SEO Specialist,Backlink Strategy; Content Optimization; Html / Css Basics,Google Analytics; On-Page Seo,5,3,2,40.0,60.0
720933,Advika Kuruvilla,IT,Software Engineer,Ci/Cd; Data Structures; Docker; Git; Java; Kubernetes,Python,7,6,1,14.29,85.71
721302,Nehmat Thakkar,HR,HR Manager,Employee Relations; Hris; Labor Law; Performance Management; Talent Acquisition,Leadership,6,5,1,16.67,83.33
721313,Manjari Sankaran,Finance,Financial Analyst,Excel; Financial Modeling; Power Bi,Forecasting; Sql; Valuation,6,3,3,50.0,50.0
721537,Samarth Gera,Marketing,Content Strategist,Seo; User Research,Content Auditing; Copywriting; Information Architecture,5,2,3,60.0,40.0
721790,Navya Bala,IT,Software Engineer,Ci/Cd; Data Structures; Docker; Git; Java,Kubernetes; Python,7,5,2,28.57,71.43
722103,Madhup Goda,Marketing,Content Strategist,Copywriting; Information Architecture; Seo; User Research,Content Auditing,5,4,1,20.0,80.0
722222,Hansh Kadakia,Marketing,Marketing Executive,Content Marketing; Digital Marketing; Google Analytics; Seo,Campaign Management,5,4,1,20.0,80.0
722272,Ivan Ramanathan,Sales,Sales Executive,Contract Closing; Crm; Lead Generation,B2B Sales; Communication; Negotiation,6,3,3,50.0,50.0
722297,Neelofar Keer,Sales,Account Manager,Account Planning; Client Retention; Contract Negotiation; Crm (Salesforce),Upselling,5,4,1,20.0,80.0
722685,Suhana Maharaj,Finance,Financial Analyst,Excel; Forecasting; Valuation,Financial Modeling; Power Bi; Sql,6,3,3,50.0,50.0
722832,Shray Lala,HR,HR Manager,Employee Relations; Hris; Leadership; Performance Management; Talent Acquisition,Labor Law,6,5,1,16.67,83.33
722835,Kartik Vaidya,Marketing,Marketing Executive,Content Marketing; Digital Marketing; Seo,Campaign Management; Google Analytics,5,3,2,40.0,60.0
723352,Tarini Mander,Finance,Accountant,Erp Systems; Excel; Financial Accounting; Quickbooks,Auditing; Tax Compliance,6,4,2,33.33,66.67
723420,Dhanuk Jain,Marketing,Marketing Executive,Campaign Management; Content Marketing; Digital Marketing; Seo,Google Analytics,5,4,1,20.0,80.0
723461,Hazel Ram,Marketing,Content Strategist,Content Auditing; Copywriting; Information Architecture; Seo,User Research,5,4,1,20.0,80.0
723585,Eshani Taneja,Finance,Accountant,Auditing; Erp Systems; Excel; Financial Accounting; Quickbooks,Tax Compliance,6,5,1,16.67,83.33
723744,Pari Rege,Sales,Account Manager,Account Planning; Client Retention; Contract Negotiation; Upselling,Crm (Salesforce),5,4,1,20.0,80.0
723752,Yuvraj  Dara,Sales,Business Development,Crm; Partnership Development; Pipeline Management; Strategic Pitching,Market Research,5,4,1,20.0,80.0
723884,Jivin Chakraborty,HR,Employee Relations,Conflict Resolution; Employment Law; Investigation; Mediation,Hr Policies,5,4,1,20.0,80.0
723998,Yuvraj  Sinha,HR,HR Manager,Employee Relations; Hris; Labor Law,Leadership; Performance Management; Talent Acquisition,6,3,3,50.0,50.0
724113,Uthkarsh Bir,HR,Employee Relations,Conflict Resolution; Employment Law; Investigation; Mediation,Hr Policies,5,4,1,20.0,80.0
724139,Heer Rout,HR,Recruitment Specialist,Ats; Employer Branding; Interviewing; Salary Negotiation,Technical Sourcing,5,4,1,20.0,80.0
724328,Saanvi Chowdhury,Finance,Accountant,Auditing; Erp Systems; Financial Accounting; Quickbooks; Tax Compliance,Excel,6,5,1,16.67,83.33
724397,Jhanvi Raman,Finance,Auditor,Excel; Financial Analysis; Forensic Accounting; Risk Assessment,Compliance; Internal Auditing,6,4,2,33.33,66.67
724782,Mamooty Kara,HR,HR Manager,Employee Relations; Hris; Performance Management; Talent Acquisition,Labor Law; Leadership,6,4,2,33.33,66.67
724892,Vihaan Bahri,Finance,Auditor,Compliance; Financial Analysis; Forensic Accounting; Internal Auditing,Excel; Risk Assessment,6,4,2,33.33,66.67
725370,Yashvi Sankar,HR,Recruitment Specialist,Ats; Interviewing; Salary Negotiation; Technical Sourcing,Employer Branding,5,4,1,20.0,80.0
725475,Arnav Gill,IT,Data Analyst,Excel; Power Bi; Python; Statistical Analysis,Sql; Tableau,6,4,2,33.33,66.67
725495,Riya Bajwa,Sales,Business Development,Partnership Development; Strategic Pitching,Crm; Market Research; Pipeline Management,5,2,3,60.0,40.0
726049,Mamooty Dalal,Sales,Sales Executive,B2B Sales; Contract Closing; Negotiation,Communication; Crm; Lead Generation,6,3,3,50.0,50.0
726080,Vardaniya Bose,IT,Data Analyst,Excel; Python; Sql; Statistical Analysis; Tableau,Power Bi,6,5,1,16.67,83.33
726267,Pranay Bala,HR,Employee Relations,Conflict Resolution; Investigation; Mediation,Employment Law; Hr Policies,5,3,2,40.0,60.0
726742,Nitya Mangal,IT,Software Engineer,Ci/Cd; Docker; Git; Kubernetes,Data Structures; Java; Python,7,4,3,42.86,57.14
726946,Aarna Varughese,IT,Software Engineer,Ci/Cd; Data Structures; Docker; Git; Java; Python,Kubernetes,7,6,1,14.29,85.71
726992,Himmat Manne,Sales,Sales Executive,B2B Sales; Contract Closing; Crm; Negotiation,Communication; Lead Generation,6,4,2,33.33,66.67
727177,Siya Brar,Finance,Auditor,Compliance; Excel; Risk Assessment,Financial Analysis; Forensic Accounting; Internal Auditing,6,3,3,50.0,50.0
727262,Stuvan Walia,HR,HR Manager,Employee Relations; Performance Management; Talent Acquisition,Hris; Labor Law; Leadership,6,3,3,50.0,50.0
727315,Sahil Andra,Marketing,Marketing Executive,Content Marketing; Digital Marketing; Google Analytics,Campaign Management; Seo,5,3,2,40.0,60.0
727325,Ritvik Sastry,Sales,Sales Executive,Communication; Crm; Negotiation,B2B Sales; Contract Closing; Lead Generation,6,3,3,50.0,50.0
727634,Siya Krish,IT,Cybersecurity Specialist,Network Security; Penetration Testing; Siem,Cryptography; Incident Response; Python,6,3,3,50.0,50.0
727647,Anahita Bail,Sales,Account Manager,Account Planning; Client Retention; Contract Negotiation,Crm (Salesforce); Upselling,5,3,2,40.0,60.0
728091,Reyansh Rout,IT,Cybersecurity Specialist,Incident Response; Network Security; Penetration Testing; Python; Siem,Cryptography,6,5,1,16.67,83.33
728174,Bhamini Gopal,IT,Cybersecurity Specialist,Incident Response; Network Security; Penetration Testing; Siem,Cryptography; Python,6,4,2,33.33,66.67
728274,Ryan Bajwa,Marketing,Marketing Executive,Campaign Management; Content Marketing; Seo,Digital Marketing; Google Analytics,5,3,2,40.0,60.0
728424,Dhruv Acharya,HR,HR Manager,Employee Relations; Hris; Labor Law; Performance Management; Talent Acquisition,Leadership,6,5,1,16.67,83.33
728620,Akarsh Sibal,Sales,Sales Executive,Communication; Contract Closing; Crm,B2B Sales; Lead Generation; Negotiation,6,3,3,50.0,50.0
728627,Purab Uppal,Sales,Sales Executive,Communication; Crm; Lead Generation; Negotiation,B2B Sales; Contract Closing,6,4,2,33.33,66.67
728646,Armaan Saini,HR,HR Manager,Employee Relations; Hris; Labor Law; Performance Management,Leadership; Talent Acquisition,6,4,2,33.33,66.67
728778,Arnav Bhatnagar,Finance,Financial Analyst,Excel; Financial Modeling; Forecasting; Power Bi; Valuation,Sql,6,5,1,16.67,83.33
728807,Vritika Bumb,IT,Data Analyst,Excel; Power Bi; Python; Sql; Statistical Analysis,Tableau,6,5,1,16.67,83.33
728861,Aayush Wadhwa,Finance,Accountant,Auditing; Erp Systems; Excel; Financial Accounting,Quickbooks; Tax Compliance,6,4,2,33.33,66.67
729128,Heer Wali,Sales,Account Manager,Contract Negotiation; Crm (Salesforce); Upselling,Account Planning; Client Retention,5,3,2,40.0,60.0
729190,Devansh Behl,Marketing,Content Strategist,Content Auditing; Copywriting; Information Architecture; User Research,Seo,5,4,1,20.0,80.0
729250,Miraya Uppal,IT,Software Engineer,Ci/Cd; Data Structures; Java; Python,Docker; Git; Kubernetes,7,4,3,42.86,57.14
729491,Shlok Saran,HR,Employee Relations,Conflict Resolution; Hr Policies; Investigation; Mediation,Employment Law,5,4,1,20.0,80.0
729513,Mishti Chada,IT,Data Analyst,Power Bi; Python; Sql; Statistical Analysis,Excel; Tableau,6,4,2,33.33,66.67
729578,Myra Mall,IT,Cybersecurity Specialist,Cryptography; Incident Response; Penetration Testing; Python,Network Security; Siem,6,4,2,33.33,66.67
729671,Indranil Sunder,IT,Data Analyst,Power Bi; Python; Tableau,Excel; Sql; Statistical Analysis,6,3,3,50.0,50.0
730147,Neysa Sahota,Finance,Auditor,Compliance; Excel; Forensic Accounting; Internal Auditing; Risk Assessment,Financial Analysis,6,5,1,16.67,83.33
730338,Raghav Bose,Marketing,Content Strategist,Content Auditing; Copywriting; Information Architecture; Seo,User Research,5,4,1,20.0,80.0
730498,Hiran Mahajan,Sales,Account Manager,Client Retention; Contract Negotiation; Crm (Salesforce); Upselling,Account Planning,5,4,1,20.0,80.0
730641,Indranil Chana,Marketing,Marketing Executive,Content Marketing; Digital Marketing; Seo,Campaign Management; Google Analytics,5,3,2,40.0,60.0
731049,Jivin Dash,Marketing,SEO Specialist,Content Optimization; Google Analytics; On-Page Seo,Backlink Strategy; Html / Css Basics,5,3,2,40.0,60.0
731297,Kimaya Baral,HR,Employee Relations,Employment Law; Hr Policies; Investigation; Mediation,Conflict Resolution,5,4,1,20.0,80.0
731424,Pihu Dutt,Finance,Auditor,Compliance; Excel; Financial Analysis; Internal Auditing; Risk Assessment,Forensic Accounting,6,5,1,16.67,83.33
731428,Tanya Bhattacharyya,IT,Data Analyst,Excel; Power Bi; Python; Sql; Tableau,Statistical Analysis,6,5,1,16.67,83.33
731526,Mehul Dyal,IT,Software Engineer,Ci/Cd; Data Structures; Docker; Java; Kubernetes; Python,Git,7,6,1,14.29,85.71
731607,Vidur Dalal,Finance,Auditor,Compliance; Excel; Financial Analysis; Internal Auditing; Risk Assessment,Forensic Accounting,6,5,1,16.67,83.33
731647,Raunak Kothari,Finance,Auditor,Excel; Financial Analysis; Forensic Accounting; Risk Assessment,Compliance; Internal Auditing,6,4,2,33.33,66.67
731705,Siya Vaidya,Sales,Business Development,Crm; Partnership Development; Strategic Pitching,Market Research; Pipeline Management,5,3,2,40.0,60.0
731859,Lavanya Sachdeva,Finance,Financial Analyst,Excel; Financial Modeling; Forecasting; Power Bi; Valuation,Sql,6,5,1,16.67,83.33
731862,Faiyaz Vohra,Finance,Auditor,Excel; Financial Analysis; Forensic Accounting; Internal Auditing; Risk Assessment,Compliance,6,5,1,16.67,83.33
731879,Prisha Sodhi,IT,Data Analyst,Excel; Python; Statistical Analysis; Tableau,Power Bi; Sql,6,4,2,33.33,66.67
732948,Sana Bhargava,HR,Recruitment Specialist,Ats; Interviewing; Salary Negotiation; Technical Sourcing,Employer Branding,5,4,1,20.0,80.0
732997,Madhav Samra,Finance,Auditor,Compliance; Financial Analysis; Internal Auditing; Risk Assessment,Excel; Forensic Accounting,6,4,2,33.33,66.67
733099,Armaan Virk,Marketing,Marketing Executive,Content Marketing; Google Analytics; Seo,Campaign Management; Digital Marketing,5,3,2,40.0,60.0
733338,Nitara Shenoy,Finance,Financial Analyst,Excel; Financial Modeling; Power Bi; Sql; Valuation,Forecasting,6,5,1,16.67,83.33
733720,Zain Sur,Sales,Business Development,Crm; Market Research; Pipeline Management,Partnership Development; Strategic Pitching,5,3,2,40.0,60.0
734161,Badal Kata,Finance,Accountant,Auditing; Erp Systems; Financial Accounting; Quickbooks,Excel; Tax Compliance,6,4,2,33.33,66.67
734226,Jivin Brahmbhatt,HR,HR Manager,Employee Relations; Performance Management; Talent Acquisition,Hris; Labor Law; Leadership,6,3,3,50.0,50.0
734480,Ehsaan Subramaniam,HR,Recruitment Specialist,Ats; Interviewing; Salary Negotiation,Employer Branding; Technical Sourcing,5,3,2,40.0,60.0
734501,Yasmin Bhatt,IT,Data Analyst,Excel; Power Bi; Sql; Tableau,Python; Statistical Analysis,6,4,2,33.33,66.67
734523,Drishya Kulkarni,IT,Data Analyst,Power Bi; Sql; Statistical Analysis,Excel; Python; Tableau,6,3,3,50.0,50.0
734572,Krish Jayaraman,Sales,Sales Executive,B2B Sales; Communication; Crm; Lead Generation; Negotiation,Contract Closing,6,5,1,16.67,83.33
734661,Kimaya Dubey,Sales,Account Manager,Account Planning; Contract Negotiation; Crm (Salesforce),Client Retention; Upselling,5,3,2,40.0,60.0
734862,Biju Chaudhuri,Marketing,SEO Specialist,Backlink Strategy; Google Analytics; Html / Css Basics; On-Page Seo,Content Optimization,5,4,1,20.0,80.0
734970,Devansh Bhatia,Sales,Business Development,Crm; Market Research; Partnership Development; Strategic Pitching,Pipeline Management,5,4,1,20.0,80.0
735129,Farhan Sethi,HR,Recruitment Specialist,Employer Branding; Interviewing; Salary Negotiation; Technical Sourcing,Ats,5,4,1,20.0,80.0
735184,Tushar Sachdeva,Sales,Business Development,Crm; Partnership Development; Pipeline Management; Strategic Pitching,Market Research,5,4,1,20.0,80.0
735209,Kismat Banerjee,Sales,Business Development,Market Research; Pipeline Management; Strategic Pitching,Crm; Partnership Development,5,3,2,40.0,60.0
735215,Arnav Dar,Sales,Sales Executive,B2B Sales; Communication; Contract Closing; Negotiation,Crm; Lead Generation,6,4,2,33.33,66.67
735366,Tushar Sanghvi,Finance,Financial Analyst,Forecasting; Sql; Valuation,Excel; Financial Modeling; Power Bi,6,3,3,50.0,50.0
735546,Jivin Sundaram,IT,Cybersecurity Specialist,Incident Response; Network Security; Penetration Testing; Python; Siem,Cryptography,6,5,1,16.67,83.33
735632,Jivika Dhingra,Finance,Financial Analyst,Forecasting; Power Bi; Sql; Valuation,Excel; Financial Modeling,6,4,2,33.33,66.67
735800,Saira Bhattacharyya,Sales,Sales Executive,B2B Sales; Communication; Crm; Lead Generation; Negotiation,Contract Closing,6,5,1,16.67,83.33
735920,Bhavin Sami,IT,Cybersecurity Specialist,Cryptography; Incident Response; Network Security; Penetration Testing,Python; Siem,6,4,2,33.33,66.67
736217,Alia Uppal,HR,Employee Relations,Employment Law; Investigation; Mediation,Conflict Resolution; Hr Policies,5,3,2,40.0,60.0
736430,Divij Kurian,Sales,Business Development,Crm; Market Research; Pipeline Management,Partnership Development; Strategic Pitching,5,3,2,40.0,60.0
736562,Nitya Krishnan,Finance,Accountant,Auditing; Erp Systems; Excel; Financial Accounting,Quickbooks; Tax Compliance,6,4,2,33.33,66.67
736673,Drishya Lala,HR,HR Manager,Hris; Labor Law; Leadership,Employee Relations; Performance Management; Talent Acquisition,6,3,3,50.0,50.0
737016,Gatik Chaudhari,Sales,Account Manager,Client Retention; Contract Negotiation; Crm (Salesforce); Upselling,Account Planning,5,4,1,20.0,80.0
737168,Piya Sharma,HR,Employee Relations,Conflict Resolution; Employment Law; Mediation,Hr Policies; Investigation,5,3,2,40.0,60.0
737360,Shlok Sibal,Sales,Account Manager,Client Retention; Contract Negotiation; Crm (Salesforce),Account Planning; Upselling,5,3,2,40.0,60.0
737611,Sahil Sandal,Marketing,SEO Specialist,Content Optimization; Html / Css Basics; On-Page Seo,Backlink Strategy; Google Analytics,5,3,2,40.0,60.0
737658,Anika Sundaram,Sales,Business Development,Crm; Market Research; Pipeline Management,Partnership Development; Strategic Pitching,5,3,2,40.0,60.0
737753,Miraan Dani,HR,Employee Relations,Hr Policies; Investigation; Mediation,Conflict Resolution; Employment Law,5,3,2,40.0,60.0
738017,Kaira Grover,HR,HR Manager,Hris; Labor Law; Performance Management; Talent Acquisition,Employee Relations; Leadership,6,4,2,33.33,66.67
738019,Rania Tara,HR,Employee Relations,Employment Law; Hr Policies; Investigation; Mediation,Conflict Resolution,5,4,1,20.0,80.0
738026,Charvi Khosla,Sales,Sales Executive,B2B Sales; Communication; Contract Closing; Lead Generation; Negotiation,Crm,6,5,1,16.67,83.33
738068,Pihu Andra,Sales,Business Development,Partnership Development; Pipeline Management; Strategic Pitching,Crm; Market Research,5,3,2,40.0,60.0
738308,Taran Verma,Finance,Auditor,Compliance; Financial Analysis; Forensic Accounting; Internal Auditing,Excel; Risk Assessment,6,4,2,33.33,66.67
738311,Damini Sarma,Marketing,SEO Specialist,Backlink Strategy; Google Analytics; On-Page Seo,Content Optimization; Html / Css Basics,5,3,2,40.0,60.0
738370,Ivana Acharya,Marketing,SEO Specialist,Backlink Strategy; Content Optimization; Google Analytics,Html / Css Basics; On-Page Seo,5,3,2,40.0,60.0
739134,Neysa Saran,Sales,Business Development,Crm; Market Research; Pipeline Management; Strategic Pitching,Partnership Development,5,4,1,20.0,80.0
739353,Bhamini Wagle,HR,Recruitment Specialist,Employer Branding; Interviewing; Salary Negotiation,Ats; Technical Sourcing,5,3,2,40.0,60.0
739688,Samarth Sane,IT,Data Analyst,Excel; Python; Statistical Analysis; Tableau,Power Bi; Sql,6,4,2,33.33,66.67
739863,Baiju Luthra,Marketing,Marketing Executive,Content Marketing; Digital Marketing; Google Analytics; Seo,Campaign Management,5,4,1,20.0,80.0
740139,Parinaaz Swaminathan,IT,Software Engineer,Ci/Cd; Git; Java; Python,Data Structures; Docker; Kubernetes,7,4,3,42.86,57.14
740244,Vritika Grover,HR,HR Manager,Hris; Leadership; Talent Acquisition,Employee Relations; Labor Law; Performance Management,6,3,3,50.0,50.0
741554,Purab Srinivas,Marketing,Content Strategist,Content Auditing; Copywriting; Information Architecture; User Research,Seo,5,4,1,20.0,80.0
741941,Khushi Barad,Marketing,Content Strategist,Content Auditing; Information Architecture; Seo,Copywriting; User Research,5,3,2,40.0,60.0
742163,Miraya Dash,Finance,Financial Analyst,Financial Modeling; Forecasting; Power Bi; Valuation,Excel; Sql,6,4,2,33.33,66.67
742640,Divit Banik,Finance,Accountant,Erp Systems; Financial Accounting; Tax Compliance,Auditing; Excel; Quickbooks,6,3,3,50.0,50.0
742750,Vivaan Saini,HR,Employee Relations,Conflict Resolution; Employment Law; Hr Policies; Investigation,Mediation,5,4,1,20.0,80.0
742879,Kavya Gara,HR,Employee Relations,Conflict Resolution; Employment Law,Hr Policies; Investigation; Mediation,5,2,3,60.0,40.0
743102,Damini Verma,HR,HR Manager,Employee Relations; Labor Law; Performance Management; Talent Acquisition,Hris; Leadership,6,4,2,33.33,66.67
743103,Hunar Kurian,IT,Software Engineer,Data Structures; Git; Java; Kubernetes; Python,Ci/Cd; Docker,7,5,2,28.57,71.43
743421,Stuvan Goel,Sales,Account Manager,Account Planning; Crm (Salesforce); Upselling,Client Retention; Contract Negotiation,5,3,2,40.0,60.0
743502,Misha Bail,IT,Software Engineer,Ci/Cd; Docker; Git; Java; Kubernetes; Python,Data Structures,7,6,1,14.29,85.71
743505,Shaan Dave,IT,Software Engineer,Ci/Cd; Docker; Java; Kubernetes; Python,Data Structures; Git,7,5,2,28.57,71.43
743719,Kavya Dhar,Finance,Accountant,Auditing; Erp Systems; Excel; Financial Accounting; Tax Compliance,Quickbooks,6,5,1,16.67,83.33
743736,Urvi Agate,IT,Software Engineer,Data Structures; Docker; Git; Java; Kubernetes; Python,Ci/Cd,7,6,1,14.29,85.71
743798,Prerak Dada,HR,HR Manager,Employee Relations; Hris; Labor Law; Leadership; Talent Acquisition,Performance Management,6,5,1,16.67,83.33
743872,Ishita Varughese,Sales,Business Development,Crm; Market Research; Pipeline Management,Partnership Development; Strategic Pitching,5,3,2,40.0,60.0
744362,Jivin Saini,Finance,Financial Analyst,Excel; Financial Modeling; Forecasting; Sql; Valuation,Power Bi,6,5,1,16.67,83.33
744370,Priyansh Thaman,HR,Recruitment Specialist,Employer Branding; Interviewing; Technical Sourcing,Ats; Salary Negotiation,5,3,2,40.0,60.0
745028,Keya Bhakta,HR,HR Manager,Hris; Labor Law; Performance Management,Employee Relations; Leadership; Talent Acquisition,6,3,3,50.0,50.0
745103,Lagan Borah,IT,Data Analyst,Excel; Python; Statistical Analysis; Tableau,Power Bi; Sql,6,4,2,33.33,66.67
745468,Adah Iyengar,Sales,Sales Executive,B2B Sales; Communication; Contract Closing; Crm,Lead Generation; Negotiation,6,4,2,33.33,66.67
745670,Shray Kaul,HR,HR Manager,Hris; Labor Law; Talent Acquisition,Employee Relations; Leadership; Performance Management,6,3,3,50.0,50.0
745704,Saksham Ratti,HR,Employee Relations,Employment Law; Hr Policies; Investigation,Conflict Resolution; Mediation,5,3,2,40.0,60.0
745780,Vardaniya Chokshi,Finance,Auditor,Compliance; Excel; Internal Auditing,Financial Analysis; Forensic Accounting; Risk Assessment,6,3,3,50.0,50.0
745828,Aniruddh Upadhyay,Marketing,SEO Specialist,Html / Css Basics; On-Page Seo,Backlink Strategy; Content Optimization; Google Analytics,5,2,3,60.0,40.0
745851,Navya Swamy,IT,Software Engineer,Ci/Cd; Java; Kubernetes; Python,Data Structures; Docker; Git,7,4,3,42.86,57.14
746048,Sana Toor,Marketing,Marketing Executive,Content Marketing; Google Analytics,Campaign Management; Digital Marketing; Seo,5,2,3,60.0,40.0
746049,Kashvi Ganguly,Marketing,SEO Specialist,Backlink Strategy; Google Analytics; Html / Css Basics; On-Page Seo,Content Optimization,5,4,1,20.0,80.0
746114,Samarth Ramanathan,Finance,Accountant,Auditing; Excel; Financial Accounting; Quickbooks; Tax Compliance,Erp Systems,6,5,1,16.67,83.33
746195,Tanya Mall,Finance,Auditor,Compliance; Excel; Financial Analysis; Forensic Accounting; Internal Auditing,Risk Assessment,6,5,1,16.67,83.33
746266,Misha Dyal,HR,HR Manager,Employee Relations; Hris; Labor Law; Performance Management; Talent Acquisition,Leadership,6,5,1,16.67,83.33
746654,Saksham Hora,IT,Software Engineer,Ci/Cd; Data Structures; Docker; Git; Java; Python,Kubernetes,7,6,1,14.29,85.71
746698,Ishaan Jaggi,Sales,Sales Executive,B2B Sales; Communication; Contract Closing; Crm,Lead Generation; Negotiation,6,4,2,33.33,66.67
746741,Ayesha Sahota,Finance,Auditor,Compliance; Excel; Financial Analysis; Internal Auditing; Risk Assessment,Forensic Accounting,6,5,1,16.67,83.33
746766,Samarth Bhat,HR,Employee Relations,Employment Law; Hr Policies; Investigation,Conflict Resolution; Mediation,5,3,2,40.0,60.0
746809,Khushi Wable,Sales,Account Manager,Client Retention; Crm (Salesforce); Upselling,Account Planning; Contract Negotiation,5,3,2,40.0,60.0
746865,Devansh Tak,Marketing,SEO Specialist,Backlink Strategy; Google Analytics; Html / Css Basics; On-Page Seo,Content Optimization,5,4,1,20.0,80.0
747036,Gokul Chander,Marketing,Marketing Executive,Campaign Management; Content Marketing; Seo,Digital Marketing; Google Analytics,5,3,2,40.0,60.0
747435,Charvi Dara,Sales,Business Development,Crm; Market Research; Pipeline Management,Partnership Development; Strategic Pitching,5,3,2,40.0,60.0
747843,Tiya Ahuja,Sales,Sales Executive,Communication; Contract Closing; Lead Generation,B2B Sales; Crm; Negotiation,6,3,3,50.0,50.0
747944,Dhanuk Chandran,Sales,Account Manager,Account Planning; Client Retention; Contract Negotiation; Crm (Salesforce),Upselling,5,4,1,20.0,80.0
748539,Taimur Kumer,Finance,Accountant,Excel; Quickbooks; Tax Compliance,Auditing; Erp Systems; Financial Accounting,6,3,3,50.0,50.0
748570,Divit Devan,Sales,Account Manager,Account Planning; Contract Negotiation; Upselling,Client Retention; Crm (Salesforce),5,3,2,40.0,60.0
748618,Madhav Savant,IT,Data Analyst,Excel; Power Bi; Python; Sql; Tableau,Statistical Analysis,6,5,1,16.67,83.33
748631,Onkar Rama,HR,HR Manager,Employee Relations; Hris; Leadership; Performance Management; Talent Acquisition,Labor Law,6,5,1,16.67,83.33
748706,Zeeshan Bhat,Marketing,SEO Specialist,Backlink Strategy; Content Optimization; On-Page Seo,Google Analytics; Html / Css Basics,5,3,2,40.0,60.0
748838,Jivika Talwar,Finance,Financial Analyst,Excel; Power Bi; Sql; Valuation,Financial Modeling; Forecasting,6,4,2,33.33,66.67
748863,Nitara Vala,Marketing,SEO Specialist,Backlink Strategy; Google Analytics,Content Optimization; Html / Css Basics; On-Page Seo,5,2,3,60.0,40.0
748950,Dhanush Swaminathan,Marketing,SEO Specialist,Backlink Strategy; Html / Css Basics; On-Page Seo,Content Optimization; Google Analytics,5,3,2,40.0,60.0
749087,Divit Thaker,Sales,Sales Executive,B2B Sales; Communication; Contract Closing; Lead Generation,Crm; Negotiation,6,4,2,33.33,66.67
749676,Neelofar Sunder,Marketing,Marketing Executive,Campaign Management; Content Marketing; Digital Marketing,Google Analytics; Seo,5,3,2,40.0,60.0
749706,Stuvan Wagle,IT,Software Engineer,Data Structures; Git; Java; Kubernetes; Python,Ci/Cd; Docker,7,5,2,28.57,71.43
749957,Yashvi Shankar,Sales,Account Manager,Account Planning; Client Retention; Crm (Salesforce); Upselling,Contract Negotiation,5,4,1,20.0,80.0
749978,Faiyaz Sangha,Finance,Financial Analyst,Excel; Financial Modeling; Power Bi; Sql; Valuation,Forecasting,6,5,1,16.67,83.33
750687,Pari Kaur,IT,Data Analyst,Excel; Python; Sql; Statistical Analysis; Tableau,Power Bi,6,5,1,16.67,83.33
750748,Uthkarsh Date,HR,HR Manager,Employee Relations; Hris; Leadership; Performance Management,Labor Law; Talent Acquisition,6,4,2,33.33,66.67
750794,Ela Upadhyay,Finance,Accountant,Auditing; Erp Systems; Excel; Quickbooks; Tax Compliance,Financial Accounting,6,5,1,16.67,83.33
751118,Anvi Loke,Finance,Accountant,Auditing; Financial Accounting; Quickbooks,Erp Systems; Excel; Tax Compliance,6,3,3,50.0,50.0
751290,Shalv Bansal,Finance,Auditor,Compliance; Financial Analysis; Forensic Accounting; Internal Auditing,Excel; Risk Assessment,6,4,2,33.33,66.67
751413,Aarush Chand,Marketing,SEO Specialist,Content Optimization; Google Analytics; Html / Css Basics,Backlink Strategy; On-Page Seo,5,3,2,40.0,60.0
752175,Vihaan Yohannan,HR,Recruitment Specialist,Ats; Salary Negotiation; Technical Sourcing,Employer Branding; Interviewing,5,3,2,40.0,60.0
752227,Jayant Swamy,Marketing,Marketing Executive,Campaign Management; Content Marketing; Digital Marketing; Google Analytics,Seo,5,4,1,20.0,80.0
752340,Ivana Sagar,Finance,Financial Analyst,Excel; Forecasting; Power Bi; Sql,Financial Modeling; Valuation,6,4,2,33.33,66.67
752362,Ela Ray,IT,Software Engineer,Data Structures; Java; Kubernetes; Python,Ci/Cd; Docker; Git,7,4,3,42.86,57.14
752578,Tara Raju,Marketing,Content Strategist,Copywriting; Information Architecture; Seo; User Research,Content Auditing,5,4,1,20.0,80.0
752945,Jivin Agate,Finance,Accountant,Auditing; Erp Systems; Excel; Tax Compliance,Financial Accounting; Quickbooks,6,4,2,33.33,66.67
753094,Kaira Raju,Sales,Business Development,Market Research; Partnership Development; Pipeline Management,Crm; Strategic Pitching,5,3,2,40.0,60.0
753155,Yashvi Mangal,Sales,Sales Executive,B2B Sales; Contract Closing; Crm,Communication; Lead Generation; Negotiation,6,3,3,50.0,50.0
753280,Kashvi Sabharwal,HR,Employee Relations,Conflict Resolution; Hr Policies; Investigation; Mediation,Employment Law,5,4,1,20.0,80.0
753460,Jayan Karpe,Sales,Account Manager,Client Retention; Contract Negotiation; Crm (Salesforce),Account Planning; Upselling,5,3,2,40.0,60.0
753580,Ritvik Lanka,HR,HR Manager,Hris; Labor Law; Leadership; Performance Management; Talent Acquisition,Employee Relations,6,5,1,16.67,83.33
753777,Ojas Lanka,Finance,Auditor,Compliance; Financial Analysis; Internal Auditing; Risk Assessment,Excel; Forensic Accounting,6,4,2,33.33,66.67
753799,Romil Lad,Finance,Financial Analyst,Excel; Power Bi; Sql,Financial Modeling; Forecasting; Valuation,6,3,3,50.0,50.0
753890,Dhruv Kala,Sales,Business Development,Crm; Pipeline Management; Strategic Pitching,Market Research; Partnership Development,5,3,2,40.0,60.0
754307,Zaina Bhalla,Finance,Financial Analyst,Financial Modeling; Forecasting; Valuation,Excel; Power Bi; Sql,6,3,3,50.0,50.0
754402,Kismat Badami,HR,HR Manager,Employee Relations; Hris; Labor Law; Leadership; Talent Acquisition,Performance Management,6,5,1,16.67,83.33
754534,Sana Ghose,IT,Software Engineer,Ci/Cd; Data Structures; Docker; Git; Java,Kubernetes; Python,7,5,2,28.57,71.43
754604,Ivana Badal,Marketing,Marketing Executive,Campaign Management; Digital Marketing; Seo,Content Marketing; Google Analytics,5,3,2,40.0,60.0
755029,Rhea Bedi,HR,HR Manager,Employee Relations; Performance Management; Talent Acquisition,Hris; Labor Law; Leadership,6,3,3,50.0,50.0
755521,Umang Basu,HR,Employee Relations,Conflict Resolution; Employment Law; Hr Policies,Investigation; Mediation,5,3,2,40.0,60.0
755582,Prerak Datta,Sales,Sales Executive,B2B Sales; Communication; Contract Closing; Lead Generation,Crm; Negotiation,6,4,2,33.33,66.67
755709,Aarna Kakar,Sales,Business Development,Crm; Market Research; Strategic Pitching,Partnership Development; Pipeline Management,5,3,2,40.0,60.0
755767,Anika Raja,IT,Cybersecurity Specialist,Incident Response; Network Security; Python; Siem,Cryptography; Penetration Testing,6,4,2,33.33,66.67
756402,Abram Randhawa,IT,Cybersecurity Specialist,Incident Response; Network Security; Penetration Testing,Cryptography; Python; Siem,6,3,3,50.0,50.0
756693,Krish Chada,Sales,Account Manager,Account Planning; Client Retention; Contract Negotiation; Crm (Salesforce),Upselling,5,4,1,20.0,80.0
756739,Ahana  Seth,Sales,Account Manager,Client Retention; Contract Negotiation; Crm (Salesforce); Upselling,Account Planning,5,4,1,20.0,80.0
756803,Zain Sem,Sales,Sales Executive,B2B Sales; Communication; Crm; Lead Generation; Negotiation,Contract Closing,6,5,1,16.67,83.33
756845,Kimaya Ganesh,Sales,Sales Executive,B2B Sales; Communication; Contract Closing; Crm; Lead Generation,Negotiation,6,5,1,16.67,83.33
756883,Divit Banerjee,Sales,Account Manager,Account Planning; Client Retention; Crm (Salesforce); Upselling,Contract Negotiation,5,4,1,20.0,80.0
757399,Gatik Grewal,Marketing,SEO Specialist,Content Optimization; Google Analytics; Html / Css Basics; On-Page Seo,Backlink Strategy,5,4,1,20.0,80.0
757424,Anahita Mallick,Finance,Accountant,Erp Systems; Excel; Quickbooks; Tax Compliance,Auditing; Financial Accounting,6,4,2,33.33,66.67
757436,Taimur Bhatia,Sales,Business Development,Market Research; Partnership Development; Pipeline Management; Strategic Pitching,Crm,5,4,1,20.0,80.0
757454,Tanya Bhatti,IT,Cybersecurity Specialist,Cryptography; Incident Response; Python,Network Security; Penetration Testing; Siem,6,3,3,50.0,50.0
757506,Yasmin Khurana,IT,Cybersecurity Specialist,Cryptography; Incident Response; Network Security; Penetration Testing; Siem,Python,6,5,1,16.67,83.33
758193,Nehmat Shanker,Finance,Accountant,Auditing; Erp Systems; Excel; Quickbooks; Tax Compliance,Financial Accounting,6,5,1,16.67,83.33
758214,Manjari Goda,Sales,Sales Executive,Communication; Crm; Lead Generation; Negotiation,B2B Sales; Contract Closing,6,4,2,33.33,66.67
758499,Faiyaz Bajaj,Finance,Financial Analyst,Excel; Forecasting; Power Bi; Sql; Valuation,Financial Modeling,6,5,1,16.67,83.33
758736,Ishaan Anne,Marketing,Content Strategist,Content Auditing; Information Architecture; Seo; User Research,Copywriting,5,4,1,20.0,80.0
758984,Anaya Chandran,Sales,Business Development,Crm; Market Research; Partnership Development; Strategic Pitching,Pipeline Management,5,4,1,20.0,80.0
759144,Nitya Trivedi,Sales,Sales Executive,B2B Sales; Communication; Contract Closing; Crm; Negotiation,Lead Generation,6,5,1,16.67,83.33
759331,Sana Kohli,Finance,Accountant,Excel; Financial Accounting; Quickbooks,Auditing; Erp Systems; Tax Compliance,6,3,3,50.0,50.0
759350,Khushi Anne,Finance,Auditor,Compliance; Excel; Financial Analysis; Forensic Accounting; Risk Assessment,Internal Auditing,6,5,1,16.67,83.33
759428,Chirag Dhingra,IT,Data Analyst,Excel; Power Bi; Python; Sql,Statistical Analysis; Tableau,6,4,2,33.33,66.67
759516,Kavya Bedi,Sales,Account Manager,Client Retention; Contract Negotiation; Upselling,Account Planning; Crm (Salesforce),5,3,2,40.0,60.0
759838,Jivin Kaul,IT,Cybersecurity Specialist,Cryptography; Incident Response; Python; Siem,Network Security; Penetration Testing,6,4,2,33.33,66.67
760305,Ela Gole,Marketing,Content Strategist,Content Auditing; Copywriting; Seo,Information Architecture; User Research,5,3,2,40.0,60.0
760320,Gokul Aurora,HR,Employee Relations,Conflict Resolution; Hr Policies; Investigation; Mediation,Employment Law,5,4,1,20.0,80.0
760494,Mohanlal Dhillon,Sales,Business Development,Crm; Pipeline Management; Strategic Pitching,Market Research; Partnership Development,5,3,2,40.0,60.0
760608,Badal Trivedi,Sales,Sales Executive,B2B Sales; Communication; Contract Closing; Lead Generation; Negotiation,Crm,6,5,1,16.67,83.33
760752,Madhup Chaudhari,Marketing,Marketing Executive,Digital Marketing; Google Analytics,Campaign Management; Content Marketing; Seo,5,2,3,60.0,40.0
760756,Sana Talwar,IT,Cybersecurity Specialist,Cryptography; Incident Response; Python; Siem,Network Security; Penetration Testing,6,4,2,33.33,66.67
760925,Tara Deo,HR,Employee Relations,Employment Law; Hr Policies; Investigation,Conflict Resolution; Mediation,5,3,2,40.0,60.0
761004,Himmat Walla,Marketing,Content Strategist,Copywriting; Information Architecture; User Research,Content Auditing; Seo,5,3,2,40.0,60.0
761061,Mehul Lad,Sales,Account Manager,Account Planning; Contract Negotiation,Client Retention; Crm (Salesforce); Upselling,5,2,3,60.0,40.0
761136,Kimaya Tailor,Marketing,SEO Specialist,Backlink Strategy; Google Analytics; On-Page Seo,Content Optimization; Html / Css Basics,5,3,2,40.0,60.0
761246,Hridaan Sahota,IT,Cybersecurity Specialist,Cryptography; Incident Response; Network Security; Siem,Penetration Testing; Python,6,4,2,33.33,66.67
761423,Ishaan Mane,Finance,Accountant,Erp Systems; Excel; Financial Accounting; Tax Compliance,Auditing; Quickbooks,6,4,2,33.33,66.67
761495,Anahi Kibe,Marketing,Content Strategist,Content Auditing; Information Architecture,Copywriting; Seo; User Research,5,2,3,60.0,40.0
761608,Urvi Sundaram,Marketing,Marketing Executive,Campaign Management; Content Marketing; Digital Marketing; Seo,Google Analytics,5,4,1,20.0,80.0
762077,Rati Iyengar,Sales,Business Development,Crm; Market Research; Partnership Development,Pipeline Management; Strategic Pitching,5,3,2,40.0,60.0
762205,Divij Khare,IT,Software Engineer,Ci/Cd; Data Structures; Git; Python,Docker; Java; Kubernetes,7,4,3,42.86,57.14
762512,Kismat Chad,Sales,Sales Executive,B2B Sales; Communication; Contract Closing; Lead Generation; Negotiation,Crm,6,5,1,16.67,83.33
762556,Onkar Grewal,Finance,Auditor,Excel; Financial Analysis; Internal Auditing; Risk Assessment,Compliance; Forensic Accounting,6,4,2,33.33,66.67
762849,Divij Hora,HR,Recruitment Specialist,Ats; Interviewing; Salary Negotiation; Technical Sourcing,Employer Branding,5,4,1,20.0,80.0
763423,Parinaaz Mane,Finance,Financial Analyst,Excel; Financial Modeling; Power Bi; Sql; Valuation,Forecasting,6,5,1,16.67,83.33
763796,Indranil Sanghvi,Finance,Auditor,Excel; Forensic Accounting; Internal Auditing; Risk Assessment,Compliance; Financial Analysis,6,4,2,33.33,66.67
763808,Ela Bhatia,Marketing,SEO Specialist,Backlink Strategy; Content Optimization; Google Analytics; Html / Css Basics,On-Page Seo,5,4,1,20.0,80.0
764058,Zaina Halder,Finance,Financial Analyst,Excel; Financial Modeling; Forecasting; Sql,Power Bi; Valuation,6,4,2,33.33,66.67
764085,Taimur Ben,Finance,Auditor,Compliance; Excel; Internal Auditing; Risk Assessment,Financial Analysis; Forensic Accounting,6,4,2,33.33,66.67
764121,Ayesha Kala,Sales,Sales Executive,B2B Sales; Contract Closing; Crm; Lead Generation; Negotiation,Communication,6,5,1,16.67,83.33
764583,Anay Rattan,Sales,Account Manager,Account Planning; Client Retention; Contract Negotiation,Crm (Salesforce); Upselling,5,3,2,40.0,60.0
764685,Miraya Ben,Marketing,SEO Specialist,Backlink Strategy; Content Optimization; Html / Css Basics; On-Page Seo,Google Analytics,5,4,1,20.0,80.0
765186,Taimur Dugar,Marketing,SEO Specialist,Backlink Strategy; Content Optimization; Html / Css Basics,Google Analytics; On-Page Seo,5,3,2,40.0,60.0
765312,Nitya Balasubramanian,Marketing,Content Strategist,Content Auditing; Information Architecture; Seo,Copywriting; User Research,5,3,2,40.0,60.0
765431,Rhea Dhar,IT,Cybersecurity Specialist,Cryptography; Incident Response; Python; Siem,Network Security; Penetration Testing,6,4,2,33.33,66.67
765554,Farhan Mannan,IT,Data Analyst,Excel; Sql; Tableau,Power Bi; Python; Statistical Analysis,6,3,3,50.0,50.0
765593,Shanaya Roy,Marketing,Marketing Executive,Campaign Management; Content Marketing; Google Analytics; Seo,Digital Marketing,5,4,1,20.0,80.0
765633,Ivana Bawa,Marketing,Content Strategist,Copywriting; Information Architecture; Seo; User Research,Content Auditing,5,4,1,20.0,80.0
766456,Lakshay Acharya,IT,Software Engineer,Ci/Cd; Data Structures; Docker; Git; Java; Python,Kubernetes,7,6,1,14.29,85.71
766737,Tushar Srivastava,Finance,Accountant,Erp Systems; Excel; Quickbooks; Tax Compliance,Auditing; Financial Accounting,6,4,2,33.33,66.67
767033,Keya Bala,IT,Software Engineer,Ci/Cd; Data Structures; Java; Kubernetes; Python,Docker; Git,7,5,2,28.57,71.43
767113,Hiran Warrior,HR,Employee Relations,Conflict Resolution; Employment Law; Investigation; Mediation,Hr Policies,5,4,1,20.0,80.0
767269,Sana Ramesh,Finance,Accountant,Auditing; Erp Systems; Excel; Financial Accounting; Quickbooks,Tax Compliance,6,5,1,16.67,83.33
767270,Tara Issac,Finance,Auditor,Compliance; Financial Analysis; Internal Auditing,Excel; Forensic Accounting; Risk Assessment,6,3,3,50.0,50.0
767323,Heer Brar,Finance,Accountant,Auditing; Erp Systems; Excel; Financial Accounting; Tax Compliance,Quickbooks,6,5,1,16.67,83.33
767334,Aarush Sathe,HR,Recruitment Specialist,Ats; Interviewing; Technical Sourcing,Employer Branding; Salary Negotiation,5,3,2,40.0,60.0
767338,Akarsh Banerjee,Finance,Auditor,Compliance; Excel; Financial Analysis; Forensic Accounting,Internal Auditing; Risk Assessment,6,4,2,33.33,66.67
767444,Diya Sandhu,Finance,Auditor,Excel; Financial Analysis; Forensic Accounting; Risk Assessment,Compliance; Internal Auditing,6,4,2,33.33,66.67
768126,Hunar Dora,IT,Data Analyst,Power Bi; Sql; Statistical Analysis; Tableau,Excel; Python,6,4,2,33.33,66.67
768173,Amani Kanda,Sales,Business Development,Market Research; Pipeline Management; Strategic Pitching,Crm; Partnership Development,5,3,2,40.0,60.0
768548,Hrishita Bose,IT,Data Analyst,Power Bi; Python; Statistical Analysis; Tableau,Excel; Sql,6,4,2,33.33,66.67
768714,Drishya Deo,Finance,Accountant,Auditing; Erp Systems; Excel; Financial Accounting,Quickbooks; Tax Compliance,6,4,2,33.33,66.67
769057,Misha Doshi,HR,HR Manager,Employee Relations; Hris; Talent Acquisition,Labor Law; Leadership; Performance Management,6,3,3,50.0,50.0
769136,Bhavin Dash,Marketing,Marketing Executive,Content Marketing; Digital Marketing; Google Analytics; Seo,Campaign Management,5,4,1,20.0,80.0
769605,Saira Rama,HR,HR Manager,Hris; Leadership; Performance Management,Employee Relations; Labor Law; Talent Acquisition,6,3,3,50.0,50.0
769867,Anika Ahuja,Finance,Accountant,Auditing; Erp Systems; Excel; Quickbooks; Tax Compliance,Financial Accounting,6,5,1,16.67,83.33
770107,Riya Soni,Finance,Auditor,Excel; Forensic Accounting; Internal Auditing,Compliance; Financial Analysis; Risk Assessment,6,3,3,50.0,50.0
770481,Madhav Tak,Finance,Accountant,Erp Systems; Financial Accounting; Quickbooks,Auditing; Excel; Tax Compliance,6,3,3,50.0,50.0
770518,Himmat Vyas,Marketing,Marketing Executive,Campaign Management; Content Marketing; Seo,Digital Marketing; Google Analytics,5,3,2,40.0,60.0
770628,Zain Deep,Marketing,Marketing Executive,Campaign Management; Digital Marketing; Google Analytics,Content Marketing; Seo,5,3,2,40.0,60.0
770909,Jayan Kohli,IT,Cybersecurity Specialist,Incident Response; Network Security; Python,Cryptography; Penetration Testing; Siem,6,3,3,50.0,50.0
771230,Mohanlal Chopra,IT,Cybersecurity Specialist,Cryptography; Incident Response; Network Security; Python; Siem,Penetration Testing,6,5,1,16.67,83.33
771416,Adah Apte,Finance,Accountant,Auditing; Erp Systems; Quickbooks,Excel; Financial Accounting; Tax Compliance,6,3,3,50.0,50.0
771822,Gokul Sarin,Sales,Business Development,Crm; Pipeline Management; Strategic Pitching,Market Research; Partnership Development,5,3,2,40.0,60.0
771837,Indrans Master,Sales,Business Development,Market Research; Partnership Development; Strategic Pitching,Crm; Pipeline Management,5,3,2,40.0,60.0
771910,Aarush Agarwal,IT,Data Analyst,Excel; Power Bi; Python; Tableau,Sql; Statistical Analysis,6,4,2,33.33,66.67
771970,Samarth Acharya,HR,HR Manager,Leadership; Performance Management; Talent Acquisition,Employee Relations; Hris; Labor Law,6,3,3,50.0,50.0
772182,Nitya Brahmbhatt,Finance,Accountant,Auditing; Erp Systems; Excel; Quickbooks; Tax Compliance,Financial Accounting,6,5,1,16.67,83.33
772849,Khushi Kala,Marketing,Marketing Executive,Campaign Management; Google Analytics; Seo,Content Marketing; Digital Marketing,5,3,2,40.0,60.0
773149,Ivan Wadhwa,Sales,Account Manager,Client Retention; Contract Negotiation; Crm (Salesforce),Account Planning; Upselling,5,3,2,40.0,60.0
773337,Yashvi Khatri,Marketing,Content Strategist,Copywriting; Information Architecture; Seo; User Research,Content Auditing,5,4,1,20.0,80.0
773373,Chirag Rama,HR,Recruitment Specialist,Ats; Employer Branding; Interviewing; Salary Negotiation,Technical Sourcing,5,4,1,20.0,80.0
773537,Pari Gopal,Marketing,Content Strategist,Content Auditing; Copywriting; Information Architecture; User Research,Seo,5,4,1,20.0,80.0
773604,Jiya Sur,IT,Cybersecurity Specialist,Cryptography; Incident Response; Python; Siem,Network Security; Penetration Testing,6,4,2,33.33,66.67
773640,Seher Bassi,Sales,Business Development,Crm; Pipeline Management,Market Research; Partnership Development; Strategic Pitching,5,2,3,60.0,40.0
774009,Mamooty Bakshi,Finance,Accountant,Auditing; Erp Systems; Excel; Quickbooks,Financial Accounting; Tax Compliance,6,4,2,33.33,66.67
774019,Raghav Venkatesh,Sales,Sales Executive,B2B Sales; Communication; Crm; Negotiation,Contract Closing; Lead Generation,6,4,2,33.33,66.67
774064,Riaan Lad,HR,HR Manager,Employee Relations; Hris; Leadership; Performance Management,Labor Law; Talent Acquisition,6,4,2,33.33,66.67
774078,Lakshit Joshi,IT,Software Engineer,Ci/Cd; Data Structures; Git; Kubernetes,Docker; Java; Python,7,4,3,42.86,57.14
774164,Faiyaz Mahajan,Finance,Financial Analyst,Excel; Financial Modeling; Power Bi; Sql; Valuation,Forecasting,6,5,1,16.67,83.33
774257,Priyansh Maharaj,IT,Cybersecurity Specialist,Incident Response; Network Security; Penetration Testing; Python; Siem,Cryptography,6,5,1,16.67,83.33
774276,Chirag Dubey,Finance,Financial Analyst,Financial Modeling; Forecasting; Sql; Valuation,Excel; Power Bi,6,4,2,33.33,66.67
774296,Kiaan Chatterjee,HR,Recruitment Specialist,Ats; Employer Branding,Interviewing; Salary Negotiation; Technical Sourcing,5,2,3,60.0,40.0
774417,Samaira Ramanathan,Finance,Financial Analyst,Excel; Financial Modeling; Forecasting; Sql,Power Bi; Valuation,6,4,2,33.33,66.67
774763,Jhanvi Mahal,Sales,Sales Executive,Communication; Contract Closing; Crm; Lead Generation; Negotiation,B2B Sales,6,5,1,16.67,83.33
775143,Mehul Kara,Finance,Accountant,Erp Systems; Quickbooks; Tax Compliance,Auditing; Excel; Financial Accounting,6,3,3,50.0,50.0
775296,Anay Chahal,Finance,Accountant,Auditing; Erp Systems; Excel; Financial Accounting; Tax Compliance,Quickbooks,6,5,1,16.67,83.33
775503,Sahil Chandra,HR,Recruitment Specialist,Ats; Salary Negotiation,Employer Branding; Interviewing; Technical Sourcing,5,2,3,60.0,40.0
775739,Oorja Kakar,HR,HR Manager,Employee Relations; Labor Law; Leadership; Performance Management; Talent Acquisition,Hris,6,5,1,16.67,83.33
776038,Lavanya Keer,Marketing,Content Strategist,Content Auditing; Seo; User Research,Copywriting; Information Architecture,5,3,2,40.0,60.0
776133,Mannat Krishna,Marketing,SEO Specialist,Backlink Strategy; Content Optimization; Google Analytics; On-Page Seo,Html / Css Basics,5,4,1,20.0,80.0
776178,Jivin Wagle,IT,Software Engineer,Ci/Cd; Docker; Git; Python,Data Structures; Java; Kubernetes,7,4,3,42.86,57.14
776529,Gatik Mann,Sales,Sales Executive,Contract Closing; Crm; Lead Generation; Negotiation,B2B Sales; Communication,6,4,2,33.33,66.67
776746,Ivan Som,Sales,Account Manager,Account Planning; Client Retention; Contract Negotiation; Upselling,Crm (Salesforce),5,4,1,20.0,80.0
776797,Khushi Soman,Sales,Sales Executive,B2B Sales; Communication; Crm; Lead Generation,Contract Closing; Negotiation,6,4,2,33.33,66.67
777134,Heer Kunda,Finance,Accountant,Erp Systems; Excel; Financial Accounting; Quickbooks; Tax Compliance,Auditing,6,5,1,16.67,83.33
777491,Neysa Ravel,HR,HR Manager,Employee Relations; Hris; Labor Law; Performance Management; Talent Acquisition,Leadership,6,5,1,16.67,83.33
777778,Sana Kumar,Finance,Financial Analyst,Excel; Financial Modeling; Power Bi; Valuation,Forecasting; Sql,6,4,2,33.33,66.67
778084,Stuvan Krishna,Marketing,SEO Specialist,Backlink Strategy; Content Optimization; Google Analytics; On-Page Seo,Html / Css Basics,5,4,1,20.0,80.0
778350,Ivana Som,Marketing,SEO Specialist,Content Optimization; Google Analytics; Html / Css Basics; On-Page Seo,Backlink Strategy,5,4,1,20.0,80.0
778582,Shalv Swamy,Finance,Accountant,Erp Systems; Excel; Quickbooks,Auditing; Financial Accounting; Tax Compliance,6,3,3,50.0,50.0
778707,Vihaan Bhatti,Sales,Account Manager,Account Planning; Client Retention; Crm (Salesforce); Upselling,Contract Negotiation,5,4,1,20.0,80.0
778899,Vivaan Wagle,Finance,Accountant,Excel; Quickbooks; Tax Compliance,Auditing; Erp Systems; Financial Accounting,6,3,3,50.0,50.0
779481,Rasha Sundaram,Finance,Auditor,Compliance; Financial Analysis; Internal Auditing; Risk Assessment,Excel; Forensic Accounting,6,4,2,33.33,66.67
779658,Reyansh Setty,Marketing,Content Strategist,Content Auditing; Copywriting; Information Architecture; Seo,User Research,5,4,1,20.0,80.0
779862,Tiya Boase,Finance,Auditor,Compliance; Forensic Accounting; Internal Auditing,Excel; Financial Analysis; Risk Assessment,6,3,3,50.0,50.0
779889,Nayantara Jain,IT,Data Analyst,Power Bi; Python; Tableau,Excel; Sql; Statistical Analysis,6,3,3,50.0,50.0
779924,Aarna Barman,Finance,Accountant,Auditing; Erp Systems; Excel; Quickbooks; Tax Compliance,Financial Accounting,6,5,1,16.67,83.33
780068,Mahika Savant,HR,Employee Relations,Employment Law; Hr Policies; Mediation,Conflict Resolution; Investigation,5,3,2,40.0,60.0
780208,Yasmin Tripathi,HR,Employee Relations,Conflict Resolution; Hr Policies; Investigation,Employment Law; Mediation,5,3,2,40.0,60.0
780301,Anvi Sant,Marketing,Content Strategist,Content Auditing; Information Architecture; Seo,Copywriting; User Research,5,3,2,40.0,60.0
780415,Dishani Manda,Sales,Sales Executive,B2B Sales; Communication; Contract Closing,Crm; Lead Generation; Negotiation,6,3,3,50.0,50.0
780641,Elakshi Lanka,HR,Employee Relations,Conflict Resolution; Employment Law; Hr Policies; Mediation,Investigation,5,4,1,20.0,80.0
781175,Nehmat Chaudhari,Sales,Business Development,Crm; Market Research; Pipeline Management; Strategic Pitching,Partnership Development,5,4,1,20.0,80.0
781744,Pranay Sandal,IT,Software Engineer,Ci/Cd; Docker; Java; Kubernetes,Data Structures; Git; Python,7,4,3,42.86,57.14
781774,Vritika Dar,HR,Recruitment Specialist,Ats; Employer Branding; Salary Negotiation; Technical Sourcing,Interviewing,5,4,1,20.0,80.0
781813,Dharmajan Bhatti,Finance,Financial Analyst,Excel; Forecasting; Power Bi; Sql; Valuation,Financial Modeling,6,5,1,16.67,83.33
781855,Hridaan Swamy,Marketing,Marketing Executive,Google Analytics; Seo,Campaign Management; Content Marketing; Digital Marketing,5,2,3,60.0,40.0
781987,Azad Tara,Finance,Auditor,Compliance; Excel; Financial Analysis; Forensic Accounting; Risk Assessment,Internal Auditing,6,5,1,16.67,83.33
782255,Vedika Varkey,Finance,Accountant,Auditing; Erp Systems; Excel; Financial Accounting; Quickbooks,Tax Compliance,6,5,1,16.67,83.33
782643,Pihu Sarraf,IT,Software Engineer,Ci/Cd; Data Structures; Docker; Kubernetes; Python,Git; Java,7,5,2,28.57,71.43
782808,Amani Rau,Sales,Business Development,Crm; Partnership Development; Pipeline Management,Market Research; Strategic Pitching,5,3,2,40.0,60.0
782846,Oorja Thaman,Finance,Auditor,Excel; Financial Analysis; Risk Assessment,Compliance; Forensic Accounting; Internal Auditing,6,3,3,50.0,50.0
783114,Yasmin Upadhyay,Marketing,SEO Specialist,Backlink Strategy; Content Optimization; Google Analytics; On-Page Seo,Html / Css Basics,5,4,1,20.0,80.0
783333,Anahita Brahmbhatt,Sales,Account Manager,Client Retention; Contract Negotiation; Upselling,Account Planning; Crm (Salesforce),5,3,2,40.0,60.0
783359,Dhanuk Master,HR,Employee Relations,Conflict Resolution; Employment Law; Hr Policies; Mediation,Investigation,5,4,1,20.0,80.0
783454,Divij Chawla,Sales,Sales Executive,B2B Sales; Communication; Contract Closing; Lead Generation; Negotiation,Crm,6,5,1,16.67,83.33
783567,Romil Dani,Finance,Financial Analyst,Financial Modeling; Forecasting; Sql; Valuation,Excel; Power Bi,6,4,2,33.33,66.67
783714,Piya Kulkarni,Marketing,Marketing Executive,Campaign Management; Google Analytics; Seo,Content Marketing; Digital Marketing,5,3,2,40.0,60.0
784115,Siya Chacko,Marketing,Marketing Executive,Campaign Management; Digital Marketing; Google Analytics; Seo,Content Marketing,5,4,1,20.0,80.0
784411,Trisha Mallick,Marketing,SEO Specialist,Backlink Strategy; Content Optimization; On-Page Seo,Google Analytics; Html / Css Basics,5,3,2,40.0,60.0
784449,Pranay Krish,HR,Recruitment Specialist,Employer Branding; Interviewing; Salary Negotiation,Ats; Technical Sourcing,5,3,2,40.0,60.0
784715,Shaan Dugar,Marketing,SEO Specialist,Backlink Strategy; Content Optimization; Html / Css Basics; On-Page Seo,Google Analytics,5,4,1,20.0,80.0
784768,Anika Salvi,Marketing,Marketing Executive,Digital Marketing; Google Analytics; Seo,Campaign Management; Content Marketing,5,3,2,40.0,60.0
784817,Indranil Brahmbhatt,Sales,Sales Executive,B2B Sales; Communication; Contract Closing; Crm; Lead Generation; Negotiation,,6,6,0,0.0,100.0
784897,Nitara Dave,HR,HR Manager,Labor Law; Leadership; Performance Management; Talent Acquisition,Employee Relations; Hris,6,4,2,33.33,66.67
784983,Raghav Mallick,Finance,Financial Analyst,Excel; Forecasting; Sql; Valuation,Financial Modeling; Power Bi,6,4,2,33.33,66.67
785106,Arhaan Jhaveri,HR,Employee Relations,Employment Law; Investigation; Mediation,Conflict Resolution; Hr Policies,5,3,2,40.0,60.0
785165,Nayantara Reddy,Sales,Account Manager,Contract Negotiation; Crm (Salesforce); Upselling,Account Planning; Client Retention,5,3,2,40.0,60.0
785197,Urvi Dhar,Finance,Financial Analyst,Financial Modeling; Power Bi; Valuation,Excel; Forecasting; Sql,6,3,3,50.0,50.0
785523,Tara Chowdhury,HR,Recruitment Specialist,Employer Branding; Interviewing; Salary Negotiation,Ats; Technical Sourcing,5,3,2,40.0,60.0
785822,Vihaan Saraf,HR,Recruitment Specialist,Employer Branding; Interviewing; Salary Negotiation; Technical Sourcing,Ats,5,4,1,20.0,80.0
785923,Darshit Sastry,Sales,Account Manager,Contract Negotiation; Crm (Salesforce); Upselling,Account Planning; Client Retention,5,3,2,40.0,60.0
785949,Anahita Sidhu,HR,Recruitment Specialist,Ats; Salary Negotiation; Technical Sourcing,Employer Branding; Interviewing,5,3,2,40.0,60.0
786317,Trisha Ravi,Finance,Accountant,Auditing; Erp Systems; Excel; Financial Accounting; Tax Compliance,Quickbooks,6,5,1,16.67,83.33
786330,Indrans Sane,HR,Recruitment Specialist,Interviewing; Salary Negotiation; Technical Sourcing,Ats; Employer Branding,5,3,2,40.0,60.0
786418,Aayush Dar,IT,Cybersecurity Specialist,Cryptography; Incident Response; Network Security; Penetration Testing; Siem,Python,6,5,1,16.67,83.33
786419,Tiya Bumb,IT,Cybersecurity Specialist,Cryptography; Network Security; Penetration Testing; Python,Incident Response; Siem,6,4,2,33.33,66.67
786546,Miraan Thakkar,Sales,Account Manager,Client Retention; Contract Negotiation; Upselling,Account Planning; Crm (Salesforce),5,3,2,40.0,60.0
786623,Jivin Buch,Marketing,Marketing Executive,Campaign Management; Content Marketing; Digital Marketing; Seo,Google Analytics,5,4,1,20.0,80.0
786662,Umang Savant,IT,Data Analyst,Power Bi; Sql; Statistical Analysis; Tableau,Excel; Python,6,4,2,33.33,66.67
786766,Riaan Tak,Finance,Accountant,Auditing; Erp Systems; Financial Accounting; Quickbooks,Excel; Tax Compliance,6,4,2,33.33,66.67
786801,Madhup Chand,Marketing,Marketing Executive,Campaign Management; Digital Marketing; Google Analytics,Content Marketing; Seo,5,3,2,40.0,60.0
786966,Hazel Amble,IT,Data Analyst,Excel; Power Bi; Python; Statistical Analysis; Tableau,Sql,6,5,1,16.67,83.33
786981,Akarsh Venkatesh,HR,Recruitment Specialist,Ats; Employer Branding; Salary Negotiation; Technical Sourcing,Interviewing,5,4,1,20.0,80.0
787047,Inaaya  Bawa,Finance,Financial Analyst,Excel; Forecasting; Power Bi; Sql; Valuation,Financial Modeling,6,5,1,16.67,83.33
787133,Shamik Chowdhury,Sales,Business Development,Partnership Development; Pipeline Management; Strategic Pitching,Crm; Market Research,5,3,2,40.0,60.0
787247,Vidur Sundaram,IT,Software Engineer,Ci/Cd; Data Structures; Docker; Java,Git; Kubernetes; Python,7,4,3,42.86,57.14
787273,Vritika Ram,Marketing,Marketing Executive,Campaign Management; Digital Marketing; Google Analytics; Seo,Content Marketing,5,4,1,20.0,80.0
787328,Manjari Dyal,Sales,Business Development,Crm; Market Research; Partnership Development,Pipeline Management; Strategic Pitching,5,3,2,40.0,60.0
787579,Gokul Sami,Finance,Auditor,Compliance; Financial Analysis; Forensic Accounting; Internal Auditing; Risk Assessment,Excel,6,5,1,16.67,83.33
787645,Tushar Dada,HR,Employee Relations,Conflict Resolution; Employment Law; Hr Policies; Investigation,Mediation,5,4,1,20.0,80.0
787897,Myra Contractor,IT,Data Analyst,Excel; Power Bi; Python; Sql; Tableau,Statistical Analysis,6,5,1,16.67,83.33
788011,Taran Magar,Finance,Financial Analyst,Financial Modeling; Forecasting; Power Bi; Sql; Valuation,Excel,6,5,1,16.67,83.33
788096,Purab Borah,Sales,Account Manager,Account Planning; Client Retention; Crm (Salesforce),Contract Negotiation; Upselling,5,3,2,40.0,60.0
788363,Neelofar Bansal,Finance,Accountant,Auditing; Financial Accounting; Quickbooks; Tax Compliance,Erp Systems; Excel,6,4,2,33.33,66.67
788487,Darshit Ranganathan,HR,HR Manager,Employee Relations; Hris; Labor Law; Performance Management; Talent Acquisition,Leadership,6,5,1,16.67,83.33
788693,Amani Dara,Marketing,Marketing Executive,Digital Marketing; Google Analytics; Seo,Campaign Management; Content Marketing,5,3,2,40.0,60.0
789196,Umang Koshy,HR,Employee Relations,Conflict Resolution; Employment Law; Investigation,Hr Policies; Mediation,5,3,2,40.0,60.0
789914,Madhav Solanki,Marketing,SEO Specialist,Backlink Strategy; Content Optimization; Google Analytics; Html / Css Basics,On-Page Seo,5,4,1,20.0,80.0
790106,Hazel Lall,Finance,Auditor,Compliance; Excel; Forensic Accounting; Internal Auditing; Risk Assessment,Financial Analysis,6,5,1,16.67,83.33
790124,Aaryahi Bhandari,Sales,Sales Executive,Communication; Contract Closing; Lead Generation; Negotiation,B2B Sales; Crm,6,4,2,33.33,66.67
790331,Anika Bhat,Sales,Business Development,Market Research; Partnership Development; Strategic Pitching,Crm; Pipeline Management,5,3,2,40.0,60.0
790332,Miraan Shetty,Marketing,Content Strategist,Content Auditing; Seo; User Research,Copywriting; Information Architecture,5,3,2,40.0,60.0
790512,Shayak Savant,Finance,Financial Analyst,Excel; Financial Modeling; Forecasting; Power Bi; Valuation,Sql,6,5,1,16.67,83.33
791130,Navya Char,Finance,Accountant,Erp Systems; Excel; Quickbooks; Tax Compliance,Auditing; Financial Accounting,6,4,2,33.33,66.67
791313,Kiaan Bali,Sales,Account Manager,Client Retention; Contract Negotiation; Upselling,Account Planning; Crm (Salesforce),5,3,2,40.0,60.0
791428,Diya Chaudhari,HR,Employee Relations,Conflict Resolution; Investigation; Mediation,Employment Law; Hr Policies,5,3,2,40.0,60.0
791456,Zaina Singhal,Sales,Account Manager,Account Planning; Contract Negotiation; Crm (Salesforce),Client Retention; Upselling,5,3,2,40.0,60.0
791553,Taran Dutta,HR,HR Manager,Employee Relations; Hris; Labor Law; Leadership; Performance Management,Talent Acquisition,6,5,1,16.67,83.33
791583,Baiju Bhatia,Sales,Account Manager,Account Planning; Client Retention; Contract Negotiation; Upselling,Crm (Salesforce),5,4,1,20.0,80.0
791732,Gokul Kumer,Marketing,Marketing Executive,Content Marketing; Digital Marketing; Google Analytics,Campaign Management; Seo,5,3,2,40.0,60.0
792276,Ela Sibal,Finance,Auditor,Compliance; Financial Analysis; Forensic Accounting; Risk Assessment,Excel; Internal Auditing,6,4,2,33.33,66.67
792704,Zara Tara,IT,Software Engineer,Ci/Cd; Data Structures; Docker; Git; Java; Python,Kubernetes,7,6,1,14.29,85.71
793554,Jivika Gaba,IT,Data Analyst,Excel; Power Bi; Python; Sql; Tableau,Statistical Analysis,6,5,1,16.67,83.33
793880,Uthkarsh Loyal,IT,Cybersecurity Specialist,Cryptography; Network Security; Python,Incident Response; Penetration Testing; Siem,6,3,3,50.0,50.0
793928,Indrans Luthra,Marketing,Marketing Executive,Campaign Management; Google Analytics; Seo,Content Marketing; Digital Marketing,5,3,2,40.0,60.0
793996,Stuvan Dada,Finance,Auditor,Compliance; Excel; Financial Analysis; Forensic Accounting; Risk Assessment,Internal Auditing,6,5,1,16.67,83.33
794003,Hiran Soman,Sales,Sales Executive,Communication; Contract Closing; Crm; Lead Generation,B2B Sales; Negotiation,6,4,2,33.33,66.67
794019,Adah Deep,Marketing,Marketing Executive,Campaign Management; Digital Marketing; Seo,Content Marketing; Google Analytics,5,3,2,40.0,60.0
794196,Indrans Bal,HR,Recruitment Specialist,Ats; Employer Branding; Interviewing; Salary Negotiation,Technical Sourcing,5,4,1,20.0,80.0
794243,Faiyaz Lanka,Marketing,SEO Specialist,Backlink Strategy; Content Optimization; Google Analytics; Html / Css Basics,On-Page Seo,5,4,1,20.0,80.0
794296,Pari Gola,Finance,Financial Analyst,Excel; Financial Modeling; Forecasting; Power Bi; Valuation,Sql,6,5,1,16.67,83.33
794350,Nehmat Karnik,Sales,Sales Executive,B2B Sales; Communication; Contract Closing; Negotiation,Crm; Lead Generation,6,4,2,33.33,66.67
794499,Gatik Ramesh,Finance,Financial Analyst,Excel; Forecasting; Power Bi; Valuation,Financial Modeling; Sql,6,4,2,33.33,66.67
794666,Vivaan Sahota,IT,Cybersecurity Specialist,Incident Response; Penetration Testing; Python,Cryptography; Network Security; Siem,6,3,3,50.0,50.0
794709,Mamooty Ganesh,Sales,Business Development,Crm; Market Research; Partnership Development; Strategic Pitching,Pipeline Management,5,4,1,20.0,80.0
794803,Myra Wadhwa,Finance,Auditor,Excel; Forensic Accounting; Internal Auditing; Risk Assessment,Compliance; Financial Analysis,6,4,2,33.33,66.67
794815,Himmat Mangat,Sales,Sales Executive,Contract Closing; Crm; Lead Generation,B2B Sales; Communication; Negotiation,6,3,3,50.0,50.0
795310,Raunak Konda,IT,Data Analyst,Excel; Sql; Statistical Analysis; Tableau,Power Bi; Python,6,4,2,33.33,66.67
795499,Vritika Bhalla,IT,Software Engineer,Data Structures; Docker; Git; Kubernetes; Python,Ci/Cd; Java,7,5,2,28.57,71.43
795511,Hunar Biswas,IT,Software Engineer,Ci/Cd; Docker; Kubernetes; Python,Data Structures; Git; Java,7,4,3,42.86,57.14
795903,Aaina Vyas,HR,Recruitment Specialist,Ats; Salary Negotiation,Employer Branding; Interviewing; Technical Sourcing,5,2,3,60.0,40.0
795970,Aayush Samra,IT,Cybersecurity Specialist,Network Security; Penetration Testing; Siem,Cryptography; Incident Response; Python,6,3,3,50.0,50.0
796248,Zaina Lala,Finance,Accountant,Erp Systems; Excel; Financial Accounting; Quickbooks,Auditing; Tax Compliance,6,4,2,33.33,66.67
796440,Ahana  Sathe,Finance,Accountant,Auditing; Excel; Financial Accounting; Quickbooks,Erp Systems; Tax Compliance,6,4,2,33.33,66.67
796535,Kiara Tara,IT,Cybersecurity Specialist,Cryptography; Incident Response; Network Security; Penetration Testing,Python; Siem,6,4,2,33.33,66.67
796792,Jayan Lalla,HR,Employee Relations,Conflict Resolution; Investigation; Mediation,Employment Law; Hr Policies,5,3,2,40.0,60.0
797065,Anvi Sodhi,Sales,Account Manager,Account Planning; Client Retention; Contract Negotiation,Crm (Salesforce); Upselling,5,3,2,40.0,60.0
797291,Yashvi Cherian,IT,Cybersecurity Specialist,Cryptography; Incident Response; Network Security; Siem,Penetration Testing; Python,6,4,2,33.33,66.67
797986,Ira Jayaraman,Finance,Auditor,Compliance; Excel; Financial Analysis; Forensic Accounting; Risk Assessment,Internal Auditing,6,5,1,16.67,83.33
798350,Eshani Khalsa,HR,Recruitment Specialist,Ats; Employer Branding; Interviewing; Technical Sourcing,Salary Negotiation,5,4,1,20.0,80.0
798459,Madhup Ganguly,HR,HR Manager,Employee Relations; Hris; Labor Law; Leadership; Performance Management,Talent Acquisition,6,5,1,16.67,83.33
799013,Ela Dutt,Finance,Accountant,Erp Systems; Excel; Financial Accounting; Quickbooks,Auditing; Tax Compliance,6,4,2,33.33,66.67
799194,Trisha Mane,Sales,Business Development,Partnership Development; Strategic Pitching,Crm; Market Research; Pipeline Management,5,2,3,60.0,40.0
799217,Veer Sani,Finance,Financial Analyst,Excel; Financial Modeling; Forecasting,Power Bi; Sql; Valuation,6,3,3,50.0,50.0
799346,Oorja Tank,IT,Software Engineer,Ci/Cd; Data Structures; Docker; Git; Kubernetes,Java; Python,7,5,2,28.57,71.43
799372,Hridaan Choudhury,Marketing,SEO Specialist,Backlink Strategy; Content Optimization; Google Analytics; Html / Css Basics,On-Page Seo,5,4,1,20.0,80.0
799579,Farhan Wagle,IT,Software Engineer,Ci/Cd; Docker; Java; Kubernetes; Python,Data Structures; Git,7,5,2,28.57,71.43
799671,Sara Chad,IT,Software Engineer,Data Structures; Docker; Git; Kubernetes; Python,Ci/Cd; Java,7,5,2,28.57,71.43
799701,Bhavin Gulati,HR,HR Manager,Employee Relations; Hris; Leadership; Talent Acquisition,Labor Law; Performance Management,6,4,2,33.33,66.67
799916,Zaina Mangat,HR,Employee Relations,Employment Law; Investigation; Mediation,Conflict Resolution; Hr Policies,5,3,2,40.0,60.0
800074,Yasmin Sule,Marketing,SEO Specialist,Content Optimization; Google Analytics; On-Page Seo,Backlink Strategy; Html / Css Basics,5,3,2,40.0,60.0
800277,Dhruv Bains,Finance,Accountant,Erp Systems; Excel; Financial Accounting; Quickbooks; Tax Compliance,Auditing,6,5,1,16.67,83.33
800323,Kavya Mani,HR,HR Manager,Employee Relations; Hris; Labor Law; Performance Management; Talent Acquisition,Leadership,6,5,1,16.67,83.33
800784,Akarsh Dhar,Marketing,SEO Specialist,Html / Css Basics; On-Page Seo,Backlink Strategy; Content Optimization; Google Analytics,5,2,3,60.0,40.0
800901,Tarini Deol,IT,Data Analyst,Python; Sql; Statistical Analysis; Tableau,Excel; Power Bi,6,4,2,33.33,66.67
801023,Taimur Kar,Marketing,Content Strategist,Content Auditing; Copywriting; Seo; User Research,Information Architecture,5,4,1,20.0,80.0
801178,Kartik Mane,Sales,Sales Executive,Communication; Contract Closing; Crm; Negotiation,B2B Sales; Lead Generation,6,4,2,33.33,66.67
801732,Fateh Dara,IT,Data Analyst,Excel; Python; Sql; Statistical Analysis,Power Bi; Tableau,6,4,2,33.33,66.67
802022,Advika Saxena,Marketing,SEO Specialist,Backlink Strategy; Content Optimization; Html / Css Basics; On-Page Seo,Google Analytics,5,4,1,20.0,80.0
802371,Nirvaan Bajwa,IT,Software Engineer,Ci/Cd; Git; Java; Kubernetes; Python,Data Structures; Docker,7,5,2,28.57,71.43
802656,Jayesh Baria,Finance,Accountant,Auditing; Excel; Financial Accounting; Quickbooks; Tax Compliance,Erp Systems,6,5,1,16.67,83.33
802816,Riya Sekhon,Finance,Auditor,Compliance; Excel; Financial Analysis; Forensic Accounting; Risk Assessment,Internal Auditing,6,5,1,16.67,83.33
802885,Hansh Dhar,Sales,Sales Executive,Communication; Contract Closing; Crm; Lead Generation,B2B Sales; Negotiation,6,4,2,33.33,66.67
803122,Armaan Sood,HR,HR Manager,Labor Law; Leadership; Talent Acquisition,Employee Relations; Hris; Performance Management,6,3,3,50.0,50.0
803262,Divij Dada,IT,Data Analyst,Excel; Power Bi; Python; Sql,Statistical Analysis; Tableau,6,4,2,33.33,66.67
803317,Aaryahi Sagar,Sales,Business Development,Crm; Market Research; Partnership Development; Strategic Pitching,Pipeline Management,5,4,1,20.0,80.0
803323,Hridaan Shukla,Finance,Auditor,Excel; Financial Analysis; Forensic Accounting; Internal Auditing,Compliance; Risk Assessment,6,4,2,33.33,66.67
803478,Ahana  Bala,Marketing,SEO Specialist,Google Analytics; Html / Css Basics,Backlink Strategy; Content Optimization; On-Page Seo,5,2,3,60.0,40.0
803681,Vritika Kala,Sales,Account Manager,Account Planning; Client Retention; Contract Negotiation,Crm (Salesforce); Upselling,5,3,2,40.0,60.0
804227,Samarth Edwin,HR,Recruitment Specialist,Ats; Employer Branding; Salary Negotiation,Interviewing; Technical Sourcing,5,3,2,40.0,60.0
804321,Dharmajan Basak,Sales,Business Development,Crm; Market Research; Partnership Development,Pipeline Management; Strategic Pitching,5,3,2,40.0,60.0
804602,Trisha Chacko,Finance,Auditor,Financial Analysis; Forensic Accounting; Internal Auditing; Risk Assessment,Compliance; Excel,6,4,2,33.33,66.67
804659,Miraya Bhat,HR,HR Manager,Hris; Labor Law; Talent Acquisition,Employee Relations; Leadership; Performance Management,6,3,3,50.0,50.0
804964,Shanaya Wali,Sales,Sales Executive,B2B Sales; Communication; Contract Closing; Negotiation,Crm; Lead Generation,6,4,2,33.33,66.67
805133,Arnav Soman,Sales,Sales Executive,B2B Sales; Communication; Contract Closing; Crm; Negotiation,Lead Generation,6,5,1,16.67,83.33
805154,Dhanush Sehgal,HR,HR Manager,Hris; Performance Management; Talent Acquisition,Employee Relations; Labor Law; Leadership,6,3,3,50.0,50.0
805164,Nirvi Bose,HR,HR Manager,Employee Relations; Hris; Labor Law; Performance Management,Leadership; Talent Acquisition,6,4,2,33.33,66.67
805688,Anahita Khatri,Finance,Auditor,Compliance; Excel; Financial Analysis; Internal Auditing,Forensic Accounting; Risk Assessment,6,4,2,33.33,66.67
805972,Lakshay Saxena,HR,HR Manager,Employee Relations; Hris; Leadership; Performance Management; Talent Acquisition,Labor Law,6,5,1,16.67,83.33
806061,Hunar Chacko,HR,Recruitment Specialist,Ats; Employer Branding; Interviewing; Salary Negotiation,Technical Sourcing,5,4,1,20.0,80.0
806159,Vihaan Mangal,Sales,Account Manager,Account Planning; Client Retention; Contract Negotiation,Crm (Salesforce); Upselling,5,3,2,40.0,60.0
806233,Baiju Kanda,IT,Software Engineer,Ci/Cd; Data Structures; Java; Python,Docker; Git; Kubernetes,7,4,3,42.86,57.14
807043,Vivaan Sane,Marketing,Content Strategist,Copywriting; Information Architecture; Seo; User Research,Content Auditing,5,4,1,20.0,80.0
807102,Arhaan Devan,Finance,Financial Analyst,Excel; Financial Modeling; Valuation,Forecasting; Power Bi; Sql,6,3,3,50.0,50.0
807421,Arnav Bassi,Finance,Accountant,Auditing; Excel; Quickbooks,Erp Systems; Financial Accounting; Tax Compliance,6,3,3,50.0,50.0
808258,Alisha Balay,Sales,Business Development,Market Research; Partnership Development; Pipeline Management; Strategic Pitching,Crm,5,4,1,20.0,80.0
808571,Advika Jain,IT,Software Engineer,Data Structures; Docker; Git; Java; Kubernetes; Python,Ci/Cd,7,6,1,14.29,85.71
808742,Jiya Iyengar,Marketing,Marketing Executive,Content Marketing; Digital Marketing; Google Analytics,Campaign Management; Seo,5,3,2,40.0,60.0
808996,Aradhya Chaudhuri,HR,Employee Relations,Conflict Resolution; Hr Policies,Employment Law; Investigation; Mediation,5,2,3,60.0,40.0
809020,Samar Shankar,Sales,Sales Executive,Communication; Crm; Lead Generation; Negotiation,B2B Sales; Contract Closing,6,4,2,33.33,66.67
809065,Shalv Aurora,Sales,Sales Executive,B2B Sales; Communication; Contract Closing; Lead Generation; Negotiation,Crm,6,5,1,16.67,83.33
809194,Advika Grewal,Finance,Financial Analyst,Excel; Financial Modeling; Forecasting; Power Bi; Valuation,Sql,6,5,1,16.67,83.33
809309,Nirvi Thaker,HR,HR Manager,Employee Relations; Hris; Labor Law; Talent Acquisition,Leadership; Performance Management,6,4,2,33.33,66.67
809318,Nirvi Ramachandran,Finance,Financial Analyst,Excel; Financial Modeling; Power Bi; Sql; Valuation,Forecasting,6,5,1,16.67,83.33
809374,Kiaan Sem,IT,Software Engineer,Data Structures; Git; Java; Kubernetes; Python,Ci/Cd; Docker,7,5,2,28.57,71.43
809491,Manjari Varghese,IT,Cybersecurity Specialist,Incident Response; Network Security; Penetration Testing; Python,Cryptography; Siem,6,4,2,33.33,66.67
809907,Anay Contractor,Marketing,SEO Specialist,Backlink Strategy; Google Analytics; Html / Css Basics,Content Optimization; On-Page Seo,5,3,2,40.0,60.0
810096,Manikya Mander,Sales,Account Manager,Account Planning; Contract Negotiation; Crm (Salesforce); Upselling,Client Retention,5,4,1,20.0,80.0
810352,Tejas Dass,Sales,Sales Executive,Communication; Contract Closing; Lead Generation; Negotiation,B2B Sales; Crm,6,4,2,33.33,66.67
810497,Lakshay Kant,Marketing,SEO Specialist,Backlink Strategy; Content Optimization; Google Analytics; Html / Css Basics,On-Page Seo,5,4,1,20.0,80.0
810690,Zara Mahal,Marketing,Marketing Executive,Campaign Management; Content Marketing; Digital Marketing,Google Analytics; Seo,5,3,2,40.0,60.0
810728,Aarav Sarkar,HR,Employee Relations,Conflict Resolution; Employment Law; Investigation,Hr Policies; Mediation,5,3,2,40.0,60.0
811225,Amira Kumar,IT,Data Analyst,Power Bi; Python; Sql; Statistical Analysis,Excel; Tableau,6,4,2,33.33,66.67
811657,Kashvi Varughese,HR,Recruitment Specialist,Ats; Interviewing; Salary Negotiation; Technical Sourcing,Employer Branding,5,4,1,20.0,80.0
811762,Renee Mannan,Sales,Account Manager,Account Planning; Client Retention; Crm (Salesforce),Contract Negotiation; Upselling,5,3,2,40.0,60.0
811956,Rania Tank,Sales,Sales Executive,B2B Sales; Contract Closing; Crm; Negotiation,Communication; Lead Generation,6,4,2,33.33,66.67
812203,Samarth Sethi,Finance,Auditor,Excel; Forensic Accounting; Internal Auditing; Risk Assessment,Compliance; Financial Analysis,6,4,2,33.33,66.67
812378,Bhavin Rajagopalan,HR,Employee Relations,Employment Law; Hr Policies; Investigation; Mediation,Conflict Resolution,5,4,1,20.0,80.0
812606,Hazel Thakkar,Marketing,Content Strategist,Content Auditing; Information Architecture; Seo,Copywriting; User Research,5,3,2,40.0,60.0
812708,Kavya Khalsa,Finance,Auditor,Excel; Financial Analysis; Internal Auditing; Risk Assessment,Compliance; Forensic Accounting,6,4,2,33.33,66.67
812887,Bhavin Subramaniam,HR,Employee Relations,Conflict Resolution; Hr Policies; Mediation,Employment Law; Investigation,5,3,2,40.0,60.0
812902,Misha Saran,Sales,Sales Executive,Contract Closing; Lead Generation; Negotiation,B2B Sales; Communication; Crm,6,3,3,50.0,50.0
812942,Kashvi Ahuja,Finance,Accountant,Auditing; Erp Systems; Quickbooks,Excel; Financial Accounting; Tax Compliance,6,3,3,50.0,50.0
813376,Inaaya  Karan,HR,Recruitment Specialist,Employer Branding; Salary Negotiation; Technical Sourcing,Ats; Interviewing,5,3,2,40.0,60.0
813536,Ryan Sankaran,HR,Employee Relations,Conflict Resolution; Employment Law; Investigation; Mediation,Hr Policies,5,4,1,20.0,80.0
813679,Bhamini Kalla,Marketing,Marketing Executive,Campaign Management; Content Marketing; Google Analytics; Seo,Digital Marketing,5,4,1,20.0,80.0
813867,Aayush Raman,IT,Cybersecurity Specialist,Cryptography; Incident Response; Penetration Testing; Python; Siem,Network Security,6,5,1,16.67,83.33
814101,Divyansh Kaur,Marketing,SEO Specialist,Backlink Strategy; Google Analytics; On-Page Seo,Content Optimization; Html / Css Basics,5,3,2,40.0,60.0
814171,Hansh Baria,HR,HR Manager,Employee Relations; Labor Law; Performance Management,Hris; Leadership; Talent Acquisition,6,3,3,50.0,50.0
814209,Aaryahi Gaba,Marketing,SEO Specialist,Backlink Strategy; Content Optimization; On-Page Seo,Google Analytics; Html / Css Basics,5,3,2,40.0,60.0
814478,Lakshay Anand,IT,Software Engineer,Ci/Cd; Git; Java; Python,Data Structures; Docker; Kubernetes,7,4,3,42.86,57.14
814503,Mehul Maharaj,Marketing,Content Strategist,Content Auditing; Information Architecture; Seo; User Research,Copywriting,5,4,1,20.0,80.0
814951,Purab Sachdeva,Sales,Account Manager,Client Retention; Contract Negotiation; Crm (Salesforce),Account Planning; Upselling,5,3,2,40.0,60.0
815454,Pari Wason,HR,Employee Relations,Employment Law; Investigation; Mediation,Conflict Resolution; Hr Policies,5,3,2,40.0,60.0
815458,Aarav Shere,HR,Recruitment Specialist,Ats; Interviewing; Salary Negotiation; Technical Sourcing,Employer Branding,5,4,1,20.0,80.0
815582,Pihu Kunda,Finance,Accountant,Auditing; Erp Systems; Financial Accounting; Tax Compliance,Excel; Quickbooks,6,4,2,33.33,66.67
815629,Ranbir Sandal,IT,Data Analyst,Excel; Python; Statistical Analysis; Tableau,Power Bi; Sql,6,4,2,33.33,66.67
815734,Kismat Sankar,Marketing,Content Strategist,Information Architecture; Seo; User Research,Content Auditing; Copywriting,5,3,2,40.0,60.0
815960,Samiha Sachdeva,Finance,Accountant,Erp Systems; Financial Accounting; Quickbooks,Auditing; Excel; Tax Compliance,6,3,3,50.0,50.0
816016,Tanya Kara,IT,Software Engineer,Ci/Cd; Data Structures; Docker; Git; Kubernetes; Python,Java,7,6,1,14.29,85.71
816066,Aarush Soman,Sales,Business Development,Crm; Market Research; Pipeline Management,Partnership Development; Strategic Pitching,5,3,2,40.0,60.0
816329,Nayantara Dar,HR,Recruitment Specialist,Ats; Employer Branding; Interviewing; Technical Sourcing,Salary Negotiation,5,4,1,20.0,80.0
816400,Vidur Gandhi,Finance,Auditor,Excel; Financial Analysis; Forensic Accounting; Risk Assessment,Compliance; Internal Auditing,6,4,2,33.33,66.67
816428,Neelofar Grover,HR,HR Manager,Hris; Leadership; Performance Management; Talent Acquisition,Employee Relations; Labor Law,6,4,2,33.33,66.67
816553,Kiara Sunder,HR,HR Manager,Labor Law; Leadership; Performance Management; Talent Acquisition,Employee Relations; Hris,6,4,2,33.33,66.67
816666,Ela Chaudry,Sales,Sales Executive,Communication; Contract Closing; Negotiation,B2B Sales; Crm; Lead Generation,6,3,3,50.0,50.0
816930,Zaina Dube,Sales,Sales Executive,B2B Sales; Communication; Contract Closing; Lead Generation; Negotiation,Crm,6,5,1,16.67,83.33
817183,Vardaniya Dubey,HR,Employee Relations,Conflict Resolution; Hr Policies; Investigation; Mediation,Employment Law,5,4,1,20.0,80.0
817248,Indranil Srinivasan,Marketing,SEO Specialist,Backlink Strategy; Google Analytics; On-Page Seo,Content Optimization; Html / Css Basics,5,3,2,40.0,60.0
817294,Sana Srivastava,Sales,Business Development,Market Research; Pipeline Management; Strategic Pitching,Crm; Partnership Development,5,3,2,40.0,60.0
817420,Kavya Sawhney,Sales,Account Manager,Account Planning; Client Retention; Crm (Salesforce),Contract Negotiation; Upselling,5,3,2,40.0,60.0
817516,Tejas Gupta,IT,Data Analyst,Power Bi; Python; Statistical Analysis,Excel; Sql; Tableau,6,3,3,50.0,50.0
817854,Zoya Sarna,Sales,Business Development,Crm; Market Research,Partnership Development; Pipeline Management; Strategic Pitching,5,2,3,60.0,40.0
817943,Indranil Vyas,Finance,Accountant,Erp Systems; Excel; Financial Accounting; Quickbooks; Tax Compliance,Auditing,6,5,1,16.67,83.33
818099,Onkar Dugar,IT,Software Engineer,Ci/Cd; Git; Java; Kubernetes; Python,Data Structures; Docker,7,5,2,28.57,71.43
818293,Pihu Upadhyay,Marketing,SEO Specialist,Backlink Strategy; Html / Css Basics; On-Page Seo,Content Optimization; Google Analytics,5,3,2,40.0,60.0
818673,Yasmin Rastogi,Marketing,SEO Specialist,Backlink Strategy; Google Analytics; Html / Css Basics; On-Page Seo,Content Optimization,5,4,1,20.0,80.0
818722,Mamooty Dasgupta,Finance,Financial Analyst,Excel; Financial Modeling; Forecasting; Valuation,Power Bi; Sql,6,4,2,33.33,66.67
818902,Ryan Sarin,HR,Recruitment Specialist,Ats; Salary Negotiation; Technical Sourcing,Employer Branding; Interviewing,5,3,2,40.0,60.0
818984,Tejas Buch,Finance,Financial Analyst,Financial Modeling; Power Bi; Sql; Valuation,Excel; Forecasting,6,4,2,33.33,66.67
819626,Vedika Dani,IT,Cybersecurity Specialist,Cryptography; Incident Response; Network Security; Penetration Testing,Python; Siem,6,4,2,33.33,66.67
819727,Aayush Balan,Marketing,Marketing Executive,Campaign Management; Content Marketing,Digital Marketing; Google Analytics; Seo,5,2,3,60.0,40.0
819942,Jiya Sami,Sales,Business Development,Crm; Market Research; Partnership Development,Pipeline Management; Strategic Pitching,5,3,2,40.0,60.0
820451,Tara Wali,HR,HR Manager,Employee Relations; Hris; Labor Law; Performance Management; Talent Acquisition,Leadership,6,5,1,16.67,83.33
820728,Diya Korpal,HR,Recruitment Specialist,Ats; Interviewing; Technical Sourcing,Employer Branding; Salary Negotiation,5,3,2,40.0,60.0
821313,Piya Rajagopalan,Sales,Account Manager,Client Retention; Upselling,Account Planning; Contract Negotiation; Crm (Salesforce),5,2,3,60.0,40.0
821580,Shanaya Borra,HR,HR Manager,Employee Relations; Hris; Labor Law; Leadership,Performance Management; Talent Acquisition,6,4,2,33.33,66.67
821773,Romil Salvi,HR,Employee Relations,Employment Law; Hr Policies; Investigation,Conflict Resolution; Mediation,5,3,2,40.0,60.0
821807,Himmat Balasubramanian,HR,HR Manager,Employee Relations; Hris; Labor Law; Performance Management,Leadership; Talent Acquisition,6,4,2,33.33,66.67
821875,Manjari Kakar,HR,Recruitment Specialist,Ats; Interviewing; Salary Negotiation,Employer Branding; Technical Sourcing,5,3,2,40.0,60.0
821885,Ivana Sur,HR,HR Manager,Employee Relations; Hris; Leadership; Performance Management,Labor Law; Talent Acquisition,6,4,2,33.33,66.67
822018,Arnav Dugar,Sales,Business Development,Crm; Market Research; Partnership Development; Pipeline Management,Strategic Pitching,5,4,1,20.0,80.0
822392,Vaibhav Edwin,Sales,Business Development,Crm; Market Research; Pipeline Management; Strategic Pitching,Partnership Development,5,4,1,20.0,80.0
822519,Drishya Loke,Finance,Accountant,Auditing; Erp Systems; Financial Accounting; Quickbooks,Excel; Tax Compliance,6,4,2,33.33,66.67
822543,Bhamini Shankar,IT,Software Engineer,Ci/Cd; Data Structures; Docker; Git; Java; Kubernetes,Python,7,6,1,14.29,85.71
823013,Ishita Setty,Finance,Accountant,Auditing; Erp Systems; Financial Accounting; Tax Compliance,Excel; Quickbooks,6,4,2,33.33,66.67
823308,Lavanya Korpal,Sales,Account Manager,Client Retention; Contract Negotiation; Crm (Salesforce); Upselling,Account Planning,5,4,1,20.0,80.0
823424,Aarav Chaudhuri,Finance,Financial Analyst,Excel; Forecasting; Power Bi; Sql; Valuation,Financial Modeling,6,5,1,16.67,83.33
823513,Anahita Goswami,Sales,Business Development,Crm; Market Research; Partnership Development; Pipeline Management,Strategic Pitching,5,4,1,20.0,80.0
823527,Khushi Ram,Sales,Sales Executive,B2B Sales; Communication; Negotiation,Contract Closing; Crm; Lead Generation,6,3,3,50.0,50.0
824223,Kanav Bora,HR,HR Manager,Hris; Labor Law; Talent Acquisition,Employee Relations; Leadership; Performance Management,6,3,3,50.0,50.0
824348,Hiran Rama,Finance,Auditor,Compliance; Excel; Forensic Accounting; Internal Auditing; Risk Assessment,Financial Analysis,6,5,1,16.67,83.33
824403,Aradhya Saran,Finance,Accountant,Auditing; Erp Systems; Excel; Quickbooks; Tax Compliance,Financial Accounting,6,5,1,16.67,83.33
824922,Jhanvi Wable,Marketing,Content Strategist,Content Auditing; Copywriting; Information Architecture,Seo; User Research,5,3,2,40.0,60.0
824955,Tanya De,Sales,Account Manager,Contract Negotiation; Crm (Salesforce); Upselling,Account Planning; Client Retention,5,3,2,40.0,60.0
825317,Ritvik Wali,Sales,Account Manager,Account Planning; Client Retention; Contract Negotiation; Crm (Salesforce),Upselling,5,4,1,20.0,80.0
825486,Aarush Sheth,IT,Data Analyst,Excel; Python; Statistical Analysis,Power Bi; Sql; Tableau,6,3,3,50.0,50.0
825857,Tara Dora,Sales,Account Manager,Client Retention; Contract Negotiation; Crm (Salesforce); Upselling,Account Planning,5,4,1,20.0,80.0
826217,Aarav Gade,Sales,Sales Executive,B2B Sales; Contract Closing; Lead Generation; Negotiation,Communication; Crm,6,4,2,33.33,66.67
826224,Arhaan Singhal,Sales,Sales Executive,B2B Sales; Communication; Contract Closing; Lead Generation; Negotiation,Crm,6,5,1,16.67,83.33
826259,Misha Sama,Marketing,SEO Specialist,Backlink Strategy; Html / Css Basics; On-Page Seo,Content Optimization; Google Analytics,5,3,2,40.0,60.0
826290,Sahil Ganesh,HR,Recruitment Specialist,Ats; Employer Branding; Salary Negotiation; Technical Sourcing,Interviewing,5,4,1,20.0,80.0
826319,Indrajit Deol,IT,Cybersecurity Specialist,Network Security; Penetration Testing; Python,Cryptography; Incident Response; Siem,6,3,3,50.0,50.0
826413,Arhaan Bala,Sales,Sales Executive,Communication; Contract Closing; Crm; Lead Generation; Negotiation,B2B Sales,6,5,1,16.67,83.33
826662,Rania Ramachandran,Marketing,Marketing Executive,Campaign Management; Content Marketing; Seo,Digital Marketing; Google Analytics,5,3,2,40.0,60.0
826752,Akarsh Jain,Finance,Auditor,Compliance; Financial Analysis; Forensic Accounting; Risk Assessment,Excel; Internal Auditing,6,4,2,33.33,66.67
826954,Jiya Gara,Marketing,Content Strategist,Content Auditing; Copywriting; Information Architecture; User Research,Seo,5,4,1,20.0,80.0
827080,Madhup Bora,Sales,Account Manager,Account Planning; Client Retention; Contract Negotiation,Crm (Salesforce); Upselling,5,3,2,40.0,60.0
827183,Hrishita Mangal,IT,Data Analyst,Excel; Power Bi; Sql; Tableau,Python; Statistical Analysis,6,4,2,33.33,66.67
827512,Hiran Iyer,Marketing,Marketing Executive,Content Marketing; Digital Marketing; Google Analytics; Seo,Campaign Management,5,4,1,20.0,80.0
827716,Jivika Sur,HR,Employee Relations,Employment Law; Hr Policies; Mediation,Conflict Resolution; Investigation,5,3,2,40.0,60.0
827749,Vaibhav Saxena,Sales,Business Development,Crm; Market Research; Partnership Development; Strategic Pitching,Pipeline Management,5,4,1,20.0,80.0
827816,Hazel Saini,IT,Data Analyst,Excel; Python; Statistical Analysis,Power Bi; Sql; Tableau,6,3,3,50.0,50.0
828437,Yashvi Dugar,IT,Data Analyst,Excel; Power Bi; Sql; Statistical Analysis; Tableau,Python,6,5,1,16.67,83.33
828698,Alisha Desai,IT,Data Analyst,Excel; Power Bi; Sql; Statistical Analysis,Python; Tableau,6,4,2,33.33,66.67
828734,Nitara Brahmbhatt,Sales,Business Development,Market Research; Partnership Development; Strategic Pitching,Crm; Pipeline Management,5,3,2,40.0,60.0
828969,Yasmin Master,HR,HR Manager,Employee Relations; Hris; Labor Law; Talent Acquisition,Leadership; Performance Management,6,4,2,33.33,66.67
829382,Eva Lad,Finance,Accountant,Auditing; Erp Systems; Financial Accounting; Quickbooks,Excel; Tax Compliance,6,4,2,33.33,66.67
829422,Hazel Babu,HR,Recruitment Specialist,Ats; Employer Branding; Interviewing; Technical Sourcing,Salary Negotiation,5,4,1,20.0,80.0
829551,Ojas Kannan,Sales,Sales Executive,B2B Sales; Communication; Crm; Lead Generation; Negotiation,Contract Closing,6,5,1,16.67,83.33
829635,Yuvraj  Sampath,IT,Cybersecurity Specialist,Cryptography; Network Security; Penetration Testing; Python; Siem,Incident Response,6,5,1,16.67,83.33
829717,Jayant Bhagat,HR,Recruitment Specialist,Ats; Technical Sourcing,Employer Branding; Interviewing; Salary Negotiation,5,2,3,60.0,40.0
829898,Jiya Grover,Sales,Business Development,Market Research; Pipeline Management; Strategic Pitching,Crm; Partnership Development,5,3,2,40.0,60.0
829980,Adah Ravi,IT,Cybersecurity Specialist,Incident Response; Penetration Testing; Python; Siem,Cryptography; Network Security,6,4,2,33.33,66.67
830228,Mamooty Sarin,HR,Recruitment Specialist,Employer Branding; Interviewing; Salary Negotiation; Technical Sourcing,Ats,5,4,1,20.0,80.0
830311,Samiha Dugar,IT,Cybersecurity Specialist,Cryptography; Incident Response; Python; Siem,Network Security; Penetration Testing,6,4,2,33.33,66.67
830319,Keya Brar,Marketing,Marketing Executive,Content Marketing; Digital Marketing; Google Analytics; Seo,Campaign Management,5,4,1,20.0,80.0
830400,Zain Thakur,Sales,Sales Executive,Communication; Contract Closing; Crm,B2B Sales; Lead Generation; Negotiation,6,3,3,50.0,50.0
830628,Dharmajan Garg,Sales,Business Development,Crm; Market Research; Partnership Development; Pipeline Management,Strategic Pitching,5,4,1,20.0,80.0
831117,Vardaniya Chaudhari,Finance,Financial Analyst,Financial Modeling; Forecasting; Sql,Excel; Power Bi; Valuation,6,3,3,50.0,50.0
831338,Darshit Borah,Finance,Auditor,Financial Analysis; Forensic Accounting; Internal Auditing; Risk Assessment,Compliance; Excel,6,4,2,33.33,66.67
831417,Vihaan Jaggi,Sales,Account Manager,Account Planning; Client Retention; Contract Negotiation; Crm (Salesforce),Upselling,5,4,1,20.0,80.0
831689,Siya Sethi,Sales,Account Manager,Account Planning; Client Retention; Contract Negotiation; Crm (Salesforce),Upselling,5,4,1,20.0,80.0
832077,Ojas Bawa,HR,HR Manager,Employee Relations; Hris; Labor Law; Leadership; Talent Acquisition,Performance Management,6,5,1,16.67,83.33
832149,Adah Goswami,Marketing,Content Strategist,Content Auditing; Seo,Copywriting; Information Architecture; User Research,5,2,3,60.0,40.0
832202,Vritika Varty,Marketing,Content Strategist,Content Auditing; Copywriting; Seo; User Research,Information Architecture,5,4,1,20.0,80.0
832417,Shamik Anand,Finance,Financial Analyst,Forecasting; Power Bi; Valuation,Excel; Financial Modeling; Sql,6,3,3,50.0,50.0
832515,Anya Kari,HR,Recruitment Specialist,Salary Negotiation; Technical Sourcing,Ats; Employer Branding; Interviewing,5,2,3,60.0,40.0
832583,Zeeshan Ben,Sales,Account Manager,Account Planning; Contract Negotiation; Upselling,Client Retention; Crm (Salesforce),5,3,2,40.0,60.0
832827,Kiaan Majumdar,Finance,Accountant,Auditing; Erp Systems; Excel; Financial Accounting; Quickbooks,Tax Compliance,6,5,1,16.67,83.33
832952,Renee Yadav,Finance,Auditor,Compliance; Excel; Forensic Accounting; Internal Auditing; Risk Assessment,Financial Analysis,6,5,1,16.67,83.33
833486,Armaan Verma,HR,HR Manager,Employee Relations; Leadership; Performance Management; Talent Acquisition,Hris; Labor Law,6,4,2,33.33,66.67
833493,Kanav Rajagopal,Marketing,Content Strategist,Information Architecture; Seo; User Research,Content Auditing; Copywriting,5,3,2,40.0,60.0
833667,Urvi Kohli,Finance,Accountant,Auditing; Quickbooks; Tax Compliance,Erp Systems; Excel; Financial Accounting,6,3,3,50.0,50.0
833732,Hrishita Bali,IT,Software Engineer,Data Structures; Docker; Java; Kubernetes; Python,Ci/Cd; Git,7,5,2,28.57,71.43
833934,Ishita Bhatia,Marketing,SEO Specialist,Content Optimization; Google Analytics; Html / Css Basics; On-Page Seo,Backlink Strategy,5,4,1,20.0,80.0
833957,Jivin Bansal,Finance,Accountant,Erp Systems; Excel; Quickbooks; Tax Compliance,Auditing; Financial Accounting,6,4,2,33.33,66.67
834049,Kismat Dora,Sales,Account Manager,Account Planning; Client Retention; Crm (Salesforce); Upselling,Contract Negotiation,5,4,1,20.0,80.0
834139,Lakshay Hans,Marketing,SEO Specialist,Google Analytics; Html / Css Basics; On-Page Seo,Backlink Strategy; Content Optimization,5,3,2,40.0,60.0
834424,Mahika Bala,Marketing,SEO Specialist,Content Optimization; Google Analytics; Html / Css Basics,Backlink Strategy; On-Page Seo,5,3,2,40.0,60.0
834863,Mannat Rau,IT,Data Analyst,Python; Statistical Analysis; Tableau,Excel; Power Bi; Sql,6,3,3,50.0,50.0
834944,Aarna Din,Marketing,Marketing Executive,Campaign Management; Digital Marketing,Content Marketing; Google Analytics; Seo,5,2,3,60.0,40.0
835092,Samaira Dara,Marketing,SEO Specialist,Backlink Strategy; Content Optimization; Google Analytics; Html / Css Basics,On-Page Seo,5,4,1,20.0,80.0
835317,Ahana  Vyas,IT,Software Engineer,Ci/Cd; Data Structures; Git; Java; Kubernetes; Python,Docker,7,6,1,14.29,85.71
835477,Nehmat Mane,Finance,Financial Analyst,Excel; Financial Modeling; Forecasting; Power Bi; Valuation,Sql,6,5,1,16.67,83.33
835602,Gatik Dey,Finance,Accountant,Excel; Financial Accounting; Quickbooks,Auditing; Erp Systems; Tax Compliance,6,3,3,50.0,50.0
835755,Hazel Dara,HR,HR Manager,Hris; Leadership; Performance Management; Talent Acquisition,Employee Relations; Labor Law,6,4,2,33.33,66.67
835815,Anika Banik,HR,Recruitment Specialist,Interviewing; Salary Negotiation; Technical Sourcing,Ats; Employer Branding,5,3,2,40.0,60.0
836049,Saanvi Mane,HR,HR Manager,Employee Relations; Hris; Labor Law; Leadership; Performance Management,Talent Acquisition,6,5,1,16.67,83.33
836144,Misha Krishna,Sales,Account Manager,Client Retention; Contract Negotiation; Crm (Salesforce); Upselling,Account Planning,5,4,1,20.0,80.0
836217,Aarav Rajagopal,Marketing,Marketing Executive,Campaign Management; Digital Marketing; Google Analytics,Content Marketing; Seo,5,3,2,40.0,60.0
836255,Raghav Sridhar,Marketing,Marketing Executive,Digital Marketing; Google Analytics,Campaign Management; Content Marketing; Seo,5,2,3,60.0,40.0
836370,Mannat Rau,HR,Employee Relations,Employment Law; Hr Policies; Investigation,Conflict Resolution; Mediation,5,3,2,40.0,60.0
836415,Dharmajan Dhillon,Marketing,Marketing Executive,Content Marketing; Digital Marketing; Google Analytics; Seo,Campaign Management,5,4,1,20.0,80.0
836703,Jayan Ram,Finance,Accountant,Auditing; Financial Accounting; Quickbooks; Tax Compliance,Erp Systems; Excel,6,4,2,33.33,66.67
836718,Mehul Chatterjee,HR,Employee Relations,Employment Law; Hr Policies; Investigation; Mediation,Conflict Resolution,5,4,1,20.0,80.0
836767,Anvi Dutt,Sales,Sales Executive,Communication; Contract Closing; Crm; Lead Generation; Negotiation,B2B Sales,6,5,1,16.67,83.33
837015,Hiran Kurian,Sales,Sales Executive,B2B Sales; Communication; Contract Closing; Crm; Lead Generation; Negotiation,,6,6,0,0.0,100.0
837075,Misha Sawhney,HR,Recruitment Specialist,Employer Branding; Interviewing; Salary Negotiation,Ats; Technical Sourcing,5,3,2,40.0,60.0
837457,Samar Trivedi,Finance,Auditor,Excel; Financial Analysis; Risk Assessment,Compliance; Forensic Accounting; Internal Auditing,6,3,3,50.0,50.0
837493,Divit Gill,Marketing,SEO Specialist,Backlink Strategy; Content Optimization; Google Analytics; Html / Css Basics,On-Page Seo,5,4,1,20.0,80.0
837628,Saira Tripathi,HR,HR Manager,Employee Relations; Hris; Labor Law; Talent Acquisition,Leadership; Performance Management,6,4,2,33.33,66.67
837755,Bhavin Rajagopalan,IT,Software Engineer,Ci/Cd; Data Structures; Docker; Git; Kubernetes,Java; Python,7,5,2,28.57,71.43
838087,Damini Raju,Finance,Auditor,Excel; Financial Analysis; Forensic Accounting; Internal Auditing; Risk Assessment,Compliance,6,5,1,16.67,83.33
838326,Ishita Sethi,HR,Recruitment Specialist,Ats; Interviewing; Salary Negotiation; Technical Sourcing,Employer Branding,5,4,1,20.0,80.0
838557,Purab Upadhyay,HR,Recruitment Specialist,Salary Negotiation; Technical Sourcing,Ats; Employer Branding; Interviewing,5,2,3,60.0,40.0
838689,Manjari Johal,Sales,Sales Executive,B2B Sales; Communication; Contract Closing; Lead Generation,Crm; Negotiation,6,4,2,33.33,66.67
838788,Ivana Edwin,Finance,Auditor,Financial Analysis; Internal Auditing; Risk Assessment,Compliance; Excel; Forensic Accounting,6,3,3,50.0,50.0
838806,Neysa Choudhary,Sales,Business Development,Market Research; Pipeline Management; Strategic Pitching,Crm; Partnership Development,5,3,2,40.0,60.0
839249,Shaan Din,HR,HR Manager,Leadership; Performance Management; Talent Acquisition,Employee Relations; Hris; Labor Law,6,3,3,50.0,50.0
839443,Navya Lall,IT,Data Analyst,Excel; Power Bi; Python; Statistical Analysis; Tableau,Sql,6,5,1,16.67,83.33
839585,Ivana Ghosh,Finance,Accountant,Auditing; Quickbooks; Tax Compliance,Erp Systems; Excel; Financial Accounting,6,3,3,50.0,50.0
839838,Alia Sarna,Marketing,SEO Specialist,Backlink Strategy; Google Analytics,Content Optimization; Html / Css Basics; On-Page Seo,5,2,3,60.0,40.0
840063,Ivana Chanda,Sales,Sales Executive,Communication; Contract Closing; Crm; Lead Generation; Negotiation,B2B Sales,6,5,1,16.67,83.33
840182,Kimaya Chad,HR,Employee Relations,Employment Law; Hr Policies; Mediation,Conflict Resolution; Investigation,5,3,2,40.0,60.0
840198,Nirvaan Bali,IT,Cybersecurity Specialist,Cryptography; Network Security; Penetration Testing; Python; Siem,Incident Response,6,5,1,16.67,83.33
840289,Riya Chowdhury,IT,Software Engineer,Ci/Cd; Data Structures; Docker; Java,Git; Kubernetes; Python,7,4,3,42.86,57.14
840376,Kavya Gade,IT,Data Analyst,Power Bi; Sql; Tableau,Excel; Python; Statistical Analysis,6,3,3,50.0,50.0
840653,Hiran Kunda,HR,Recruitment Specialist,Ats; Employer Branding; Interviewing,Salary Negotiation; Technical Sourcing,5,3,2,40.0,60.0
840994,Dishani Tandon,Marketing,Marketing Executive,Campaign Management; Google Analytics; Seo,Content Marketing; Digital Marketing,5,3,2,40.0,60.0
841243,Ahana  Venkataraman,Finance,Financial Analyst,Excel; Forecasting; Power Bi; Sql; Valuation,Financial Modeling,6,5,1,16.67,83.33
841302,Kabir Wali,HR,HR Manager,Employee Relations; Hris; Labor Law; Performance Management,Leadership; Talent Acquisition,6,4,2,33.33,66.67
841660,Mishti Raval,Sales,Sales Executive,B2B Sales; Communication; Contract Closing; Crm; Lead Generation,Negotiation,6,5,1,16.67,83.33
841750,Aniruddh Sharma,IT,Cybersecurity Specialist,Network Security; Penetration Testing; Siem,Cryptography; Incident Response; Python,6,3,3,50.0,50.0
842209,Sana Raval,Sales,Business Development,Crm; Market Research; Partnership Development; Strategic Pitching,Pipeline Management,5,4,1,20.0,80.0
842471,Ishita Majumdar,IT,Data Analyst,Excel; Power Bi; Python; Statistical Analysis,Sql; Tableau,6,4,2,33.33,66.67
842474,Kaira Grewal,Sales,Sales Executive,B2B Sales; Crm; Lead Generation,Communication; Contract Closing; Negotiation,6,3,3,50.0,50.0
842518,Advika Golla,Marketing,Content Strategist,Content Auditing; Information Architecture; User Research,Copywriting; Seo,5,3,2,40.0,60.0
842692,Saanvi Madan,HR,HR Manager,Employee Relations; Hris; Labor Law; Leadership; Talent Acquisition,Performance Management,6,5,1,16.67,83.33
842724,Zoya Khare,IT,Cybersecurity Specialist,Cryptography; Network Security; Penetration Testing; Python; Siem,Incident Response,6,5,1,16.67,83.33
842855,Kartik Mahal,Marketing,Marketing Executive,Campaign Management; Digital Marketing; Seo,Content Marketing; Google Analytics,5,3,2,40.0,60.0
843748,Ivan Venkataraman,Finance,Financial Analyst,Excel; Forecasting; Power Bi; Sql; Valuation,Financial Modeling,6,5,1,16.67,83.33
844024,Oorja Thaker,Marketing,Content Strategist,Content Auditing; Information Architecture; Seo; User Research,Copywriting,5,4,1,20.0,80.0
844040,Jayant Ramanathan,Marketing,Marketing Executive,Campaign Management; Content Marketing; Digital Marketing; Google Analytics,Seo,5,4,1,20.0,80.0
844540,Suhana Sood,Finance,Accountant,Auditing; Erp Systems; Excel; Financial Accounting; Quickbooks,Tax Compliance,6,5,1,16.67,83.33
844738,Akarsh Chaudhry,Sales,Account Manager,Contract Negotiation; Crm (Salesforce); Upselling,Account Planning; Client Retention,5,3,2,40.0,60.0
844757,Myra Badal,IT,Data Analyst,Power Bi; Python; Statistical Analysis,Excel; Sql; Tableau,6,3,3,50.0,50.0
844914,Urvi Sodhi,Marketing,SEO Specialist,Google Analytics; Html / Css Basics; On-Page Seo,Backlink Strategy; Content Optimization,5,3,2,40.0,60.0
845074,Krish Gopal,IT,Data Analyst,Excel; Python; Sql,Power Bi; Statistical Analysis; Tableau,6,3,3,50.0,50.0
845142,Shayak Kaur,Marketing,Marketing Executive,Campaign Management; Digital Marketing; Seo,Content Marketing; Google Analytics,5,3,2,40.0,60.0
845621,Navya Kar,HR,Employee Relations,Conflict Resolution; Employment Law; Hr Policies; Mediation,Investigation,5,4,1,20.0,80.0
845674,Madhav Sabharwal,Sales,Account Manager,Account Planning; Client Retention; Contract Negotiation; Crm (Salesforce),Upselling,5,4,1,20.0,80.0
845797,Sana Sodhi,IT,Data Analyst,Excel; Python; Sql; Statistical Analysis,Power Bi; Tableau,6,4,2,33.33,66.67
846053,Nitara Lata,IT,Software Engineer,Ci/Cd; Docker; Java; Kubernetes,Data Structures; Git; Python,7,4,3,42.86,57.14
846174,Riya Manda,HR,Employee Relations,Conflict Resolution; Hr Policies; Investigation; Mediation,Employment Law,5,4,1,20.0,80.0
846672,Dishani Master,IT,Cybersecurity Specialist,Incident Response; Penetration Testing; Python,Cryptography; Network Security; Siem,6,3,3,50.0,50.0
847026,Aradhya Bajaj,Marketing,Content Strategist,Copywriting; Information Architecture; User Research,Content Auditing; Seo,5,3,2,40.0,60.0
847088,Lavanya Doshi,Sales,Business Development,Market Research; Partnership Development; Strategic Pitching,Crm; Pipeline Management,5,3,2,40.0,60.0
847450,Mohanlal Manne,Marketing,Marketing Executive,Campaign Management; Google Analytics; Seo,Content Marketing; Digital Marketing,5,3,2,40.0,60.0
847538,Umang Grewal,Sales,Business Development,Market Research; Partnership Development; Strategic Pitching,Crm; Pipeline Management,5,3,2,40.0,60.0
847727,Faiyaz Balakrishnan,IT,Cybersecurity Specialist,Cryptography; Incident Response; Network Security; Penetration Testing,Python; Siem,6,4,2,33.33,66.67
847889,Veer Tara,HR,Recruitment Specialist,Employer Branding; Salary Negotiation,Ats; Interviewing; Technical Sourcing,5,2,3,60.0,40.0
848046,Suhana Malhotra,Sales,Business Development,Market Research; Partnership Development; Strategic Pitching,Crm; Pipeline Management,5,3,2,40.0,60.0
848166,Amani Tailor,Sales,Business Development,Market Research; Partnership Development; Pipeline Management; Strategic Pitching,Crm,5,4,1,20.0,80.0
848235,Aayush Bir,Marketing,Content Strategist,Content Auditing; Seo,Copywriting; Information Architecture; User Research,5,2,3,60.0,40.0
848266,Mannat Sachdeva,Sales,Account Manager,Account Planning; Contract Negotiation; Crm (Salesforce); Upselling,Client Retention,5,4,1,20.0,80.0
848391,Purab Rattan,Finance,Financial Analyst,Forecasting; Power Bi; Sql,Excel; Financial Modeling; Valuation,6,3,3,50.0,50.0
848431,Inaaya  Dixit,Finance,Financial Analyst,Financial Modeling; Forecasting; Power Bi; Sql,Excel; Valuation,6,4,2,33.33,66.67
848918,Khushi Grewal,IT,Data Analyst,Excel; Sql; Tableau,Power Bi; Python; Statistical Analysis,6,3,3,50.0,50.0
849030,Umang Sehgal,Sales,Sales Executive,B2B Sales; Communication; Contract Closing; Crm; Lead Generation,Negotiation,6,5,1,16.67,83.33
849267,Stuvan Sant,HR,Recruitment Specialist,Ats; Employer Branding; Technical Sourcing,Interviewing; Salary Negotiation,5,3,2,40.0,60.0
849278,Kartik Bora,HR,Recruitment Specialist,Interviewing; Salary Negotiation; Technical Sourcing,Ats; Employer Branding,5,3,2,40.0,60.0
849392,Shamik Bora,HR,HR Manager,Employee Relations; Labor Law; Leadership; Talent Acquisition,Hris; Performance Management,6,4,2,33.33,66.67
849801,Aarush Bora,Finance,Auditor,Compliance; Excel; Financial Analysis; Internal Auditing; Risk Assessment,Forensic Accounting,6,5,1,16.67,83.33
849892,Taran Kumer,Sales,Account Manager,Account Planning; Contract Negotiation; Crm (Salesforce); Upselling,Client Retention,5,4,1,20.0,80.0
850100,Adah Solanki,Finance,Accountant,Erp Systems; Excel; Tax Compliance,Auditing; Financial Accounting; Quickbooks,6,3,3,50.0,50.0
850144,Kartik Chaudhry,Finance,Accountant,Auditing; Excel; Tax Compliance,Erp Systems; Financial Accounting; Quickbooks,6,3,3,50.0,50.0
850205,Anay Sangha,HR,Recruitment Specialist,Interviewing; Technical Sourcing,Ats; Employer Branding; Salary Negotiation,5,2,3,60.0,40.0
850478,Rati Thakkar,Finance,Financial Analyst,Financial Modeling; Forecasting; Sql; Valuation,Excel; Power Bi,6,4,2,33.33,66.67
850624,Trisha Bakshi,Marketing,Marketing Executive,Content Marketing; Digital Marketing; Google Analytics; Seo,Campaign Management,5,4,1,20.0,80.0
850673,Emir Maharaj,Sales,Business Development,Crm; Partnership Development; Strategic Pitching,Market Research; Pipeline Management,5,3,2,40.0,60.0
850758,Anahi Chokshi,Marketing,SEO Specialist,Backlink Strategy; Content Optimization; Google Analytics; On-Page Seo,Html / Css Basics,5,4,1,20.0,80.0
850939,Tara Ramachandran,Sales,Business Development,Crm; Pipeline Management; Strategic Pitching,Market Research; Partnership Development,5,3,2,40.0,60.0
851201,Pihu Aurora,IT,Data Analyst,Excel; Statistical Analysis; Tableau,Power Bi; Python; Sql,6,3,3,50.0,50.0
851215,Nishith Sehgal,Marketing,Marketing Executive,Campaign Management; Digital Marketing; Google Analytics; Seo,Content Marketing,5,4,1,20.0,80.0
851226,Rati D’Alia,Finance,Accountant,Auditing; Erp Systems; Excel; Financial Accounting; Quickbooks,Tax Compliance,6,5,1,16.67,83.33
851406,Mohanlal Kala,Sales,Account Manager,Client Retention; Contract Negotiation; Crm (Salesforce); Upselling,Account Planning,5,4,1,20.0,80.0
851424,Sumer Srinivasan,IT,Cybersecurity Specialist,Cryptography; Incident Response; Penetration Testing; Python; Siem,Network Security,6,5,1,16.67,83.33
851462,Jiya Rajan,Marketing,SEO Specialist,Backlink Strategy; Google Analytics; Html / Css Basics; On-Page Seo,Content Optimization,5,4,1,20.0,80.0
851852,Charvi Goyal,HR,Recruitment Specialist,Ats; Employer Branding; Salary Negotiation,Interviewing; Technical Sourcing,5,3,2,40.0,60.0
851998,Lavanya Halder,IT,Software Engineer,Ci/Cd; Data Structures; Docker; Git; Python,Java; Kubernetes,7,5,2,28.57,71.43
852250,Farhan Sane,Finance,Auditor,Compliance; Forensic Accounting; Risk Assessment,Excel; Financial Analysis; Internal Auditing,6,3,3,50.0,50.0
852593,Divij Mander,Finance,Financial Analyst,Excel; Forecasting; Power Bi; Sql,Financial Modeling; Valuation,6,4,2,33.33,66.67
852635,Mohanlal Boase,Sales,Business Development,Market Research; Partnership Development,Crm; Pipeline Management; Strategic Pitching,5,2,3,60.0,40.0
852861,Ivana Sami,Sales,Account Manager,Client Retention; Contract Negotiation; Crm (Salesforce),Account Planning; Upselling,5,3,2,40.0,60.0
853157,Emir Wadhwa,Sales,Business Development,Crm; Partnership Development; Strategic Pitching,Market Research; Pipeline Management,5,3,2,40.0,60.0
853352,Lakshay Rout,HR,HR Manager,Employee Relations; Labor Law; Leadership; Performance Management; Talent Acquisition,Hris,6,5,1,16.67,83.33
853536,Anika Rana,HR,Recruitment Specialist,Ats; Interviewing; Technical Sourcing,Employer Branding; Salary Negotiation,5,3,2,40.0,60.0
854075,Eshani Krishnamurthy,Finance,Accountant,Erp Systems; Excel; Quickbooks,Auditing; Financial Accounting; Tax Compliance,6,3,3,50.0,50.0
854221,Tara Kara,Sales,Sales Executive,B2B Sales; Communication; Contract Closing; Crm; Lead Generation,Negotiation,6,5,1,16.67,83.33
854376,Diya Apte,Sales,Account Manager,Account Planning; Contract Negotiation; Upselling,Client Retention; Crm (Salesforce),5,3,2,40.0,60.0
854820,Anahi Hegde,IT,Software Engineer,Ci/Cd; Docker; Git; Python,Data Structures; Java; Kubernetes,7,4,3,42.86,57.14
854991,Raghav Sarkar,Sales,Account Manager,Contract Negotiation; Upselling,Account Planning; Client Retention; Crm (Salesforce),5,2,3,60.0,40.0
855084,Stuvan Edwin,Marketing,Marketing Executive,Content Marketing; Google Analytics; Seo,Campaign Management; Digital Marketing,5,3,2,40.0,60.0
855681,Kashvi Kakar,Sales,Account Manager,Account Planning; Client Retention; Upselling,Contract Negotiation; Crm (Salesforce),5,3,2,40.0,60.0
855906,Kiara Salvi,IT,Data Analyst,Excel; Power Bi; Python; Statistical Analysis; Tableau,Sql,6,5,1,16.67,83.33
856499,Oorja Dixit,Sales,Business Development,Crm; Market Research; Pipeline Management; Strategic Pitching,Partnership Development,5,4,1,20.0,80.0
856785,Ahana  Balasubramanian,Finance,Accountant,Auditing; Excel; Quickbooks; Tax Compliance,Erp Systems; Financial Accounting,6,4,2,33.33,66.67
856880,Ritvik Venkataraman,Marketing,Content Strategist,Copywriting; Information Architecture; User Research,Content Auditing; Seo,5,3,2,40.0,60.0
856933,Kiaan Shenoy,Sales,Business Development,Crm; Market Research; Pipeline Management; Strategic Pitching,Partnership Development,5,4,1,20.0,80.0
857085,Taran Venkatesh,Marketing,Content Strategist,Content Auditing; Information Architecture; User Research,Copywriting; Seo,5,3,2,40.0,60.0
857263,Jayan Bera,Finance,Accountant,Erp Systems; Financial Accounting; Quickbooks; Tax Compliance,Auditing; Excel,6,4,2,33.33,66.67
857674,Rhea Sarma,HR,Employee Relations,Hr Policies; Investigation; Mediation,Conflict Resolution; Employment Law,5,3,2,40.0,60.0
857969,Gokul Saran,HR,Recruitment Specialist,Ats; Employer Branding; Salary Negotiation; Technical Sourcing,Interviewing,5,4,1,20.0,80.0
858462,Anahi Saran,Marketing,Marketing Executive,Campaign Management; Content Marketing; Google Analytics,Digital Marketing; Seo,5,3,2,40.0,60.0
858589,Anay Wason,Marketing,SEO Specialist,Content Optimization; Google Analytics; Html / Css Basics; On-Page Seo,Backlink Strategy,5,4,1,20.0,80.0
858660,Sana Vig,Finance,Accountant,Auditing; Erp Systems; Excel,Financial Accounting; Quickbooks; Tax Compliance,6,3,3,50.0,50.0
858696,Aarna Bhatnagar,Finance,Auditor,Compliance; Excel; Forensic Accounting; Risk Assessment,Financial Analysis; Internal Auditing,6,4,2,33.33,66.67
858826,Anahi Sur,Sales,Account Manager,Client Retention; Contract Negotiation; Upselling,Account Planning; Crm (Salesforce),5,3,2,40.0,60.0
858842,Nirvi Magar,HR,Employee Relations,Hr Policies; Investigation; Mediation,Conflict Resolution; Employment Law,5,3,2,40.0,60.0
858934,Samiha Wadhwa,Marketing,Marketing Executive,Campaign Management; Digital Marketing; Google Analytics,Content Marketing; Seo,5,3,2,40.0,60.0
859394,Darshit Bajwa,IT,Cybersecurity Specialist,Cryptography; Incident Response; Penetration Testing; Python; Siem,Network Security,6,5,1,16.67,83.33
859541,Mohanlal Kunda,Sales,Account Manager,Client Retention; Contract Negotiation; Upselling,Account Planning; Crm (Salesforce),5,3,2,40.0,60.0
860222,Veer Ratta,IT,Software Engineer,Ci/Cd; Data Structures; Docker; Git; Java; Python,Kubernetes,7,6,1,14.29,85.71
860241,Indrans Keer,Finance,Accountant,Auditing; Erp Systems; Financial Accounting; Quickbooks; Tax Compliance,Excel,6,5,1,16.67,83.33
860264,Rasha Uppal,Sales,Business Development,Crm; Market Research; Partnership Development,Pipeline Management; Strategic Pitching,5,3,2,40.0,60.0
860484,Navya Basu,HR,Employee Relations,Hr Policies; Investigation; Mediation,Conflict Resolution; Employment Law,5,3,2,40.0,60.0
860492,Hansh Chopra,Marketing,Marketing Executive,Campaign Management; Content Marketing; Google Analytics; Seo,Digital Marketing,5,4,1,20.0,80.0
860614,Aniruddh D’Alia,Sales,Account Manager,Client Retention; Contract Negotiation; Upselling,Account Planning; Crm (Salesforce),5,3,2,40.0,60.0
860642,Mohanlal Swaminathan,Finance,Auditor,Compliance; Excel; Financial Analysis; Forensic Accounting,Internal Auditing; Risk Assessment,6,4,2,33.33,66.67
860665,Dharmajan Warrior,Sales,Sales Executive,B2B Sales; Crm; Lead Generation,Communication; Contract Closing; Negotiation,6,3,3,50.0,50.0
860960,Armaan Badami,Sales,Business Development,Crm; Strategic Pitching,Market Research; Partnership Development; Pipeline Management,5,2,3,60.0,40.0
860980,Kimaya Aggarwal,Finance,Auditor,Compliance; Financial Analysis; Forensic Accounting; Internal Auditing; Risk Assessment,Excel,6,5,1,16.67,83.33
861299,Madhav Kara,HR,Recruitment Specialist,Ats; Salary Negotiation; Technical Sourcing,Employer Branding; Interviewing,5,3,2,40.0,60.0
861468,Taimur Vyas,HR,Employee Relations,Employment Law; Investigation; Mediation,Conflict Resolution; Hr Policies,5,3,2,40.0,60.0
861582,Kiaan Rana,Sales,Sales Executive,B2B Sales; Contract Closing; Crm; Lead Generation,Communication; Negotiation,6,4,2,33.33,66.67
862029,Heer Tara,HR,Employee Relations,Conflict Resolution; Hr Policies; Investigation; Mediation,Employment Law,5,4,1,20.0,80.0
862032,Dhruv Devi,Finance,Accountant,Auditing; Excel; Financial Accounting; Quickbooks; Tax Compliance,Erp Systems,6,5,1,16.67,83.33
862635,Vaibhav Dhar,Marketing,Content Strategist,Content Auditing; Copywriting; Information Architecture; User Research,Seo,5,4,1,20.0,80.0
863056,Indranil Sagar,Marketing,SEO Specialist,Backlink Strategy; Google Analytics; Html / Css Basics,Content Optimization; On-Page Seo,5,3,2,40.0,60.0
863175,Baiju Kari,IT,Software Engineer,Ci/Cd; Docker; Java; Kubernetes; Python,Data Structures; Git,7,5,2,28.57,71.43
863212,Zain Deo,Sales,Account Manager,Account Planning; Contract Negotiation; Crm (Salesforce); Upselling,Client Retention,5,4,1,20.0,80.0
863275,Devansh Khurana,HR,HR Manager,Hris; Labor Law; Performance Management,Employee Relations; Leadership; Talent Acquisition,6,3,3,50.0,50.0
863371,Elakshi Tak,Sales,Business Development,Market Research; Partnership Development; Strategic Pitching,Crm; Pipeline Management,5,3,2,40.0,60.0
863646,Lagan Sridhar,Finance,Auditor,Excel; Forensic Accounting; Risk Assessment,Compliance; Financial Analysis; Internal Auditing,6,3,3,50.0,50.0
863654,Mishti Master,Marketing,Content Strategist,Content Auditing; Copywriting; Information Architecture; Seo,User Research,5,4,1,20.0,80.0
863675,Eshani Grover,Sales,Account Manager,Account Planning; Contract Negotiation; Upselling,Client Retention; Crm (Salesforce),5,3,2,40.0,60.0
863727,Tiya Upadhyay,Sales,Business Development,Crm; Market Research; Partnership Development; Pipeline Management,Strategic Pitching,5,4,1,20.0,80.0
863845,Ehsaan Bahl,Finance,Accountant,Auditing; Erp Systems; Excel; Financial Accounting; Tax Compliance,Quickbooks,6,5,1,16.67,83.33
863894,Jayan Sheth,Finance,Financial Analyst,Financial Modeling; Forecasting; Power Bi; Sql; Valuation,Excel,6,5,1,16.67,83.33
863944,Suhana Amble,Marketing,Marketing Executive,Campaign Management; Google Analytics,Content Marketing; Digital Marketing; Seo,5,2,3,60.0,40.0
863995,Umang Mandal,Marketing,Marketing Executive,Content Marketing; Digital Marketing; Google Analytics; Seo,Campaign Management,5,4,1,20.0,80.0
864247,Jhanvi Kalita,HR,HR Manager,Employee Relations; Hris; Talent Acquisition,Labor Law; Leadership; Performance Management,6,3,3,50.0,50.0
864277,Kanav Choudhary,HR,HR Manager,Hris; Labor Law; Leadership; Talent Acquisition,Employee Relations; Performance Management,6,4,2,33.33,66.67
865164,Akarsh Boase,Finance,Financial Analyst,Financial Modeling; Sql; Valuation,Excel; Forecasting; Power Bi,6,3,3,50.0,50.0
865493,Anahi Dasgupta,Finance,Auditor,Excel; Financial Analysis; Forensic Accounting; Internal Auditing; Risk Assessment,Compliance,6,5,1,16.67,83.33
865548,Charvi Chakrabarti,HR,Employee Relations,Employment Law; Hr Policies; Investigation; Mediation,Conflict Resolution,5,4,1,20.0,80.0
866073,Advik Savant,Finance,Financial Analyst,Excel; Financial Modeling; Forecasting; Power Bi,Sql; Valuation,6,4,2,33.33,66.67
866096,Darshit Sachdev,Marketing,Marketing Executive,Campaign Management; Content Marketing; Digital Marketing; Google Analytics,Seo,5,4,1,20.0,80.0
866448,Nirvi Deo,Finance,Auditor,Compliance; Financial Analysis; Forensic Accounting; Internal Auditing; Risk Assessment,Excel,6,5,1,16.67,83.33
866490,Rohan Kalita,IT,Data Analyst,Excel; Python; Statistical Analysis,Power Bi; Sql; Tableau,6,3,3,50.0,50.0
866516,Shalv Loke,Sales,Sales Executive,B2B Sales; Contract Closing; Crm; Negotiation,Communication; Lead Generation,6,4,2,33.33,66.67
867035,Jayesh Sharaf,Marketing,Marketing Executive,Campaign Management; Content Marketing; Digital Marketing; Seo,Google Analytics,5,4,1,20.0,80.0
867358,Stuvan Chawla,IT,Cybersecurity Specialist,Cryptography; Incident Response; Network Security; Penetration Testing; Python,Siem,6,5,1,16.67,83.33
867379,Nakul Ganesh,HR,Employee Relations,Employment Law; Hr Policies; Investigation,Conflict Resolution; Mediation,5,3,2,40.0,60.0
867397,Chirag Som,Sales,Sales Executive,B2B Sales; Contract Closing; Crm; Lead Generation; Negotiation,Communication,6,5,1,16.67,83.33
867485,Divyansh Sampath,Marketing,Content Strategist,Copywriting; Information Architecture; Seo; User Research,Content Auditing,5,4,1,20.0,80.0
867506,Mishti Ahluwalia,HR,Employee Relations,Hr Policies; Investigation; Mediation,Conflict Resolution; Employment Law,5,3,2,40.0,60.0
867527,Biju Bhatia,IT,Cybersecurity Specialist,Cryptography; Incident Response; Network Security; Penetration Testing,Python; Siem,6,4,2,33.33,66.67
867564,Uthkarsh Sekhon,Finance,Financial Analyst,Excel; Forecasting; Power Bi; Sql; Valuation,Financial Modeling,6,5,1,16.67,83.33
867866,Vivaan Gandhi,IT,Software Engineer,Ci/Cd; Java; Kubernetes; Python,Data Structures; Docker; Git,7,4,3,42.86,57.14
868091,Kanav Chaudhry,IT,Data Analyst,Excel; Power Bi; Python; Sql; Statistical Analysis,Tableau,6,5,1,16.67,83.33
868106,Stuvan Khatri,HR,Employee Relations,Employment Law; Hr Policies; Investigation; Mediation,Conflict Resolution,5,4,1,20.0,80.0
868171,Akarsh Rajagopal,Marketing,Marketing Executive,Campaign Management; Content Marketing; Digital Marketing; Google Analytics,Seo,5,4,1,20.0,80.0
868275,Neelofar Deep,HR,HR Manager,Hris; Labor Law; Leadership; Talent Acquisition,Employee Relations; Performance Management,6,4,2,33.33,66.67
868315,Stuvan Batta,Sales,Business Development,Crm; Market Research; Strategic Pitching,Partnership Development; Pipeline Management,5,3,2,40.0,60.0
868326,Aayush Sani,Marketing,SEO Specialist,Backlink Strategy; Google Analytics; Html / Css Basics; On-Page Seo,Content Optimization,5,4,1,20.0,80.0
868521,Divit Subramaniam,Finance,Auditor,Compliance; Excel; Forensic Accounting; Internal Auditing; Risk Assessment,Financial Analysis,6,5,1,16.67,83.33
868781,Dhanuk Bora,Sales,Sales Executive,B2B Sales; Communication; Contract Closing; Crm; Lead Generation,Negotiation,6,5,1,16.67,83.33
868872,Purab Yohannan,Finance,Auditor,Compliance; Excel; Forensic Accounting; Risk Assessment,Financial Analysis; Internal Auditing,6,4,2,33.33,66.67
869003,Madhup Gill,Marketing,Content Strategist,Content Auditing; Information Architecture; User Research,Copywriting; Seo,5,3,2,40.0,60.0
869034,Zeeshan Chopra,Finance,Accountant,Auditing; Erp Systems; Excel; Financial Accounting; Quickbooks,Tax Compliance,6,5,1,16.67,83.33
869133,Rhea Bava,Marketing,SEO Specialist,Backlink Strategy; On-Page Seo,Content Optimization; Google Analytics; Html / Css Basics,5,2,3,60.0,40.0
869566,Alia Chand,HR,Employee Relations,Conflict Resolution; Hr Policies,Employment Law; Investigation; Mediation,5,2,3,60.0,40.0
869639,Kismat Dutt,HR,HR Manager,Hris; Labor Law; Leadership; Performance Management; Talent Acquisition,Employee Relations,6,5,1,16.67,83.33
869661,Neelofar Varghese,HR,Employee Relations,Employment Law; Hr Policies,Conflict Resolution; Investigation; Mediation,5,2,3,60.0,40.0
869777,Nishith Dara,IT,Cybersecurity Specialist,Cryptography; Incident Response; Network Security; Python; Siem,Penetration Testing,6,5,1,16.67,83.33
870520,Nayantara Hora,IT,Cybersecurity Specialist,Cryptography; Incident Response; Network Security; Python; Siem,Penetration Testing,6,5,1,16.67,83.33
870543,Anika Apte,HR,Recruitment Specialist,Ats; Employer Branding; Salary Negotiation; Technical Sourcing,Interviewing,5,4,1,20.0,80.0
871029,Ishaan Balasubramanian,Marketing,Marketing Executive,Content Marketing; Digital Marketing; Seo,Campaign Management; Google Analytics,5,3,2,40.0,60.0
871114,Bhamini Mahajan,IT,Data Analyst,Power Bi; Sql; Statistical Analysis; Tableau,Excel; Python,6,4,2,33.33,66.67
871187,Vedika Ranganathan,IT,Cybersecurity Specialist,Cryptography; Network Security; Penetration Testing; Python; Siem,Incident Response,6,5,1,16.67,83.33
871388,Dhanuk Keer,Sales,Account Manager,Account Planning; Client Retention; Crm (Salesforce); Upselling,Contract Negotiation,5,4,1,20.0,80.0
871767,Tanya Kade,IT,Data Analyst,Python; Sql; Statistical Analysis; Tableau,Excel; Power Bi,6,4,2,33.33,66.67
871801,Jayant Kaul,Finance,Accountant,Erp Systems; Excel; Financial Accounting; Quickbooks,Auditing; Tax Compliance,6,4,2,33.33,66.67
871816,Ishaan Saraf,Finance,Auditor,Compliance; Excel; Financial Analysis; Internal Auditing; Risk Assessment,Forensic Accounting,6,5,1,16.67,83.33
872547,Lakshit Rout,Finance,Financial Analyst,Excel; Power Bi; Valuation,Financial Modeling; Forecasting; Sql,6,3,3,50.0,50.0
872665,Eshani Sathe,Marketing,Marketing Executive,Content Marketing; Seo,Campaign Management; Digital Marketing; Google Analytics,5,2,3,60.0,40.0
872669,Kashvi Sunder,Marketing,Content Strategist,Copywriting; Information Architecture; Seo,Content Auditing; User Research,5,3,2,40.0,60.0
872672,Uthkarsh Hegde,Finance,Accountant,Auditing; Erp Systems; Excel; Financial Accounting; Quickbooks,Tax Compliance,6,5,1,16.67,83.33
872776,Dhruv Randhawa,IT,Software Engineer,Data Structures; Docker; Java; Kubernetes; Python,Ci/Cd; Git,7,5,2,28.57,71.43
873000,Veer Joshi,Sales,Account Manager,Account Planning; Crm (Salesforce); Upselling,Client Retention; Contract Negotiation,5,3,2,40.0,60.0
873076,Nayantara Sant,Marketing,SEO Specialist,Backlink Strategy; Html / Css Basics; On-Page Seo,Content Optimization; Google Analytics,5,3,2,40.0,60.0
873186,Kismat Ratti,Marketing,Content Strategist,Content Auditing; Copywriting; Information Architecture; User Research,Seo,5,4,1,20.0,80.0
873410,Indrans Wali,HR,Recruitment Specialist,Ats; Employer Branding; Interviewing,Salary Negotiation; Technical Sourcing,5,3,2,40.0,60.0
873424,Chirag Goel,IT,Software Engineer,Ci/Cd; Docker; Git; Java; Kubernetes; Python,Data Structures,7,6,1,14.29,85.71
873474,Jivin Zachariah,Marketing,SEO Specialist,Content Optimization; Google Analytics; Html / Css Basics; On-Page Seo,Backlink Strategy,5,4,1,20.0,80.0
873481,Taran Tata,Sales,Sales Executive,B2B Sales; Communication; Contract Closing; Lead Generation; Negotiation,Crm,6,5,1,16.67,83.33
873497,Azad Lala,HR,Employee Relations,Hr Policies; Investigation; Mediation,Conflict Resolution; Employment Law,5,3,2,40.0,60.0
873505,Taimur Ganguly,Marketing,Content Strategist,Content Auditing; Information Architecture; Seo; User Research,Copywriting,5,4,1,20.0,80.0
873801,Madhav Kunda,Finance,Auditor,Compliance; Excel; Risk Assessment,Financial Analysis; Forensic Accounting; Internal Auditing,6,3,3,50.0,50.0
873920,Anika Walla,IT,Cybersecurity Specialist,Cryptography; Network Security; Penetration Testing; Python; Siem,Incident Response,6,5,1,16.67,83.33
874068,Himmat Bawa,Finance,Accountant,Auditing; Erp Systems; Quickbooks; Tax Compliance,Excel; Financial Accounting,6,4,2,33.33,66.67
874551,Trisha Saraf,HR,HR Manager,Employee Relations; Leadership; Performance Management; Talent Acquisition,Hris; Labor Law,6,4,2,33.33,66.67
874584,Alia Lata,Sales,Sales Executive,Communication; Crm; Negotiation,B2B Sales; Contract Closing; Lead Generation,6,3,3,50.0,50.0
874596,Anahita Borah,HR,Employee Relations,Conflict Resolution; Hr Policies; Investigation; Mediation,Employment Law,5,4,1,20.0,80.0
875160,Ehsaan Char,IT,Software Engineer,Ci/Cd; Data Structures; Docker; Java; Python,Git; Kubernetes,7,5,2,28.57,71.43
875893,Anvi Sharaf,Marketing,Content Strategist,Content Auditing; Information Architecture; Seo; User Research,Copywriting,5,4,1,20.0,80.0
875903,Pranay Sachdev,Finance,Financial Analyst,Excel; Financial Modeling; Forecasting; Valuation,Power Bi; Sql,6,4,2,33.33,66.67
876103,Fateh Mani,HR,HR Manager,Employee Relations; Labor Law; Performance Management,Hris; Leadership; Talent Acquisition,6,3,3,50.0,50.0
876222,Hrishita Swamy,Sales,Account Manager,Client Retention; Contract Negotiation; Crm (Salesforce); Upselling,Account Planning,5,4,1,20.0,80.0
876231,Sara Kamdar,IT,Data Analyst,Excel; Power Bi; Sql; Statistical Analysis; Tableau,Python,6,5,1,16.67,83.33
876520,Taran Kar,Marketing,Marketing Executive,Campaign Management; Google Analytics; Seo,Content Marketing; Digital Marketing,5,3,2,40.0,60.0
876583,Nayantara Chaudry,Sales,Business Development,Crm; Market Research,Partnership Development; Pipeline Management; Strategic Pitching,5,2,3,60.0,40.0
876675,Purab Issac,IT,Cybersecurity Specialist,Network Security; Penetration Testing; Python; Siem,Cryptography; Incident Response,6,4,2,33.33,66.67
876830,Shlok Hari,Marketing,SEO Specialist,Content Optimization; Google Analytics; Html / Css Basics; On-Page Seo,Backlink Strategy,5,4,1,20.0,80.0
877245,Samiha Tripathi,HR,Employee Relations,Conflict Resolution; Employment Law; Hr Policies; Investigation,Mediation,5,4,1,20.0,80.0
877306,Azad Ahluwalia,IT,Software Engineer,Data Structures; Docker; Java; Kubernetes,Ci/Cd; Git; Python,7,4,3,42.86,57.14
877722,Saanvi Dora,Marketing,SEO Specialist,Backlink Strategy; Content Optimization; On-Page Seo,Google Analytics; Html / Css Basics,5,3,2,40.0,60.0
877799,Khushi Guha,HR,HR Manager,Hris; Labor Law; Performance Management; Talent Acquisition,Employee Relations; Leadership,6,4,2,33.33,66.67
877911,Gokul Mall,IT,Cybersecurity Specialist,Network Security; Python; Siem,Cryptography; Incident Response; Penetration Testing,6,3,3,50.0,50.0
878117,Taran Srivastava,HR,HR Manager,Hris; Labor Law; Leadership; Performance Management; Talent Acquisition,Employee Relations,6,5,1,16.67,83.33
878473,Shlok Dhar,Sales,Sales Executive,B2B Sales; Communication; Crm; Negotiation,Contract Closing; Lead Generation,6,4,2,33.33,66.67
878794,Aaryahi Chowdhury,Finance,Financial Analyst,Financial Modeling; Forecasting; Power Bi; Sql,Excel; Valuation,6,4,2,33.33,66.67
879133,Nishith Luthra,Marketing,Content Strategist,Content Auditing; Information Architecture; Seo; User Research,Copywriting,5,4,1,20.0,80.0
879179,Vardaniya Tandon,IT,Software Engineer,Ci/Cd; Data Structures; Docker; Java; Kubernetes; Python,Git,7,6,1,14.29,85.71
879248,Myra Virk,Marketing,SEO Specialist,Backlink Strategy; Content Optimization; Google Analytics; On-Page Seo,Html / Css Basics,5,4,1,20.0,80.0
879279,Riaan Badal,Marketing,Marketing Executive,Campaign Management; Content Marketing; Google Analytics,Digital Marketing; Seo,5,3,2,40.0,60.0
879309,Vanya Shetty,Marketing,Marketing Executive,Content Marketing; Digital Marketing; Google Analytics; Seo,Campaign Management,5,4,1,20.0,80.0
879559,Raghav Ganguly,Finance,Accountant,Auditing; Erp Systems; Excel; Financial Accounting; Quickbooks,Tax Compliance,6,5,1,16.67,83.33
879607,Umang Sarma,HR,Recruitment Specialist,Ats; Interviewing; Salary Negotiation; Technical Sourcing,Employer Branding,5,4,1,20.0,80.0
879655,Indrans Lala,Marketing,Marketing Executive,Campaign Management; Content Marketing; Digital Marketing; Seo,Google Analytics,5,4,1,20.0,80.0
879751,Alia Balasubramanian,Sales,Business Development,Market Research; Partnership Development; Pipeline Management; Strategic Pitching,Crm,5,4,1,20.0,80.0
880296,Ivan Mand,HR,Recruitment Specialist,Employer Branding; Salary Negotiation; Technical Sourcing,Ats; Interviewing,5,3,2,40.0,60.0
880371,Sahil Thakur,Sales,Business Development,Crm; Market Research; Partnership Development; Pipeline Management,Strategic Pitching,5,4,1,20.0,80.0
880399,Adah Iyer,Sales,Business Development,Market Research; Partnership Development; Pipeline Management,Crm; Strategic Pitching,5,3,2,40.0,60.0
880431,Shalv Shanker,HR,HR Manager,Labor Law; Leadership; Performance Management,Employee Relations; Hris; Talent Acquisition,6,3,3,50.0,50.0
880538,Reyansh Rajagopal,IT,Cybersecurity Specialist,Cryptography; Incident Response; Network Security; Python,Penetration Testing; Siem,6,4,2,33.33,66.67
880576,Reyansh Dutta,Finance,Accountant,Auditing; Erp Systems; Excel; Financial Accounting; Tax Compliance,Quickbooks,6,5,1,16.67,83.33
880580,Nehmat Bali,Finance,Auditor,Compliance; Excel; Financial Analysis; Forensic Accounting; Risk Assessment,Internal Auditing,6,5,1,16.67,83.33
880631,Riaan Subramaniam,HR,Employee Relations,Employment Law; Hr Policies; Investigation; Mediation,Conflict Resolution,5,4,1,20.0,80.0
880641,Lavanya Sidhu,IT,Data Analyst,Excel; Power Bi; Python; Statistical Analysis; Tableau,Sql,6,5,1,16.67,83.33
880954,Reyansh Sem,Sales,Business Development,Crm; Partnership Development; Strategic Pitching,Market Research; Pipeline Management,5,3,2,40.0,60.0
881260,Nishith Ramanathan,HR,Recruitment Specialist,Ats; Salary Negotiation; Technical Sourcing,Employer Branding; Interviewing,5,3,2,40.0,60.0
881395,Jayesh Ravel,Finance,Financial Analyst,Excel; Financial Modeling; Forecasting; Power Bi; Valuation,Sql,6,5,1,16.67,83.33
881949,Lagan Sani,Sales,Account Manager,Account Planning; Client Retention; Crm (Salesforce),Contract Negotiation; Upselling,5,3,2,40.0,60.0
882206,Ryan Garde,Finance,Auditor,Compliance; Excel; Forensic Accounting,Financial Analysis; Internal Auditing; Risk Assessment,6,3,3,50.0,50.0
882220,Akarsh Dua,Marketing,Content Strategist,Copywriting; Information Architecture; Seo; User Research,Content Auditing,5,4,1,20.0,80.0
882537,Nayantara Edwin,Finance,Financial Analyst,Financial Modeling; Power Bi; Sql; Valuation,Excel; Forecasting,6,4,2,33.33,66.67
882546,Oorja Chanda,Sales,Business Development,Partnership Development; Strategic Pitching,Crm; Market Research; Pipeline Management,5,2,3,60.0,40.0
883123,Alisha Kannan,IT,Software Engineer,Docker; Java; Kubernetes; Python,Ci/Cd; Data Structures; Git,7,4,3,42.86,57.14
883298,Ivana Barad,Marketing,Marketing Executive,Content Marketing; Digital Marketing; Google Analytics; Seo,Campaign Management,5,4,1,20.0,80.0
883403,Abram Kant,IT,Cybersecurity Specialist,Cryptography; Incident Response; Network Security; Penetration Testing; Python,Siem,6,5,1,16.67,83.33
883472,Veer Sur,Marketing,Marketing Executive,Campaign Management; Content Marketing; Digital Marketing; Seo,Google Analytics,5,4,1,20.0,80.0
883703,Devansh Toor,Finance,Accountant,Auditing; Erp Systems; Excel; Tax Compliance,Financial Accounting; Quickbooks,6,4,2,33.33,66.67
884118,Ehsaan Borra,IT,Data Analyst,Excel; Power Bi; Sql; Statistical Analysis,Python; Tableau,6,4,2,33.33,66.67
884223,Dishani Warrior,Sales,Sales Executive,B2B Sales; Communication; Contract Closing; Crm; Negotiation,Lead Generation,6,5,1,16.67,83.33
884323,Priyansh Varghese,IT,Cybersecurity Specialist,Incident Response; Network Security; Penetration Testing; Python; Siem,Cryptography,6,5,1,16.67,83.33
884429,Anvi Bhavsar,Sales,Sales Executive,Communication; Crm; Negotiation,B2B Sales; Contract Closing; Lead Generation,6,3,3,50.0,50.0
884470,Anvi Sengupta,HR,Recruitment Specialist,Employer Branding; Interviewing; Salary Negotiation; Technical Sourcing,Ats,5,4,1,20.0,80.0
884671,Nishith Chad,IT,Cybersecurity Specialist,Cryptography; Incident Response; Penetration Testing; Siem,Network Security; Python,6,4,2,33.33,66.67
885176,Raghav Goel,Sales,Business Development,Crm; Market Research; Pipeline Management; Strategic Pitching,Partnership Development,5,4,1,20.0,80.0
885249,Kabir Bava,IT,Data Analyst,Python; Sql; Tableau,Excel; Power Bi; Statistical Analysis,6,3,3,50.0,50.0
885502,Tarini Vala,HR,Employee Relations,Investigation; Mediation,Conflict Resolution; Employment Law; Hr Policies,5,2,3,60.0,40.0
885920,Arhaan Barman,Finance,Auditor,Compliance; Forensic Accounting; Internal Auditing; Risk Assessment,Excel; Financial Analysis,6,4,2,33.33,66.67
886392,Heer Kale,Finance,Accountant,Auditing; Erp Systems; Excel; Tax Compliance,Financial Accounting; Quickbooks,6,4,2,33.33,66.67
886394,Aniruddh Sathe,Marketing,Content Strategist,Content Auditing; Information Architecture; User Research,Copywriting; Seo,5,3,2,40.0,60.0
886420,Prerak Thakkar,HR,HR Manager,Employee Relations; Hris; Leadership; Performance Management; Talent Acquisition,Labor Law,6,5,1,16.67,83.33
886475,Advik Mangal,Sales,Account Manager,Account Planning; Crm (Salesforce); Upselling,Client Retention; Contract Negotiation,5,3,2,40.0,60.0
886582,Riya Khatri,Finance,Auditor,Excel; Financial Analysis; Forensic Accounting; Internal Auditing; Risk Assessment,Compliance,6,5,1,16.67,83.33
886658,Rhea Soni,IT,Software Engineer,Data Structures; Java; Kubernetes; Python,Ci/Cd; Docker; Git,7,4,3,42.86,57.14
886663,Charvi Bail,HR,Employee Relations,Hr Policies; Investigation; Mediation,Conflict Resolution; Employment Law,5,3,2,40.0,60.0
886718,Samaira Uppal,Marketing,Content Strategist,Copywriting; Information Architecture; Seo; User Research,Content Auditing,5,4,1,20.0,80.0
886828,Myra Khatri,Sales,Account Manager,Account Planning; Client Retention; Contract Negotiation; Crm (Salesforce),Upselling,5,4,1,20.0,80.0
887129,Samar Sanghvi,IT,Software Engineer,Data Structures; Docker; Java; Python,Ci/Cd; Git; Kubernetes,7,4,3,42.86,57.14
887500,Anya Rout,Marketing,SEO Specialist,Backlink Strategy; Content Optimization; Html / Css Basics; On-Page Seo,Google Analytics,5,4,1,20.0,80.0
887680,Mamooty Karpe,HR,Recruitment Specialist,Ats; Employer Branding; Interviewing,Salary Negotiation; Technical Sourcing,5,3,2,40.0,60.0
888334,Yuvaan Karpe,Marketing,SEO Specialist,Google Analytics; On-Page Seo,Backlink Strategy; Content Optimization; Html / Css Basics,5,2,3,60.0,40.0
888390,Kashvi Bains,Sales,Business Development,Market Research; Partnership Development; Pipeline Management; Strategic Pitching,Crm,5,4,1,20.0,80.0
888575,Indrajit Amble,HR,HR Manager,Employee Relations; Hris; Performance Management; Talent Acquisition,Labor Law; Leadership,6,4,2,33.33,66.67
888872,Shaan Kaul,Marketing,Marketing Executive,Content Marketing; Digital Marketing; Google Analytics; Seo,Campaign Management,5,4,1,20.0,80.0
889121,Shlok Jhaveri,Marketing,SEO Specialist,Backlink Strategy; Google Analytics; Html / Css Basics,Content Optimization; On-Page Seo,5,3,2,40.0,60.0
889952,Yuvaan Walia,HR,Recruitment Specialist,Ats; Employer Branding; Salary Negotiation,Interviewing; Technical Sourcing,5,3,2,40.0,60.0
890439,Sana Apte,Finance,Auditor,Compliance; Excel; Financial Analysis,Forensic Accounting; Internal Auditing; Risk Assessment,6,3,3,50.0,50.0
890588,Kashvi Rajagopal,HR,HR Manager,Employee Relations; Hris; Labor Law,Leadership; Performance Management; Talent Acquisition,6,3,3,50.0,50.0
890908,Nehmat Krishnan,Finance,Auditor,Compliance; Excel; Internal Auditing,Financial Analysis; Forensic Accounting; Risk Assessment,6,3,3,50.0,50.0
891044,Ayesha Srinivas,Finance,Auditor,Compliance; Excel; Forensic Accounting; Internal Auditing; Risk Assessment,Financial Analysis,6,5,1,16.67,83.33
891153,Nayantara Rajagopalan,IT,Data Analyst,Excel; Sql; Statistical Analysis; Tableau,Power Bi; Python,6,4,2,33.33,66.67
891328,Nishith Koshy,IT,Data Analyst,Python; Statistical Analysis; Tableau,Excel; Power Bi; Sql,6,3,3,50.0,50.0
891391,Misha Bandi,Marketing,SEO Specialist,Content Optimization; Html / Css Basics; On-Page Seo,Backlink Strategy; Google Analytics,5,3,2,40.0,60.0
891483,Darshit Kant,Marketing,Content Strategist,Content Auditing; Seo; User Research,Copywriting; Information Architecture,5,3,2,40.0,60.0
891556,Pari Savant,IT,Software Engineer,Data Structures; Docker; Java; Kubernetes; Python,Ci/Cd; Git,7,5,2,28.57,71.43
891662,Saira Balay,Sales,Account Manager,Account Planning; Contract Negotiation; Upselling,Client Retention; Crm (Salesforce),5,3,2,40.0,60.0
891878,Samar Venkataraman,IT,Software Engineer,Ci/Cd; Data Structures; Docker; Git; Kubernetes; Python,Java,7,6,1,14.29,85.71
891992,Raunak Khalsa,Sales,Account Manager,Account Planning; Client Retention; Contract Negotiation; Crm (Salesforce),Upselling,5,4,1,20.0,80.0
892101,Sumer Mallick,Finance,Financial Analyst,Excel; Forecasting; Power Bi; Sql; Valuation,Financial Modeling,6,5,1,16.67,83.33
892191,Sahil Ranganathan,Finance,Accountant,Auditing; Excel; Quickbooks; Tax Compliance,Erp Systems; Financial Accounting,6,4,2,33.33,66.67
892225,Miraya Raja,Marketing,SEO Specialist,Backlink Strategy; Html / Css Basics,Content Optimization; Google Analytics; On-Page Seo,5,2,3,60.0,40.0
892327,Arnav Boase,Finance,Auditor,Compliance; Excel; Financial Analysis; Forensic Accounting; Internal Auditing,Risk Assessment,6,5,1,16.67,83.33
892397,Charvi Sengupta,IT,Cybersecurity Specialist,Cryptography; Incident Response; Network Security; Siem,Penetration Testing; Python,6,4,2,33.33,66.67
892742,Sana Batra,Marketing,SEO Specialist,Backlink Strategy; Content Optimization; Google Analytics; On-Page Seo,Html / Css Basics,5,4,1,20.0,80.0
892952,Myra Gopal,IT,Software Engineer,Ci/Cd; Data Structures; Docker; Git; Java; Python,Kubernetes,7,6,1,14.29,85.71
893182,Rhea Goswami,Finance,Auditor,Compliance; Excel; Financial Analysis; Internal Auditing,Forensic Accounting; Risk Assessment,6,4,2,33.33,66.67
893650,Ela Arya,Sales,Business Development,Crm; Market Research; Pipeline Management; Strategic Pitching,Partnership Development,5,4,1,20.0,80.0
893657,Yashvi Atwal,Finance,Accountant,Auditing; Erp Systems; Excel; Quickbooks,Financial Accounting; Tax Compliance,6,4,2,33.33,66.67
893814,Sumer Acharya,Marketing,Content Strategist,Information Architecture; Seo; User Research,Content Auditing; Copywriting,5,3,2,40.0,60.0
893822,Yuvraj  Bhatnagar,IT,Software Engineer,Data Structures; Kubernetes; Python,Ci/Cd; Docker; Git; Java,7,3,4,57.14,42.86
893853,Dhruv Gera,Marketing,Marketing Executive,Campaign Management; Digital Marketing; Google Analytics; Seo,Content Marketing,5,4,1,20.0,80.0
893936,Diya Babu,HR,HR Manager,Employee Relations; Leadership; Performance Management; Talent Acquisition,Hris; Labor Law,6,4,2,33.33,66.67
893995,Siya Grover,Sales,Sales Executive,B2B Sales; Communication; Contract Closing; Crm; Negotiation,Lead Generation,6,5,1,16.67,83.33
894052,Zeeshan Majumdar,Sales,Account Manager,Account Planning; Client Retention; Crm (Salesforce); Upselling,Contract Negotiation,5,4,1,20.0,80.0
894280,Dharmajan Ahluwalia,IT,Software Engineer,Ci/Cd; Docker; Git; Java; Kubernetes,Data Structures; Python,7,5,2,28.57,71.43
894375,Sana Mani,Finance,Accountant,Erp Systems; Quickbooks; Tax Compliance,Auditing; Excel; Financial Accounting,6,3,3,50.0,50.0
894506,Aarush Kuruvilla,Marketing,Marketing Executive,Content Marketing; Digital Marketing; Seo,Campaign Management; Google Analytics,5,3,2,40.0,60.0
894790,Mishti Chauhan,Marketing,Marketing Executive,Campaign Management; Content Marketing; Seo,Digital Marketing; Google Analytics,5,3,2,40.0,60.0
894847,Mannat Suresh,Marketing,Marketing Executive,Campaign Management; Content Marketing; Google Analytics; Seo,Digital Marketing,5,4,1,20.0,80.0
895058,Diya Aggarwal,IT,Software Engineer,Ci/Cd; Data Structures; Docker; Git; Java; Kubernetes,Python,7,6,1,14.29,85.71
895201,Charvi Karan,Marketing,Marketing Executive,Campaign Management; Content Marketing; Digital Marketing; Seo,Google Analytics,5,4,1,20.0,80.0
895288,Nitya Mammen,Marketing,Marketing Executive,Campaign Management; Content Marketing; Digital Marketing; Google Analytics,Seo,5,4,1,20.0,80.0
895289,Indrans Wason,HR,Employee Relations,Conflict Resolution; Hr Policies; Mediation,Employment Law; Investigation,5,3,2,40.0,60.0
895447,Mamooty Dhaliwal,IT,Data Analyst,Excel; Power Bi; Python; Tableau,Sql; Statistical Analysis,6,4,2,33.33,66.67
895486,Indranil Jha,Sales,Account Manager,Client Retention; Contract Negotiation; Crm (Salesforce); Upselling,Account Planning,5,4,1,20.0,80.0
895625,Jayan Deo,Finance,Accountant,Auditing; Erp Systems; Financial Accounting; Tax Compliance,Excel; Quickbooks,6,4,2,33.33,66.67
895947,Dhanush Arya,Sales,Sales Executive,B2B Sales; Communication; Negotiation,Contract Closing; Crm; Lead Generation,6,3,3,50.0,50.0
896142,Nishith Bobal,HR,Recruitment Specialist,Ats; Interviewing; Salary Negotiation; Technical Sourcing,Employer Branding,5,4,1,20.0,80.0
896143,Zaina Tailor,Marketing,Marketing Executive,Content Marketing; Google Analytics; Seo,Campaign Management; Digital Marketing,5,3,2,40.0,60.0
896289,Madhav Buch,Finance,Auditor,Compliance; Financial Analysis; Forensic Accounting; Internal Auditing,Excel; Risk Assessment,6,4,2,33.33,66.67
896664,Raunak Kata,HR,Employee Relations,Conflict Resolution; Employment Law; Hr Policies; Investigation,Mediation,5,4,1,20.0,80.0
897088,Divyansh Krish,Finance,Financial Analyst,Financial Modeling; Forecasting; Valuation,Excel; Power Bi; Sql,6,3,3,50.0,50.0
897160,Mehul Kant,IT,Data Analyst,Python; Sql; Tableau,Excel; Power Bi; Statistical Analysis,6,3,3,50.0,50.0
897753,Aradhya Dhingra,IT,Software Engineer,Data Structures; Docker; Git; Python,Ci/Cd; Java; Kubernetes,7,4,3,42.86,57.14
897782,Chirag Bassi,Finance,Auditor,Compliance; Forensic Accounting; Internal Auditing,Excel; Financial Analysis; Risk Assessment,6,3,3,50.0,50.0
897973,Arnav Krishna,Sales,Account Manager,Account Planning; Client Retention; Crm (Salesforce); Upselling,Contract Negotiation,5,4,1,20.0,80.0
898197,Nitara Basu,Finance,Financial Analyst,Financial Modeling; Power Bi; Sql; Valuation,Excel; Forecasting,6,4,2,33.33,66.67
898382,Dharmajan Kaur,Marketing,Content Strategist,Copywriting; Information Architecture; Seo; User Research,Content Auditing,5,4,1,20.0,80.0
898619,Priyansh Anand,HR,Recruitment Specialist,Employer Branding; Interviewing; Salary Negotiation,Ats; Technical Sourcing,5,3,2,40.0,60.0
898660,Sara Bal,Marketing,Content Strategist,Content Auditing; Seo; User Research,Copywriting; Information Architecture,5,3,2,40.0,60.0
898877,Pari Choudhary,Sales,Account Manager,Account Planning; Client Retention; Contract Negotiation; Crm (Salesforce),Upselling,5,4,1,20.0,80.0
899019,Lavanya Bains,Finance,Financial Analyst,Financial Modeling; Forecasting; Valuation,Excel; Power Bi; Sql,6,3,3,50.0,50.0
899066,Kartik Basu,Marketing,Marketing Executive,Campaign Management; Content Marketing; Google Analytics,Digital Marketing; Seo,5,3,2,40.0,60.0
899345,Drishya Garde,Sales,Account Manager,Account Planning; Crm (Salesforce); Upselling,Client Retention; Contract Negotiation,5,3,2,40.0,60.0
899590,Rati Baral,Marketing,Content Strategist,Content Auditing; Copywriting; Information Architecture; Seo,User Research,5,4,1,20.0,80.0
899741,Heer Tata,Finance,Financial Analyst,Excel; Financial Modeling; Sql; Valuation,Forecasting; Power Bi,6,4,2,33.33,66.67
899833,Elakshi Bal,IT,Data Analyst,Python; Statistical Analysis; Tableau,Excel; Power Bi; Sql,6,3,3,50.0,50.0
900208,Kanav Brar,IT,Data Analyst,Power Bi; Python; Sql; Statistical Analysis; Tableau,Excel,6,5,1,16.67,83.33
900323,Lakshit Jaggi,Sales,Account Manager,Client Retention; Contract Negotiation; Crm (Salesforce); Upselling,Account Planning,5,4,1,20.0,80.0
900336,Kiaan Garde,Sales,Business Development,Crm; Partnership Development; Pipeline Management; Strategic Pitching,Market Research,5,4,1,20.0,80.0
900343,Ranbir Cherian,HR,Employee Relations,Employment Law; Hr Policies; Investigation; Mediation,Conflict Resolution,5,4,1,20.0,80.0
900454,Ira Wali,Sales,Sales Executive,Communication; Contract Closing; Crm; Negotiation,B2B Sales; Lead Generation,6,4,2,33.33,66.67
900614,Diya Kata,Marketing,SEO Specialist,Backlink Strategy; Content Optimization; Html / Css Basics,Google Analytics; On-Page Seo,5,3,2,40.0,60.0
900733,Pari Balasubramanian,Sales,Account Manager,Client Retention; Contract Negotiation; Crm (Salesforce),Account Planning; Upselling,5,3,2,40.0,60.0
901065,Suhana Buch,HR,Employee Relations,Conflict Resolution; Employment Law; Investigation; Mediation,Hr Policies,5,4,1,20.0,80.0
901110,Gokul Chopra,Finance,Financial Analyst,Financial Modeling; Forecasting; Power Bi; Valuation,Excel; Sql,6,4,2,33.33,66.67
901257,Nakul Sane,Finance,Financial Analyst,Excel; Financial Modeling; Forecasting; Power Bi; Sql,Valuation,6,5,1,16.67,83.33
901936,Anaya Sodhi,Marketing,Content Strategist,Content Auditing; Copywriting; Information Architecture,Seo; User Research,5,3,2,40.0,60.0
902051,Gatik Walla,HR,HR Manager,Employee Relations; Hris; Leadership; Talent Acquisition,Labor Law; Performance Management,6,4,2,33.33,66.67
902228,Aarna Sharaf,Sales,Business Development,Crm; Market Research; Partnership Development; Strategic Pitching,Pipeline Management,5,4,1,20.0,80.0
902256,Vivaan Savant,IT,Software Engineer,Ci/Cd; Data Structures; Docker; Git; Java; Kubernetes,Python,7,6,1,14.29,85.71
902324,Ishita Bassi,Sales,Sales Executive,B2B Sales; Communication; Contract Closing; Crm; Lead Generation,Negotiation,6,5,1,16.67,83.33
902328,Pihu Talwar,Marketing,Content Strategist,Copywriting; Information Architecture; Seo,Content Auditing; User Research,5,3,2,40.0,60.0
902743,Ayesha Tata,IT,Software Engineer,Ci/Cd; Data Structures; Docker; Java; Kubernetes,Git; Python,7,5,2,28.57,71.43
902761,Gokul Sani,IT,Software Engineer,Ci/Cd; Data Structures; Git; Java; Python,Docker; Kubernetes,7,5,2,28.57,71.43
902856,Tara Arya,IT,Data Analyst,Excel; Power Bi; Python; Statistical Analysis,Sql; Tableau,6,4,2,33.33,66.67
903269,Kimaya Behl,Finance,Auditor,Compliance; Financial Analysis; Internal Auditing; Risk Assessment,Excel; Forensic Accounting,6,4,2,33.33,66.67
903328,Diya Bath,Finance,Auditor,Compliance; Excel; Forensic Accounting; Risk Assessment,Financial Analysis; Internal Auditing,6,4,2,33.33,66.67
903534,Yashvi Toor,HR,Employee Relations,Conflict Resolution; Employment Law; Investigation; Mediation,Hr Policies,5,4,1,20.0,80.0
903645,Azad Mahajan,Finance,Auditor,Compliance; Excel; Forensic Accounting; Internal Auditing,Financial Analysis; Risk Assessment,6,4,2,33.33,66.67
903729,Emir Chaudhry,HR,HR Manager,Hris; Labor Law; Leadership; Performance Management; Talent Acquisition,Employee Relations,6,5,1,16.67,83.33
904099,Kiara Keer,HR,Employee Relations,Employment Law; Hr Policies; Investigation; Mediation,Conflict Resolution,5,4,1,20.0,80.0
904358,Hrishita Mane,HR,Employee Relations,Employment Law; Hr Policies; Mediation,Conflict Resolution; Investigation,5,3,2,40.0,60.0
904490,Tarini Tata,Sales,Business Development,Crm; Partnership Development; Pipeline Management; Strategic Pitching,Market Research,5,4,1,20.0,80.0
904616,Rhea Goda,Finance,Accountant,Auditing; Erp Systems; Excel; Quickbooks; Tax Compliance,Financial Accounting,6,5,1,16.67,83.33
904766,Sana Handa,Sales,Business Development,Market Research; Partnership Development; Pipeline Management; Strategic Pitching,Crm,5,4,1,20.0,80.0
905514,Mamooty Randhawa,HR,Employee Relations,Conflict Resolution; Employment Law,Hr Policies; Investigation; Mediation,5,2,3,60.0,40.0
905961,Hrishita Sarraf,Sales,Account Manager,Client Retention; Crm (Salesforce); Upselling,Account Planning; Contract Negotiation,5,3,2,40.0,60.0
906004,Ishaan Goyal,IT,Software Engineer,Ci/Cd; Data Structures; Git; Kubernetes; Python,Docker; Java,7,5,2,28.57,71.43
906712,Ivan Basu,IT,Software Engineer,Data Structures; Docker; Git; Java; Kubernetes; Python,Ci/Cd,7,6,1,14.29,85.71
906767,Alisha Ramachandran,Marketing,SEO Specialist,Backlink Strategy; Content Optimization; Google Analytics,Html / Css Basics; On-Page Seo,5,3,2,40.0,60.0
906820,Onkar Basak,HR,Employee Relations,Employment Law; Hr Policies; Investigation; Mediation,Conflict Resolution,5,4,1,20.0,80.0
907038,Gokul Lalla,HR,Recruitment Specialist,Employer Branding; Interviewing,Ats; Salary Negotiation; Technical Sourcing,5,2,3,60.0,40.0
907096,Ishaan Dube,Finance,Financial Analyst,Financial Modeling; Power Bi; Sql,Excel; Forecasting; Valuation,6,3,3,50.0,50.0
907216,Divyansh Bobal,Marketing,Marketing Executive,Campaign Management; Content Marketing; Digital Marketing; Google Analytics,Seo,5,4,1,20.0,80.0
907341,Kavya Kulkarni,IT,Cybersecurity Specialist,Cryptography; Incident Response; Network Security; Siem,Penetration Testing; Python,6,4,2,33.33,66.67
907550,Ritvik Singh,Sales,Account Manager,Account Planning; Contract Negotiation; Crm (Salesforce); Upselling,Client Retention,5,4,1,20.0,80.0
907675,Dharmajan Kaul,Marketing,Marketing Executive,Campaign Management; Content Marketing; Seo,Digital Marketing; Google Analytics,5,3,2,40.0,60.0
907833,Himmat Banik,Sales,Account Manager,Account Planning; Client Retention; Contract Negotiation,Crm (Salesforce); Upselling,5,3,2,40.0,60.0
907976,Eva De,IT,Software Engineer,Data Structures; Git; Java; Kubernetes; Python,Ci/Cd; Docker,7,5,2,28.57,71.43
908419,Madhup Mahal,Finance,Auditor,Excel; Financial Analysis; Internal Auditing,Compliance; Forensic Accounting; Risk Assessment,6,3,3,50.0,50.0
908523,Pranay Boase,Finance,Accountant,Auditing; Erp Systems; Excel; Financial Accounting; Tax Compliance,Quickbooks,6,5,1,16.67,83.33
908879,Vihaan Dani,Finance,Auditor,Compliance; Financial Analysis; Internal Auditing,Excel; Forensic Accounting; Risk Assessment,6,3,3,50.0,50.0
909565,Zara Chatterjee,Sales,Account Manager,Account Planning; Client Retention; Crm (Salesforce),Contract Negotiation; Upselling,5,3,2,40.0,60.0
909747,Ela Kibe,Marketing,Content Strategist,Information Architecture; Seo; User Research,Content Auditing; Copywriting,5,3,2,40.0,60.0
909793,Taran Sawhney,HR,HR Manager,Hris; Labor Law; Performance Management; Talent Acquisition,Employee Relations; Leadership,6,4,2,33.33,66.67
909845,Hridaan Keer,HR,Employee Relations,Conflict Resolution; Employment Law; Hr Policies; Investigation,Mediation,5,4,1,20.0,80.0
910106,Indranil Singh,IT,Data Analyst,Excel; Power Bi; Python; Sql,Statistical Analysis; Tableau,6,4,2,33.33,66.67
910219,Suhana Sahni,Finance,Accountant,Erp Systems; Excel; Tax Compliance,Auditing; Financial Accounting; Quickbooks,6,3,3,50.0,50.0
910846,Amira Atwal,Sales,Account Manager,Client Retention; Contract Negotiation; Crm (Salesforce); Upselling,Account Planning,5,4,1,20.0,80.0
910847,Kiara Devi,IT,Cybersecurity Specialist,Cryptography; Network Security; Penetration Testing,Incident Response; Python; Siem,6,3,3,50.0,50.0
910867,Madhup Ramakrishnan,HR,HR Manager,Employee Relations; Hris; Labor Law; Leadership,Performance Management; Talent Acquisition,6,4,2,33.33,66.67
910959,Yuvraj  Bhat,Marketing,Marketing Executive,Content Marketing; Google Analytics; Seo,Campaign Management; Digital Marketing,5,3,2,40.0,60.0
911031,Uthkarsh Master,Sales,Account Manager,Account Planning; Client Retention; Upselling,Contract Negotiation; Crm (Salesforce),5,3,2,40.0,60.0
911052,Kaira Acharya,Sales,Sales Executive,B2B Sales; Communication; Contract Closing; Crm; Lead Generation,Negotiation,6,5,1,16.67,83.33
911301,Baiju Arya,IT,Software Engineer,Data Structures; Java; Kubernetes; Python,Ci/Cd; Docker; Git,7,4,3,42.86,57.14
911308,Devansh Mahal,Sales,Business Development,Crm; Partnership Development; Pipeline Management,Market Research; Strategic Pitching,5,3,2,40.0,60.0
911448,Aniruddh Garg,IT,Cybersecurity Specialist,Cryptography; Network Security; Siem,Incident Response; Penetration Testing; Python,6,3,3,50.0,50.0
911534,Advik Barad,Sales,Account Manager,Crm (Salesforce); Upselling,Account Planning; Client Retention; Contract Negotiation,5,2,3,60.0,40.0
911663,Alisha Zachariah,IT,Data Analyst,Excel; Power Bi; Python; Sql; Tableau,Statistical Analysis,6,5,1,16.67,83.33
911708,Prisha Ghose,Marketing,SEO Specialist,Backlink Strategy; Google Analytics; On-Page Seo,Content Optimization; Html / Css Basics,5,3,2,40.0,60.0
911788,Kiaan Chaudhuri,HR,HR Manager,Employee Relations; Hris; Labor Law; Leadership; Talent Acquisition,Performance Management,6,5,1,16.67,83.33
911814,Manjari Manne,IT,Software Engineer,Ci/Cd; Data Structures; Docker; Java; Kubernetes; Python,Git,7,6,1,14.29,85.71
911947,Aaina Bath,Finance,Accountant,Auditing; Excel; Financial Accounting; Tax Compliance,Erp Systems; Quickbooks,6,4,2,33.33,66.67
912187,Jayan Bala,Sales,Business Development,Crm; Partnership Development; Pipeline Management; Strategic Pitching,Market Research,5,4,1,20.0,80.0
912388,Nakul Jani,Sales,Account Manager,Account Planning; Client Retention; Crm (Salesforce); Upselling,Contract Negotiation,5,4,1,20.0,80.0
912426,Nitara Jhaveri,Marketing,Marketing Executive,Campaign Management; Digital Marketing; Google Analytics,Content Marketing; Seo,5,3,2,40.0,60.0
912802,Damini Khosla,Marketing,Content Strategist,Content Auditing; Information Architecture; Seo,Copywriting; User Research,5,3,2,40.0,60.0
912833,Himmat Grewal,IT,Cybersecurity Specialist,Incident Response; Network Security; Penetration Testing; Python; Siem,Cryptography,6,5,1,16.67,83.33
912892,Jayesh Lad,HR,HR Manager,Employee Relations; Hris; Leadership; Talent Acquisition,Labor Law; Performance Management,6,4,2,33.33,66.67
912964,Nakul Khosla,Finance,Auditor,Excel; Forensic Accounting; Risk Assessment,Compliance; Financial Analysis; Internal Auditing,6,3,3,50.0,50.0
912975,Piya Bora,Sales,Business Development,Crm; Market Research; Pipeline Management; Strategic Pitching,Partnership Development,5,4,1,20.0,80.0
912978,Divit Doshi,HR,Employee Relations,Conflict Resolution; Investigation; Mediation,Employment Law; Hr Policies,5,3,2,40.0,60.0
913107,Anahita Hans,Finance,Accountant,Auditing; Erp Systems; Excel; Quickbooks,Financial Accounting; Tax Compliance,6,4,2,33.33,66.67
913210,Riya Khanna,Sales,Account Manager,Account Planning; Contract Negotiation; Crm (Salesforce),Client Retention; Upselling,5,3,2,40.0,60.0
913309,Kiaan Sura,Marketing,Marketing Executive,Content Marketing; Digital Marketing,Campaign Management; Google Analytics; Seo,5,2,3,60.0,40.0
913327,Piya Ram,Finance,Auditor,Compliance; Financial Analysis; Forensic Accounting; Internal Auditing,Excel; Risk Assessment,6,4,2,33.33,66.67
914046,Onkar Sethi,Marketing,Marketing Executive,Campaign Management; Content Marketing; Google Analytics; Seo,Digital Marketing,5,4,1,20.0,80.0
914105,Kiaan Dhar,Marketing,Content Strategist,Copywriting; Information Architecture; User Research,Content Auditing; Seo,5,3,2,40.0,60.0
914388,Kiaan Deo,IT,Cybersecurity Specialist,Cryptography; Incident Response; Network Security; Python; Siem,Penetration Testing,6,5,1,16.67,83.33
914673,Tarini Sidhu,IT,Data Analyst,Power Bi; Python; Sql; Tableau,Excel; Statistical Analysis,6,4,2,33.33,66.67
914691,Aradhya Handa,Sales,Business Development,Crm; Market Research; Strategic Pitching,Partnership Development; Pipeline Management,5,3,2,40.0,60.0
914694,Vanya Sethi,Sales,Business Development,Market Research; Partnership Development; Pipeline Management; Strategic Pitching,Crm,5,4,1,20.0,80.0
914782,Raghav Verma,Sales,Sales Executive,B2B Sales; Communication; Contract Closing,Crm; Lead Generation; Negotiation,6,3,3,50.0,50.0
915366,Aaina Dalal,HR,Employee Relations,Conflict Resolution; Employment Law; Hr Policies; Mediation,Investigation,5,4,1,20.0,80.0
915795,Reyansh D’Alia,IT,Data Analyst,Excel; Power Bi; Sql; Statistical Analysis; Tableau,Python,6,5,1,16.67,83.33
916163,Ahana  Apte,HR,Recruitment Specialist,Ats; Employer Branding; Interviewing; Technical Sourcing,Salary Negotiation,5,4,1,20.0,80.0
916452,Rati Anne,Sales,Business Development,Crm; Market Research; Partnership Development; Pipeline Management,Strategic Pitching,5,4,1,20.0,80.0
916530,Kartik Saraf,Sales,Account Manager,Account Planning; Client Retention; Crm (Salesforce),Contract Negotiation; Upselling,5,3,2,40.0,60.0
916644,Vedika Magar,Finance,Auditor,Compliance; Excel; Financial Analysis; Internal Auditing; Risk Assessment,Forensic Accounting,6,5,1,16.67,83.33
916725,Aayush Agate,IT,Cybersecurity Specialist,Cryptography; Incident Response; Network Security,Penetration Testing; Python; Siem,6,3,3,50.0,50.0
916926,Manikya Sridhar,IT,Cybersecurity Specialist,Cryptography; Incident Response; Network Security; Penetration Testing,Python; Siem,6,4,2,33.33,66.67
917202,Gokul Behl,Sales,Business Development,Crm; Market Research; Strategic Pitching,Partnership Development; Pipeline Management,5,3,2,40.0,60.0
917326,Armaan Bhakta,IT,Data Analyst,Power Bi; Python; Tableau,Excel; Sql; Statistical Analysis,6,3,3,50.0,50.0
917471,Pihu Ghose,HR,HR Manager,Employee Relations; Hris; Labor Law; Leadership; Talent Acquisition,Performance Management,6,5,1,16.67,83.33
917472,Ehsaan Shankar,Marketing,Content Strategist,Copywriting; Information Architecture; User Research,Content Auditing; Seo,5,3,2,40.0,60.0
917623,Kismat Ramesh,Sales,Account Manager,Account Planning; Client Retention; Contract Negotiation,Crm (Salesforce); Upselling,5,3,2,40.0,60.0
917743,Chirag Chakraborty,IT,Cybersecurity Specialist,Cryptography; Incident Response; Penetration Testing; Python,Network Security; Siem,6,4,2,33.33,66.67
917928,Himmat Chandran,Marketing,SEO Specialist,Google Analytics; Html / Css Basics; On-Page Seo,Backlink Strategy; Content Optimization,5,3,2,40.0,60.0
918065,Mohanlal Kothari,Sales,Business Development,Crm; Market Research; Partnership Development; Strategic Pitching,Pipeline Management,5,4,1,20.0,80.0
918072,Taimur Bhavsar,Finance,Auditor,Excel; Financial Analysis; Forensic Accounting; Internal Auditing; Risk Assessment,Compliance,6,5,1,16.67,83.33
918144,Oorja Jain,HR,HR Manager,Hris; Labor Law; Leadership; Performance Management,Employee Relations; Talent Acquisition,6,4,2,33.33,66.67
918412,Rohan Hegde,Marketing,Content Strategist,Information Architecture; Seo; User Research,Content Auditing; Copywriting,5,3,2,40.0,60.0
918417,Kavya Bhatia,IT,Data Analyst,Excel; Power Bi; Python; Tableau,Sql; Statistical Analysis,6,4,2,33.33,66.67
918541,Divit Ravel,Finance,Accountant,Auditing; Erp Systems; Excel; Financial Accounting; Quickbooks,Tax Compliance,6,5,1,16.67,83.33
918665,Adah Dara,Sales,Business Development,Market Research; Partnership Development; Pipeline Management,Crm; Strategic Pitching,5,3,2,40.0,60.0
918945,Damini Gara,HR,Recruitment Specialist,Ats; Interviewing; Technical Sourcing,Employer Branding; Salary Negotiation,5,3,2,40.0,60.0
919129,Ehsaan Bains,HR,HR Manager,Employee Relations; Hris; Labor Law; Leadership; Talent Acquisition,Performance Management,6,5,1,16.67,83.33
919314,Jhanvi Kata,Finance,Accountant,Erp Systems; Excel; Quickbooks; Tax Compliance,Auditing; Financial Accounting,6,4,2,33.33,66.67
919417,Himmat Shah,HR,Recruitment Specialist,Employer Branding; Interviewing; Salary Negotiation,Ats; Technical Sourcing,5,3,2,40.0,60.0
919704,Hazel Gulati,Sales,Sales Executive,B2B Sales; Contract Closing; Crm; Lead Generation; Negotiation,Communication,6,5,1,16.67,83.33
919751,Jayesh Walla,HR,Employee Relations,Hr Policies; Mediation,Conflict Resolution; Employment Law; Investigation,5,2,3,60.0,40.0
919860,Trisha Krishna,Finance,Accountant,Excel; Financial Accounting; Quickbooks,Auditing; Erp Systems; Tax Compliance,6,3,3,50.0,50.0
920075,Priyansh Seth,Sales,Account Manager,Client Retention; Contract Negotiation; Crm (Salesforce); Upselling,Account Planning,5,4,1,20.0,80.0
920235,Zain Bora,HR,HR Manager,Hris; Labor Law; Leadership; Performance Management; Talent Acquisition,Employee Relations,6,5,1,16.67,83.33
920241,Tushar Handa,Marketing,Content Strategist,Content Auditing; Copywriting; Seo; User Research,Information Architecture,5,4,1,20.0,80.0
920286,Manjari Chowdhury,HR,HR Manager,Labor Law; Leadership; Performance Management; Talent Acquisition,Employee Relations; Hris,6,4,2,33.33,66.67
920338,Heer Rastogi,IT,Data Analyst,Excel; Python; Statistical Analysis,Power Bi; Sql; Tableau,6,3,3,50.0,50.0
920466,Oorja Kala,Sales,Sales Executive,Communication; Crm; Lead Generation,B2B Sales; Contract Closing; Negotiation,6,3,3,50.0,50.0
920467,Shlok Keer,Sales,Sales Executive,B2B Sales; Communication; Crm; Lead Generation; Negotiation,Contract Closing,6,5,1,16.67,83.33
920549,Vidur Vala,Marketing,Marketing Executive,Campaign Management; Content Marketing; Google Analytics; Seo,Digital Marketing,5,4,1,20.0,80.0
920768,Myra Kothari,HR,Employee Relations,Employment Law; Hr Policies; Investigation; Mediation,Conflict Resolution,5,4,1,20.0,80.0
920844,Yasmin Brar,Finance,Auditor,Compliance; Excel; Forensic Accounting,Financial Analysis; Internal Auditing; Risk Assessment,6,3,3,50.0,50.0
920993,Zaina Manne,Sales,Sales Executive,Contract Closing; Lead Generation; Negotiation,B2B Sales; Communication; Crm,6,3,3,50.0,50.0
921137,Ivan Sami,Sales,Business Development,Crm; Partnership Development; Pipeline Management,Market Research; Strategic Pitching,5,3,2,40.0,60.0
921351,Tarini Sachdev,Sales,Sales Executive,B2B Sales; Communication; Contract Closing; Crm; Negotiation,Lead Generation,6,5,1,16.67,83.33
922221,Ahana  Bhatti,IT,Data Analyst,Excel; Python; Statistical Analysis; Tableau,Power Bi; Sql,6,4,2,33.33,66.67
922428,Prisha Gade,Marketing,SEO Specialist,Backlink Strategy; Google Analytics; On-Page Seo,Content Optimization; Html / Css Basics,5,3,2,40.0,60.0
922524,Eva Dara,Finance,Auditor,Financial Analysis; Forensic Accounting; Internal Auditing,Compliance; Excel; Risk Assessment,6,3,3,50.0,50.0
922972,Divit Ramaswamy,IT,Software Engineer,Ci/Cd; Java; Kubernetes; Python,Data Structures; Docker; Git,7,4,3,42.86,57.14
923001,Fateh Babu,Sales,Account Manager,Account Planning; Contract Negotiation; Crm (Salesforce),Client Retention; Upselling,5,3,2,40.0,60.0
923123,Mamooty Soni,Finance,Auditor,Compliance; Excel; Financial Analysis; Forensic Accounting; Internal Auditing,Risk Assessment,6,5,1,16.67,83.33
923149,Purab Bali,Sales,Account Manager,Account Planning; Client Retention; Contract Negotiation,Crm (Salesforce); Upselling,5,3,2,40.0,60.0
923470,Aarna Kadakia,HR,Employee Relations,Conflict Resolution; Employment Law; Investigation,Hr Policies; Mediation,5,3,2,40.0,60.0
923529,Kabir Sankaran,Finance,Financial Analyst,Excel; Financial Modeling; Power Bi,Forecasting; Sql; Valuation,6,3,3,50.0,50.0
923713,Dhanuk Goda,Marketing,Content Strategist,Copywriting; Seo; User Research,Content Auditing; Information Architecture,5,3,2,40.0,60.0
924070,Lavanya Gaba,Finance,Auditor,Compliance; Forensic Accounting; Internal Auditing; Risk Assessment,Excel; Financial Analysis,6,4,2,33.33,66.67
924102,Mannat Bala,HR,Recruitment Specialist,Ats; Employer Branding; Interviewing; Technical Sourcing,Salary Negotiation,5,4,1,20.0,80.0
924475,Indranil Mahal,Finance,Accountant,Erp Systems; Excel; Financial Accounting; Quickbooks; Tax Compliance,Auditing,6,5,1,16.67,83.33
924510,Neelofar Bera,HR,Employee Relations,Conflict Resolution; Employment Law; Hr Policies; Investigation,Mediation,5,4,1,20.0,80.0
924525,Nehmat Srinivas,Finance,Auditor,Compliance; Financial Analysis; Forensic Accounting; Internal Auditing,Excel; Risk Assessment,6,4,2,33.33,66.67
924746,Nitara Ghose,Sales,Business Development,Crm; Market Research; Partnership Development; Pipeline Management,Strategic Pitching,5,4,1,20.0,80.0
925115,Anay Ramesh,Finance,Accountant,Auditing; Erp Systems; Excel; Quickbooks; Tax Compliance,Financial Accounting,6,5,1,16.67,83.33
925126,Mahika Bora,Sales,Account Manager,Client Retention; Contract Negotiation; Upselling,Account Planning; Crm (Salesforce),5,3,2,40.0,60.0
925356,Eva Sawhney,HR,HR Manager,Employee Relations; Hris; Labor Law,Leadership; Performance Management; Talent Acquisition,6,3,3,50.0,50.0
925538,Hridaan Gour,Finance,Accountant,Auditing; Erp Systems; Excel; Tax Compliance,Financial Accounting; Quickbooks,6,4,2,33.33,66.67
925720,Dhanush Rau,HR,Employee Relations,Conflict Resolution; Hr Policies; Investigation; Mediation,Employment Law,5,4,1,20.0,80.0
925752,Vritika Upadhyay,Sales,Sales Executive,B2B Sales; Communication; Crm; Negotiation,Contract Closing; Lead Generation,6,4,2,33.33,66.67
925908,Taimur Kapadia,Marketing,Content Strategist,Content Auditing; Copywriting; Information Architecture; User Research,Seo,5,4,1,20.0,80.0
926833,Hridaan Sanghvi,Finance,Auditor,Excel; Forensic Accounting; Internal Auditing; Risk Assessment,Compliance; Financial Analysis,6,4,2,33.33,66.67
927109,Nishith Bhargava,Marketing,Marketing Executive,Campaign Management; Content Marketing; Digital Marketing; Seo,Google Analytics,5,4,1,20.0,80.0
927183,Sara Dugar,Finance,Accountant,Financial Accounting; Quickbooks; Tax Compliance,Auditing; Erp Systems; Excel,6,3,3,50.0,50.0
927501,Vritika Srinivasan,Marketing,Marketing Executive,Campaign Management; Seo,Content Marketing; Digital Marketing; Google Analytics,5,2,3,60.0,40.0
927544,Shray Manda,Finance,Financial Analyst,Excel; Financial Modeling; Forecasting; Power Bi,Sql; Valuation,6,4,2,33.33,66.67
927620,Aniruddh Badal,IT,Cybersecurity Specialist,Cryptography; Incident Response; Penetration Testing; Python; Siem,Network Security,6,5,1,16.67,83.33
927818,Kismat Rout,IT,Cybersecurity Specialist,Cryptography; Incident Response; Python; Siem,Network Security; Penetration Testing,6,4,2,33.33,66.67
927912,Renee Badami,HR,Employee Relations,Employment Law; Investigation,Conflict Resolution; Hr Policies; Mediation,5,2,3,60.0,40.0
927942,Gokul Sekhon,Marketing,SEO Specialist,Content Optimization; Google Analytics; On-Page Seo,Backlink Strategy; Html / Css Basics,5,3,2,40.0,60.0
928490,Gokul Lalla,IT,Cybersecurity Specialist,Penetration Testing; Python; Siem,Cryptography; Incident Response; Network Security,6,3,3,50.0,50.0
928791,Kanav Sama,Finance,Accountant,Auditing; Excel; Quickbooks; Tax Compliance,Erp Systems; Financial Accounting,6,4,2,33.33,66.67
928871,Alia Borah,IT,Data Analyst,Python; Sql; Statistical Analysis; Tableau,Excel; Power Bi,6,4,2,33.33,66.67
928931,Vritika Lal,Finance,Auditor,Compliance; Excel; Forensic Accounting; Risk Assessment,Financial Analysis; Internal Auditing,6,4,2,33.33,66.67
929030,Oorja Sundaram,IT,Cybersecurity Specialist,Cryptography; Network Security; Python; Siem,Incident Response; Penetration Testing,6,4,2,33.33,66.67
929402,Yasmin Trivedi,IT,Data Analyst,Excel; Power Bi; Python; Sql; Statistical Analysis,Tableau,6,5,1,16.67,83.33
929537,Indrajit Kadakia,Sales,Sales Executive,Communication; Lead Generation; Negotiation,B2B Sales; Contract Closing; Crm,6,3,3,50.0,50.0
929643,Chirag Saxena,Sales,Business Development,Crm; Market Research; Pipeline Management; Strategic Pitching,Partnership Development,5,4,1,20.0,80.0
929712,Ivan Bhakta,HR,HR Manager,Hris; Labor Law; Performance Management,Employee Relations; Leadership; Talent Acquisition,6,3,3,50.0,50.0
929792,Urvi Lata,Sales,Account Manager,Client Retention; Crm (Salesforce); Upselling,Account Planning; Contract Negotiation,5,3,2,40.0,60.0
929819,Divit Bhargava,IT,Data Analyst,Power Bi; Python; Sql; Tableau,Excel; Statistical Analysis,6,4,2,33.33,66.67
929892,Pihu Mannan,Marketing,Content Strategist,Content Auditing; Copywriting; Information Architecture,Seo; User Research,5,3,2,40.0,60.0
929912,Ojas Chad,Finance,Auditor,Compliance; Excel; Forensic Accounting,Financial Analysis; Internal Auditing; Risk Assessment,6,3,3,50.0,50.0
930259,Faiyaz Sengupta,Finance,Auditor,Compliance; Excel; Financial Analysis; Forensic Accounting; Risk Assessment,Internal Auditing,6,5,1,16.67,83.33
930376,Ishaan Lata,Finance,Financial Analyst,Financial Modeling; Forecasting; Power Bi,Excel; Sql; Valuation,6,3,3,50.0,50.0
930676,Krish Dayal,Sales,Business Development,Crm; Market Research; Pipeline Management; Strategic Pitching,Partnership Development,5,4,1,20.0,80.0
930682,Veer Bhasin,Sales,Business Development,Crm; Market Research; Partnership Development; Strategic Pitching,Pipeline Management,5,4,1,20.0,80.0
930699,Sara Roy,IT,Cybersecurity Specialist,Cryptography; Incident Response; Network Security; Penetration Testing; Siem,Python,6,5,1,16.67,83.33
930806,Rohan Jaggi,Finance,Financial Analyst,Excel; Financial Modeling; Forecasting,Power Bi; Sql; Valuation,6,3,3,50.0,50.0
931246,Inaaya  Dash,IT,Software Engineer,Ci/Cd; Docker; Git; Kubernetes; Python,Data Structures; Java,7,5,2,28.57,71.43
931412,Vritika Badal,Sales,Business Development,Crm; Partnership Development; Pipeline Management; Strategic Pitching,Market Research,5,4,1,20.0,80.0
932001,Hrishita Chawla,Finance,Auditor,Compliance; Excel; Financial Analysis; Internal Auditing; Risk Assessment,Forensic Accounting,6,5,1,16.67,83.33
932396,Tara Mani,Sales,Sales Executive,B2B Sales; Communication; Crm; Lead Generation; Negotiation,Contract Closing,6,5,1,16.67,83.33
932416,Vanya Rama,Finance,Financial Analyst,Excel; Financial Modeling; Forecasting; Power Bi; Valuation,Sql,6,5,1,16.67,83.33
932536,Uthkarsh Cherian,HR,Recruitment Specialist,Employer Branding; Interviewing; Technical Sourcing,Ats; Salary Negotiation,5,3,2,40.0,60.0
932538,Azad Babu,Sales,Business Development,Crm; Market Research; Partnership Development; Pipeline Management,Strategic Pitching,5,4,1,20.0,80.0
932627,Darshit Boase,Finance,Financial Analyst,Excel; Financial Modeling; Power Bi,Forecasting; Sql; Valuation,6,3,3,50.0,50.0
932669,Bhamini Uppal,HR,Employee Relations,Conflict Resolution; Hr Policies; Investigation,Employment Law; Mediation,5,3,2,40.0,60.0
933185,Sana Ratta,IT,Software Engineer,Ci/Cd; Docker; Git; Kubernetes; Python,Data Structures; Java,7,5,2,28.57,71.43
933322,Manikya Lala,HR,Recruitment Specialist,Ats; Employer Branding; Salary Negotiation; Technical Sourcing,Interviewing,5,4,1,20.0,80.0
933510,Jivin Mall,Marketing,Content Strategist,Content Auditing; Seo; User Research,Copywriting; Information Architecture,5,3,2,40.0,60.0
933548,Riya Dani,Marketing,Marketing Executive,Content Marketing; Digital Marketing; Seo,Campaign Management; Google Analytics,5,3,2,40.0,60.0
933785,Khushi Uppal,Sales,Sales Executive,B2B Sales; Communication; Crm; Lead Generation; Negotiation,Contract Closing,6,5,1,16.67,83.33
933801,Lakshay Apte,Sales,Account Manager,Account Planning; Client Retention; Contract Negotiation,Crm (Salesforce); Upselling,5,3,2,40.0,60.0
934202,Adah Kade,IT,Cybersecurity Specialist,Cryptography; Network Security; Penetration Testing; Python; Siem,Incident Response,6,5,1,16.67,83.33
934229,Ivana Chander,Marketing,Marketing Executive,Campaign Management; Digital Marketing; Google Analytics,Content Marketing; Seo,5,3,2,40.0,60.0
934241,Reyansh Dara,Finance,Accountant,Erp Systems; Excel; Financial Accounting; Tax Compliance,Auditing; Quickbooks,6,4,2,33.33,66.67
934273,Nehmat Goel,Marketing,SEO Specialist,Backlink Strategy; On-Page Seo,Content Optimization; Google Analytics; Html / Css Basics,5,2,3,60.0,40.0
934744,Kanav Lala,Sales,Account Manager,Account Planning; Client Retention; Contract Negotiation; Upselling,Crm (Salesforce),5,4,1,20.0,80.0
934765,Devansh Soni,IT,Software Engineer,Git; Kubernetes; Python,Ci/Cd; Data Structures; Docker; Java,7,3,4,57.14,42.86
934797,Gokul Bahl,Marketing,Content Strategist,Content Auditing; Copywriting; Seo; User Research,Information Architecture,5,4,1,20.0,80.0
934803,Zara Balasubramanian,Sales,Business Development,Crm; Market Research; Pipeline Management; Strategic Pitching,Partnership Development,5,4,1,20.0,80.0
934804,Jivin Shere,HR,Employee Relations,Conflict Resolution; Employment Law; Hr Policies; Investigation,Mediation,5,4,1,20.0,80.0
934970,Vedika Kala,IT,Data Analyst,Power Bi; Python; Sql; Statistical Analysis; Tableau,Excel,6,5,1,16.67,83.33
935427,Amira Krishnan,IT,Software Engineer,Data Structures; Docker; Git,Ci/Cd; Java; Kubernetes; Python,7,3,4,57.14,42.86
935629,Damini Karan,HR,Recruitment Specialist,Ats; Employer Branding; Technical Sourcing,Interviewing; Salary Negotiation,5,3,2,40.0,60.0
935669,Vihaan Sura,Sales,Business Development,Crm; Market Research; Partnership Development; Pipeline Management,Strategic Pitching,5,4,1,20.0,80.0
935870,Damini Chanda,Finance,Accountant,Auditing; Erp Systems; Excel; Financial Accounting; Quickbooks,Tax Compliance,6,5,1,16.67,83.33
936216,Ayesha Doshi,Marketing,Content Strategist,Content Auditing; Copywriting; User Research,Information Architecture; Seo,5,3,2,40.0,60.0
936303,Samaira Kota,Sales,Sales Executive,B2B Sales; Crm; Lead Generation,Communication; Contract Closing; Negotiation,6,3,3,50.0,50.0
936670,Krish Bali,IT,Data Analyst,Excel; Sql; Statistical Analysis; Tableau,Power Bi; Python,6,4,2,33.33,66.67
936736,Hrishita Tank,Finance,Accountant,Auditing; Erp Systems; Excel,Financial Accounting; Quickbooks; Tax Compliance,6,3,3,50.0,50.0
937038,Miraan Karan,Sales,Business Development,Partnership Development; Pipeline Management; Strategic Pitching,Crm; Market Research,5,3,2,40.0,60.0
937313,Amani Kakar,Sales,Business Development,Crm; Market Research; Pipeline Management,Partnership Development; Strategic Pitching,5,3,2,40.0,60.0
937871,Anaya Andra,Marketing,Marketing Executive,Campaign Management; Seo,Content Marketing; Digital Marketing; Google Analytics,5,2,3,60.0,40.0
937943,Saira Balakrishnan,Finance,Accountant,Auditing; Erp Systems; Excel; Quickbooks; Tax Compliance,Financial Accounting,6,5,1,16.67,83.33
937965,Zara Arora,Finance,Financial Analyst,Excel; Financial Modeling; Power Bi; Sql,Forecasting; Valuation,6,4,2,33.33,66.67
938005,Nirvaan Sami,Sales,Business Development,Market Research; Pipeline Management; Strategic Pitching,Crm; Partnership Development,5,3,2,40.0,60.0
938143,Rohan Mann,Marketing,Marketing Executive,Campaign Management; Content Marketing; Digital Marketing; Seo,Google Analytics,5,4,1,20.0,80.0
938248,Himmat Kala,Sales,Sales Executive,Communication; Contract Closing; Crm; Lead Generation; Negotiation,B2B Sales,6,5,1,16.67,83.33
938445,Miraan Sundaram,Marketing,Marketing Executive,Campaign Management; Digital Marketing; Google Analytics,Content Marketing; Seo,5,3,2,40.0,60.0
938488,Advika Sachdeva,HR,Employee Relations,Conflict Resolution; Hr Policies; Investigation; Mediation,Employment Law,5,4,1,20.0,80.0
938510,Nakul Madan,HR,HR Manager,Employee Relations; Hris; Labor Law,Leadership; Performance Management; Talent Acquisition,6,3,3,50.0,50.0
938700,Siya Bahri,Sales,Business Development,Crm; Market Research; Partnership Development; Strategic Pitching,Pipeline Management,5,4,1,20.0,80.0
938893,Nirvi Bhasin,IT,Cybersecurity Specialist,Cryptography; Network Security; Penetration Testing; Python,Incident Response; Siem,6,4,2,33.33,66.67
939040,Ahana  Gala,Sales,Business Development,Partnership Development; Pipeline Management,Crm; Market Research; Strategic Pitching,5,2,3,60.0,40.0
939466,Ojas Sunder,IT,Cybersecurity Specialist,Cryptography; Penetration Testing; Python; Siem,Incident Response; Network Security,6,4,2,33.33,66.67
939507,Ahana  Kapadia,IT,Cybersecurity Specialist,Cryptography; Incident Response; Penetration Testing; Python,Network Security; Siem,6,4,2,33.33,66.67
939679,Ehsaan Kala,Marketing,SEO Specialist,Backlink Strategy; Content Optimization; Google Analytics; Html / Css Basics,On-Page Seo,5,4,1,20.0,80.0
939775,Emir Cherian,Sales,Account Manager,Client Retention; Contract Negotiation; Upselling,Account Planning; Crm (Salesforce),5,3,2,40.0,60.0
939860,Ranbir Borde,HR,Recruitment Specialist,Ats; Employer Branding; Interviewing; Technical Sourcing,Salary Negotiation,5,4,1,20.0,80.0
940441,Ojas Chada,HR,HR Manager,Employee Relations; Labor Law; Leadership; Performance Management; Talent Acquisition,Hris,6,5,1,16.67,83.33
940884,Nishith Rout,IT,Cybersecurity Specialist,Incident Response; Network Security; Penetration Testing,Cryptography; Python; Siem,6,3,3,50.0,50.0
941004,Ishita Rajagopal,Finance,Financial Analyst,Excel; Financial Modeling; Forecasting; Power Bi; Valuation,Sql,6,5,1,16.67,83.33
941080,Kismat Andra,HR,Employee Relations,Hr Policies; Investigation; Mediation,Conflict Resolution; Employment Law,5,3,2,40.0,60.0
941083,Jayant Chaudhry,IT,Data Analyst,Excel; Power Bi; Python; Sql,Statistical Analysis; Tableau,6,4,2,33.33,66.67
941122,Hrishita Bala,Finance,Financial Analyst,Financial Modeling; Forecasting; Sql; Valuation,Excel; Power Bi,6,4,2,33.33,66.67
941251,Nitya Kakar,Finance,Auditor,Compliance; Forensic Accounting; Internal Auditing; Risk Assessment,Excel; Financial Analysis,6,4,2,33.33,66.67
941605,Nitara Kota,Marketing,SEO Specialist,Backlink Strategy; Content Optimization; Html / Css Basics,Google Analytics; On-Page Seo,5,3,2,40.0,60.0
941613,Pihu Chad,HR,Employee Relations,Conflict Resolution; Employment Law; Hr Policies; Mediation,Investigation,5,4,1,20.0,80.0
941936,Nishith Yadav,Sales,Sales Executive,B2B Sales; Communication; Contract Closing; Crm; Lead Generation,Negotiation,6,5,1,16.67,83.33
941949,Bhavin Sidhu,Sales,Sales Executive,Communication; Contract Closing; Crm; Negotiation,B2B Sales; Lead Generation,6,4,2,33.33,66.67
942008,Nitara Rastogi,Sales,Account Manager,Client Retention; Contract Negotiation; Crm (Salesforce); Upselling,Account Planning,5,4,1,20.0,80.0
942019,Sara Lata,Finance,Auditor,Compliance; Excel; Financial Analysis; Internal Auditing; Risk Assessment,Forensic Accounting,6,5,1,16.67,83.33
942165,Shlok Madan,Sales,Account Manager,Account Planning; Client Retention; Contract Negotiation; Crm (Salesforce),Upselling,5,4,1,20.0,80.0
942288,Ira Gokhale,Sales,Business Development,Market Research; Partnership Development; Pipeline Management; Strategic Pitching,Crm,5,4,1,20.0,80.0
942316,Eva Bassi,IT,Data Analyst,Excel; Power Bi; Python; Sql; Statistical Analysis,Tableau,6,5,1,16.67,83.33
942569,Vritika Keer,HR,HR Manager,Employee Relations; Hris; Labor Law; Leadership,Performance Management; Talent Acquisition,6,4,2,33.33,66.67
942605,Ehsaan Malhotra,IT,Cybersecurity Specialist,Cryptography; Network Security; Penetration Testing; Python; Siem,Incident Response,6,5,1,16.67,83.33
943105,Yashvi Dash,Finance,Financial Analyst,Excel; Financial Modeling; Forecasting; Power Bi,Sql; Valuation,6,4,2,33.33,66.67
943660,Renee Barad,HR,HR Manager,Hris; Performance Management; Talent Acquisition,Employee Relations; Labor Law; Leadership,6,3,3,50.0,50.0
943710,Bhavin Mallick,Finance,Auditor,Compliance; Excel; Financial Analysis; Forensic Accounting; Risk Assessment,Internal Auditing,6,5,1,16.67,83.33
944016,Shamik Goel,Sales,Business Development,Crm; Market Research; Pipeline Management,Partnership Development; Strategic Pitching,5,3,2,40.0,60.0
944276,Kiaan Shukla,Marketing,SEO Specialist,Content Optimization; Google Analytics; On-Page Seo,Backlink Strategy; Html / Css Basics,5,3,2,40.0,60.0
944488,Ojas Arya,IT,Software Engineer,Docker; Git; Java; Kubernetes; Python,Ci/Cd; Data Structures,7,5,2,28.57,71.43
945273,Vardaniya Dey,Sales,Sales Executive,B2B Sales; Contract Closing; Crm; Negotiation,Communication; Lead Generation,6,4,2,33.33,66.67
946003,Seher Bala,HR,HR Manager,Employee Relations; Hris; Leadership; Performance Management; Talent Acquisition,Labor Law,6,5,1,16.67,83.33
946214,Gokul Rana,IT,Data Analyst,Power Bi; Python; Sql; Statistical Analysis; Tableau,Excel,6,5,1,16.67,83.33
946388,Prisha Divan,Finance,Financial Analyst,Excel; Financial Modeling; Power Bi; Valuation,Forecasting; Sql,6,4,2,33.33,66.67
946565,Divit Doctor,Finance,Auditor,Excel; Financial Analysis; Risk Assessment,Compliance; Forensic Accounting; Internal Auditing,6,3,3,50.0,50.0
946960,Alisha Chand,Finance,Financial Analyst,Excel; Financial Modeling; Power Bi; Sql; Valuation,Forecasting,6,5,1,16.67,83.33
947156,Reyansh Ahuja,Marketing,Content Strategist,Copywriting; Information Architecture; User Research,Content Auditing; Seo,5,3,2,40.0,60.0
947172,Ritvik Kar,IT,Software Engineer,Ci/Cd; Docker; Java; Kubernetes,Data Structures; Git; Python,7,4,3,42.86,57.14
947362,Saksham Chand,Marketing,SEO Specialist,Backlink Strategy; Content Optimization; Html / Css Basics,Google Analytics; On-Page Seo,5,3,2,40.0,60.0
947367,Aarna Dhingra,Finance,Auditor,Compliance; Excel; Financial Analysis; Internal Auditing; Risk Assessment,Forensic Accounting,6,5,1,16.67,83.33
947406,Emir Bera,Finance,Financial Analyst,Excel; Financial Modeling; Sql; Valuation,Forecasting; Power Bi,6,4,2,33.33,66.67
947449,Anahita Varkey,Finance,Accountant,Auditing; Excel; Financial Accounting; Quickbooks,Erp Systems; Tax Compliance,6,4,2,33.33,66.67
947639,Pari Yogi,Finance,Auditor,Excel; Financial Analysis; Forensic Accounting; Internal Auditing; Risk Assessment,Compliance,6,5,1,16.67,83.33
947683,Amani Mall,HR,Recruitment Specialist,Interviewing; Salary Negotiation,Ats; Employer Branding; Technical Sourcing,5,2,3,60.0,40.0
947715,Purab Madan,Finance,Auditor,Compliance; Forensic Accounting; Internal Auditing; Risk Assessment,Excel; Financial Analysis,6,4,2,33.33,66.67
947730,Hansh Mammen,Finance,Accountant,Auditing; Erp Systems; Financial Accounting; Quickbooks; Tax Compliance,Excel,6,5,1,16.67,83.33
948126,Adah Seth,Finance,Auditor,Compliance; Forensic Accounting; Internal Auditing; Risk Assessment,Excel; Financial Analysis,6,4,2,33.33,66.67
948647,Mannat Sani,Finance,Auditor,Compliance; Forensic Accounting; Risk Assessment,Excel; Financial Analysis; Internal Auditing,6,3,3,50.0,50.0
948704,Nishith Bains,Finance,Financial Analyst,Excel; Financial Modeling; Power Bi; Sql; Valuation,Forecasting,6,5,1,16.67,83.33
948763,Darshit Baral,HR,HR Manager,Employee Relations; Hris; Leadership; Performance Management,Labor Law; Talent Acquisition,6,4,2,33.33,66.67
948808,Eva Sundaram,Sales,Sales Executive,B2B Sales; Communication; Contract Closing; Crm; Lead Generation,Negotiation,6,5,1,16.67,83.33
948826,Pranay Kalita,IT,Cybersecurity Specialist,Cryptography; Incident Response; Network Security; Python; Siem,Penetration Testing,6,5,1,16.67,83.33
948962,Vaibhav Yohannan,HR,Employee Relations,Employment Law; Hr Policies; Investigation,Conflict Resolution; Mediation,5,3,2,40.0,60.0
949218,Mannat Choudhury,IT,Software Engineer,Ci/Cd; Data Structures; Docker; Git; Kubernetes; Python,Java,7,6,1,14.29,85.71
949278,Arhaan Chahal,IT,Software Engineer,Ci/Cd; Docker; Java; Kubernetes; Python,Data Structures; Git,7,5,2,28.57,71.43
949635,Prerak Mannan,IT,Cybersecurity Specialist,Incident Response; Network Security; Penetration Testing; Python; Siem,Cryptography,6,5,1,16.67,83.33
949655,Hiran Sharma,HR,Recruitment Specialist,Ats; Employer Branding; Salary Negotiation,Interviewing; Technical Sourcing,5,3,2,40.0,60.0
950003,Mehul Chaudry,HR,Employee Relations,Conflict Resolution; Investigation,Employment Law; Hr Policies; Mediation,5,2,3,60.0,40.0
950169,Zeeshan Doshi,Sales,Account Manager,Client Retention; Contract Negotiation; Crm (Salesforce); Upselling,Account Planning,5,4,1,20.0,80.0
950284,Dhanuk Chopra,HR,Recruitment Specialist,Employer Branding; Interviewing; Salary Negotiation,Ats; Technical Sourcing,5,3,2,40.0,60.0
950473,Lakshit Master,IT,Data Analyst,Excel; Power Bi; Python; Statistical Analysis; Tableau,Sql,6,5,1,16.67,83.33
950531,Eva Sarkar,IT,Cybersecurity Specialist,Cryptography; Incident Response; Network Security; Python,Penetration Testing; Siem,6,4,2,33.33,66.67
950626,Umang Dara,IT,Cybersecurity Specialist,Cryptography; Network Security; Penetration Testing,Incident Response; Python; Siem,6,3,3,50.0,50.0
950767,Drishya Char,HR,Employee Relations,Conflict Resolution; Employment Law; Hr Policies,Investigation; Mediation,5,3,2,40.0,60.0
950805,Rhea Kamdar,Sales,Business Development,Crm; Market Research; Strategic Pitching,Partnership Development; Pipeline Management,5,3,2,40.0,60.0
950868,Ayesha Dave,Finance,Financial Analyst,Excel; Financial Modeling; Power Bi; Sql; Valuation,Forecasting,6,5,1,16.67,83.33
951348,Reyansh Sankaran,Marketing,Content Strategist,Copywriting; Information Architecture; Seo; User Research,Content Auditing,5,4,1,20.0,80.0
951525,Yakshit Kohli,IT,Data Analyst,Excel; Python; Statistical Analysis; Tableau,Power Bi; Sql,6,4,2,33.33,66.67
951931,Saira Chaudhary,IT,Data Analyst,Excel; Power Bi; Python; Sql; Tableau,Statistical Analysis,6,5,1,16.67,83.33
952094,Renee Gara,Finance,Financial Analyst,Excel; Financial Modeling; Power Bi; Sql,Forecasting; Valuation,6,4,2,33.33,66.67
952345,Ojas Garde,HR,Recruitment Specialist,Ats; Employer Branding; Salary Negotiation; Technical Sourcing,Interviewing,5,4,1,20.0,80.0
952575,Miraya Dada,Marketing,Marketing Executive,Digital Marketing; Seo,Campaign Management; Content Marketing; Google Analytics,5,2,3,60.0,40.0
952873,Ahana  Raju,IT,Data Analyst,Power Bi; Statistical Analysis; Tableau,Excel; Python; Sql,6,3,3,50.0,50.0
953160,Jiya De,Sales,Sales Executive,B2B Sales; Communication; Contract Closing; Crm,Lead Generation; Negotiation,6,4,2,33.33,66.67
953553,Yuvraj  Srivastava,Marketing,Content Strategist,Content Auditing; Copywriting; Information Architecture; Seo,User Research,5,4,1,20.0,80.0
953670,Yashvi Dewan,IT,Cybersecurity Specialist,Cryptography; Incident Response; Network Security; Penetration Testing; Siem,Python,6,5,1,16.67,83.33
953883,Mamooty Kalita,Sales,Account Manager,Account Planning; Client Retention; Upselling,Contract Negotiation; Crm (Salesforce),5,3,2,40.0,60.0
953951,Farhan Dayal,HR,Employee Relations,Conflict Resolution; Investigation; Mediation,Employment Law; Hr Policies,5,3,2,40.0,60.0
954064,Pari Garg,HR,Employee Relations,Conflict Resolution; Employment Law; Investigation; Mediation,Hr Policies,5,4,1,20.0,80.0
954259,Anya Ratta,IT,Cybersecurity Specialist,Penetration Testing; Python; Siem,Cryptography; Incident Response; Network Security,6,3,3,50.0,50.0
954618,Ishita Date,HR,HR Manager,Employee Relations; Hris; Talent Acquisition,Labor Law; Leadership; Performance Management,6,3,3,50.0,50.0
954858,Nakul Lanka,Sales,Account Manager,Account Planning; Client Retention; Contract Negotiation; Crm (Salesforce),Upselling,5,4,1,20.0,80.0
955008,Adah Shroff,Marketing,Content Strategist,Copywriting; User Research,Content Auditing; Information Architecture; Seo,5,2,3,60.0,40.0
955204,Mannat Thaman,Finance,Financial Analyst,Excel; Financial Modeling; Power Bi; Sql,Forecasting; Valuation,6,4,2,33.33,66.67
955218,Madhup Grover,HR,Employee Relations,Employment Law; Hr Policies,Conflict Resolution; Investigation; Mediation,5,2,3,60.0,40.0
955805,Shalv Dhar,Finance,Auditor,Excel; Financial Analysis; Forensic Accounting; Internal Auditing; Risk Assessment,Compliance,6,5,1,16.67,83.33
956131,Ryan Dani,IT,Data Analyst,Excel; Power Bi; Python; Sql,Statistical Analysis; Tableau,6,4,2,33.33,66.67
956179,Kiara Agarwal,Finance,Auditor,Excel; Financial Analysis; Forensic Accounting; Internal Auditing; Risk Assessment,Compliance,6,5,1,16.67,83.33
956232,Anahita Goswami,IT,Data Analyst,Power Bi; Python; Statistical Analysis; Tableau,Excel; Sql,6,4,2,33.33,66.67
956439,Aayush Gupta,IT,Cybersecurity Specialist,Incident Response; Penetration Testing; Python,Cryptography; Network Security; Siem,6,3,3,50.0,50.0
956539,Pari Desai,Sales,Sales Executive,B2B Sales; Communication; Crm; Lead Generation; Negotiation,Contract Closing,6,5,1,16.67,83.33
956549,Ojas Mahal,Marketing,Marketing Executive,Content Marketing; Digital Marketing; Google Analytics; Seo,Campaign Management,5,4,1,20.0,80.0
956601,Divit Borra,Marketing,Marketing Executive,Campaign Management; Digital Marketing; Seo,Content Marketing; Google Analytics,5,3,2,40.0,60.0
956604,Siya Hora,Finance,Auditor,Compliance; Excel; Forensic Accounting; Risk Assessment,Financial Analysis; Internal Auditing,6,4,2,33.33,66.67
956640,Vanya Chad,Sales,Business Development,Market Research; Partnership Development; Pipeline Management; Strategic Pitching,Crm,5,4,1,20.0,80.0
956821,Sahil Lad,Sales,Sales Executive,Communication; Contract Closing; Crm; Lead Generation,B2B Sales; Negotiation,6,4,2,33.33,66.67
957033,Zara Barad,HR,Recruitment Specialist,Ats; Interviewing,Employer Branding; Salary Negotiation; Technical Sourcing,5,2,3,60.0,40.0
957633,Lakshay Edwin,Marketing,Marketing Executive,Campaign Management; Content Marketing; Digital Marketing; Seo,Google Analytics,5,4,1,20.0,80.0
957647,Adira Chakraborty,IT,Cybersecurity Specialist,Cryptography; Incident Response; Penetration Testing; Python; Siem,Network Security,6,5,1,16.67,83.33
957767,Oorja Ganesh,Marketing,SEO Specialist,Backlink Strategy; Content Optimization; Google Analytics; On-Page Seo,Html / Css Basics,5,4,1,20.0,80.0
957814,Riya Ray,HR,Employee Relations,Employment Law; Investigation; Mediation,Conflict Resolution; Hr Policies,5,3,2,40.0,60.0
957959,Elakshi Dyal,HR,Employee Relations,Conflict Resolution; Hr Policies; Investigation; Mediation,Employment Law,5,4,1,20.0,80.0
958055,Shayak Sura,Sales,Business Development,Market Research; Partnership Development; Pipeline Management; Strategic Pitching,Crm,5,4,1,20.0,80.0
958515,Kanav Lalla,Marketing,Content Strategist,Content Auditing; Copywriting; Information Architecture; Seo,User Research,5,4,1,20.0,80.0
958725,Dhanuk Dutta,Finance,Accountant,Auditing; Excel; Tax Compliance,Erp Systems; Financial Accounting; Quickbooks,6,3,3,50.0,50.0
958787,Hridaan Hegde,Finance,Auditor,Compliance; Excel; Financial Analysis; Internal Auditing; Risk Assessment,Forensic Accounting,6,5,1,16.67,83.33
958930,Shamik Sule,HR,Employee Relations,Employment Law; Hr Policies; Investigation; Mediation,Conflict Resolution,5,4,1,20.0,80.0
958959,Yakshit Baral,Finance,Financial Analyst,Excel; Financial Modeling; Sql; Valuation,Forecasting; Power Bi,6,4,2,33.33,66.67
958983,Kabir Dey,IT,Cybersecurity Specialist,Cryptography; Incident Response; Python; Siem,Network Security; Penetration Testing,6,4,2,33.33,66.67
959287,Mishti Sarin,HR,Employee Relations,Employment Law; Hr Policies; Mediation,Conflict Resolution; Investigation,5,3,2,40.0,60.0
959448,Hansh Srinivas,Marketing,SEO Specialist,Backlink Strategy; Google Analytics; On-Page Seo,Content Optimization; Html / Css Basics,5,3,2,40.0,60.0
959460,Farhan Baria,HR,Employee Relations,Employment Law; Investigation; Mediation,Conflict Resolution; Hr Policies,5,3,2,40.0,60.0
959539,Arnav Dixit,IT,Software Engineer,Ci/Cd; Data Structures; Docker; Java; Kubernetes,Git; Python,7,5,2,28.57,71.43
959628,Lavanya Mangat,Marketing,Marketing Executive,Campaign Management; Digital Marketing; Google Analytics; Seo,Content Marketing,5,4,1,20.0,80.0
959736,Aarush Tak,Marketing,Marketing Executive,Campaign Management; Digital Marketing; Google Analytics,Content Marketing; Seo,5,3,2,40.0,60.0
959956,Hazel Bora,Sales,Account Manager,Account Planning; Client Retention; Contract Negotiation; Upselling,Crm (Salesforce),5,4,1,20.0,80.0
960376,Neelofar Hayer,Marketing,Marketing Executive,Campaign Management; Content Marketing; Digital Marketing,Google Analytics; Seo,5,3,2,40.0,60.0
960474,Divit Thaker,IT,Software Engineer,Ci/Cd; Data Structures; Docker; Java; Kubernetes; Python,Git,7,6,1,14.29,85.71
960911,Ritvik Chhabra,HR,HR Manager,Hris; Labor Law; Performance Management; Talent Acquisition,Employee Relations; Leadership,6,4,2,33.33,66.67
961300,Sumer Swaminathan,Sales,Business Development,Crm; Partnership Development; Pipeline Management; Strategic Pitching,Market Research,5,4,1,20.0,80.0
961325,Ira Ganguly,Marketing,SEO Specialist,Backlink Strategy; Google Analytics; On-Page Seo,Content Optimization; Html / Css Basics,5,3,2,40.0,60.0
961385,Prerak Tandon,Marketing,Marketing Executive,Content Marketing; Google Analytics; Seo,Campaign Management; Digital Marketing,5,3,2,40.0,60.0
961445,Bhamini Khurana,Finance,Accountant,Auditing; Excel; Quickbooks,Erp Systems; Financial Accounting; Tax Compliance,6,3,3,50.0,50.0
961481,Dhruv Lad,Finance,Accountant,Erp Systems; Financial Accounting; Quickbooks; Tax Compliance,Auditing; Excel,6,4,2,33.33,66.67
961711,Priyansh Sabharwal,Sales,Business Development,Crm; Market Research; Pipeline Management; Strategic Pitching,Partnership Development,5,4,1,20.0,80.0
961997,Yuvraj  Vora,IT,Data Analyst,Excel; Power Bi; Statistical Analysis; Tableau,Python; Sql,6,4,2,33.33,66.67
962012,Seher Brahmbhatt,Sales,Account Manager,Client Retention; Contract Negotiation; Crm (Salesforce); Upselling,Account Planning,5,4,1,20.0,80.0
962057,Aayush Chauhan,HR,Employee Relations,Conflict Resolution; Employment Law; Investigation,Hr Policies; Mediation,5,3,2,40.0,60.0
962077,Oorja Deol,IT,Software Engineer,Ci/Cd; Docker; Git; Kubernetes; Python,Data Structures; Java,7,5,2,28.57,71.43
962342,Kismat Chana,Marketing,Content Strategist,Copywriting; Information Architecture; Seo; User Research,Content Auditing,5,4,1,20.0,80.0
962430,Misha Bajaj,Sales,Account Manager,Client Retention; Contract Negotiation; Crm (Salesforce),Account Planning; Upselling,5,3,2,40.0,60.0
962477,Vivaan Chakrabarti,IT,Data Analyst,Excel; Power Bi; Python; Statistical Analysis; Tableau,Sql,6,5,1,16.67,83.33
962884,Sumer Chatterjee,Marketing,SEO Specialist,Backlink Strategy; Content Optimization; Google Analytics; Html / Css Basics,On-Page Seo,5,4,1,20.0,80.0
962915,Tushar Dave,Marketing,SEO Specialist,Backlink Strategy; Content Optimization; Google Analytics; Html / Css Basics,On-Page Seo,5,4,1,20.0,80.0
963103,Anay Gole,IT,Cybersecurity Specialist,Penetration Testing; Python; Siem,Cryptography; Incident Response; Network Security,6,3,3,50.0,50.0
963111,Adah Karnik,Finance,Accountant,Auditing; Erp Systems; Financial Accounting; Tax Compliance,Excel; Quickbooks,6,4,2,33.33,66.67
963233,Vaibhav Bhattacharyya,Finance,Financial Analyst,Excel; Power Bi; Valuation,Financial Modeling; Forecasting; Sql,6,3,3,50.0,50.0
963356,Arhaan Maharaj,Marketing,Marketing Executive,Campaign Management; Digital Marketing; Google Analytics; Seo,Content Marketing,5,4,1,20.0,80.0
963366,Jayesh Aggarwal,IT,Data Analyst,Python; Statistical Analysis; Tableau,Excel; Power Bi; Sql,6,3,3,50.0,50.0
963676,Raghav Vala,IT,Data Analyst,Excel; Power Bi; Python; Tableau,Sql; Statistical Analysis,6,4,2,33.33,66.67
963994,Lakshit Magar,Sales,Business Development,Market Research; Partnership Development; Pipeline Management,Crm; Strategic Pitching,5,3,2,40.0,60.0
964277,Rhea Dara,Finance,Accountant,Auditing; Excel; Financial Accounting; Quickbooks,Erp Systems; Tax Compliance,6,4,2,33.33,66.67
964329,Taimur Balasubramanian,HR,HR Manager,Employee Relations; Hris; Labor Law; Leadership; Talent Acquisition,Performance Management,6,5,1,16.67,83.33
964372,Lavanya Ram,Finance,Financial Analyst,Financial Modeling; Forecasting; Power Bi; Sql; Valuation,Excel,6,5,1,16.67,83.33
964426,Kanav Mammen,Sales,Sales Executive,B2B Sales; Communication; Contract Closing; Crm; Negotiation,Lead Generation,6,5,1,16.67,83.33
964598,Lagan Chaudhari,Finance,Auditor,Excel; Financial Analysis; Forensic Accounting; Internal Auditing,Compliance; Risk Assessment,6,4,2,33.33,66.67
964667,Shray Kothari,IT,Cybersecurity Specialist,Cryptography; Network Security; Python; Siem,Incident Response; Penetration Testing,6,4,2,33.33,66.67
964676,Aniruddh Jhaveri,Marketing,Content Strategist,Content Auditing; Copywriting; Seo; User Research,Information Architecture,5,4,1,20.0,80.0
964680,Amira Dhingra,Finance,Financial Analyst,Forecasting; Power Bi; Sql; Valuation,Excel; Financial Modeling,6,4,2,33.33,66.67
964752,Mehul Sankaran,HR,Recruitment Specialist,Employer Branding; Technical Sourcing,Ats; Interviewing; Salary Negotiation,5,2,3,60.0,40.0
964950,Umang Kapoor,Sales,Sales Executive,B2B Sales; Communication; Contract Closing; Crm; Negotiation,Lead Generation,6,5,1,16.67,83.33
965059,Nayantara Chakrabarti,HR,Recruitment Specialist,Ats; Salary Negotiation; Technical Sourcing,Employer Branding; Interviewing,5,3,2,40.0,60.0
965184,Kimaya Gokhale,Marketing,SEO Specialist,Content Optimization; Google Analytics; Html / Css Basics; On-Page Seo,Backlink Strategy,5,4,1,20.0,80.0
965207,Inaaya  Sethi,IT,Software Engineer,Ci/Cd; Docker; Java; Kubernetes; Python,Data Structures; Git,7,5,2,28.57,71.43
965221,Chirag Lalla,Sales,Account Manager,Account Planning; Crm (Salesforce); Upselling,Client Retention; Contract Negotiation,5,3,2,40.0,60.0
965323,Ela Ravel,Marketing,Marketing Executive,Campaign Management; Content Marketing; Digital Marketing,Google Analytics; Seo,5,3,2,40.0,60.0
965378,Trisha Setty,Marketing,Marketing Executive,Campaign Management; Content Marketing; Digital Marketing; Seo,Google Analytics,5,4,1,20.0,80.0
965575,Zara Lanka,Marketing,Marketing Executive,Campaign Management; Content Marketing; Google Analytics; Seo,Digital Marketing,5,4,1,20.0,80.0
965837,Reyansh Khosla,Sales,Sales Executive,B2B Sales; Communication; Contract Closing; Lead Generation; Negotiation,Crm,6,5,1,16.67,83.33
965898,Divit Varma,Finance,Accountant,Auditing; Erp Systems; Financial Accounting,Excel; Quickbooks; Tax Compliance,6,3,3,50.0,50.0
966173,Indrajit Thaman,HR,Recruitment Specialist,Ats; Employer Branding; Salary Negotiation,Interviewing; Technical Sourcing,5,3,2,40.0,60.0
966283,Aayush Bajaj,Finance,Auditor,Compliance; Excel; Financial Analysis,Forensic Accounting; Internal Auditing; Risk Assessment,6,3,3,50.0,50.0
966300,Yuvaan Krish,Sales,Account Manager,Account Planning; Crm (Salesforce); Upselling,Client Retention; Contract Negotiation,5,3,2,40.0,60.0
966468,Hunar Bera,Sales,Account Manager,Account Planning; Crm (Salesforce); Upselling,Client Retention; Contract Negotiation,5,3,2,40.0,60.0
966510,Shayak Sama,Sales,Business Development,Crm; Market Research; Partnership Development; Strategic Pitching,Pipeline Management,5,4,1,20.0,80.0
966986,Hridaan Soman,Marketing,Marketing Executive,Campaign Management; Digital Marketing; Seo,Content Marketing; Google Analytics,5,3,2,40.0,60.0
967016,Faiyaz Kamdar,Marketing,Marketing Executive,Content Marketing; Digital Marketing,Campaign Management; Google Analytics; Seo,5,2,3,60.0,40.0
967124,Hansh Bora,HR,Recruitment Specialist,Ats; Employer Branding; Interviewing,Salary Negotiation; Technical Sourcing,5,3,2,40.0,60.0
967163,Parinaaz Choudhry,Marketing,SEO Specialist,Content Optimization; Google Analytics; Html / Css Basics,Backlink Strategy; On-Page Seo,5,3,2,40.0,60.0
967292,Neysa Chawla,Marketing,Content Strategist,Content Auditing; Copywriting; User Research,Information Architecture; Seo,5,3,2,40.0,60.0
967313,Sumer Sengupta,Sales,Account Manager,Account Planning; Client Retention; Upselling,Contract Negotiation; Crm (Salesforce),5,3,2,40.0,60.0
967616,Kiaan Kala,Finance,Financial Analyst,Excel; Power Bi; Valuation,Financial Modeling; Forecasting; Sql,6,3,3,50.0,50.0
967697,Dhanush Deol,IT,Data Analyst,Excel; Power Bi; Python; Tableau,Sql; Statistical Analysis,6,4,2,33.33,66.67
968079,Seher Bhatia,IT,Cybersecurity Specialist,Cryptography; Network Security; Penetration Testing,Incident Response; Python; Siem,6,3,3,50.0,50.0
968218,Vivaan Chaudhary,IT,Software Engineer,Ci/Cd; Data Structures; Docker; Git; Java; Python,Kubernetes,7,6,1,14.29,85.71
968521,Yuvaan Srinivas,IT,Cybersecurity Specialist,Cryptography; Penetration Testing; Python; Siem,Incident Response; Network Security,6,4,2,33.33,66.67
968609,Nirvi Kumer,IT,Data Analyst,Power Bi; Sql; Statistical Analysis; Tableau,Excel; Python,6,4,2,33.33,66.67
968669,Prerak Hayer,Sales,Sales Executive,Communication; Contract Closing; Crm; Lead Generation; Negotiation,B2B Sales,6,5,1,16.67,83.33
968677,Kavya Deshpande,Marketing,Marketing Executive,Campaign Management; Content Marketing; Digital Marketing; Seo,Google Analytics,5,4,1,20.0,80.0
968855,Ranbir Mani,Marketing,Marketing Executive,Campaign Management; Content Marketing; Google Analytics; Seo,Digital Marketing,5,4,1,20.0,80.0
968990,Badal Mani,HR,Employee Relations,Conflict Resolution; Investigation; Mediation,Employment Law; Hr Policies,5,3,2,40.0,60.0
969161,Alia Deep,Marketing,Marketing Executive,Campaign Management; Google Analytics; Seo,Content Marketing; Digital Marketing,5,3,2,40.0,60.0
969216,Neelofar Bala,Sales,Sales Executive,B2B Sales; Communication; Crm; Lead Generation,Contract Closing; Negotiation,6,4,2,33.33,66.67
969538,Aniruddh Koshy,IT,Software Engineer,Ci/Cd; Data Structures; Docker; Git; Java; Python,Kubernetes,7,6,1,14.29,85.71
969681,Mishti Walia,Marketing,Marketing Executive,Content Marketing; Google Analytics,Campaign Management; Digital Marketing; Seo,5,2,3,60.0,40.0
969750,Drishya Ganguly,Finance,Financial Analyst,Excel; Forecasting; Power Bi; Valuation,Financial Modeling; Sql,6,4,2,33.33,66.67
970274,Jiya Chana,Sales,Sales Executive,Communication; Contract Closing; Crm; Lead Generation; Negotiation,B2B Sales,6,5,1,16.67,83.33
970279,Ranbir Viswanathan,Marketing,SEO Specialist,Content Optimization; Google Analytics; Html / Css Basics; On-Page Seo,Backlink Strategy,5,4,1,20.0,80.0
970750,Piya Tank,Finance,Accountant,Financial Accounting; Quickbooks; Tax Compliance,Auditing; Erp Systems; Excel,6,3,3,50.0,50.0
971066,Ivan Rao,Marketing,Content Strategist,Information Architecture; Seo; User Research,Content Auditing; Copywriting,5,3,2,40.0,60.0
971085,Nakul Choudhry,HR,Recruitment Specialist,Ats; Employer Branding; Salary Negotiation; Technical Sourcing,Interviewing,5,4,1,20.0,80.0
971093,Alia Chand,Finance,Financial Analyst,Excel; Financial Modeling; Power Bi; Valuation,Forecasting; Sql,6,4,2,33.33,66.67
971324,Mishti Vala,Sales,Business Development,Crm; Partnership Development; Pipeline Management; Strategic Pitching,Market Research,5,4,1,20.0,80.0
971452,Priyansh Sibal,Marketing,Content Strategist,Content Auditing; Copywriting; User Research,Information Architecture; Seo,5,3,2,40.0,60.0
972003,Divyansh Lall,Sales,Sales Executive,B2B Sales; Contract Closing; Lead Generation,Communication; Crm; Negotiation,6,3,3,50.0,50.0
972172,Zaina Kulkarni,Marketing,SEO Specialist,Content Optimization; Google Analytics; On-Page Seo,Backlink Strategy; Html / Css Basics,5,3,2,40.0,60.0
972377,Shaan Ganguly,IT,Software Engineer,Ci/Cd; Data Structures; Docker; Git; Java; Kubernetes,Python,7,6,1,14.29,85.71
972714,Ryan Mall,Marketing,SEO Specialist,Backlink Strategy; Content Optimization; Google Analytics; Html / Css Basics,On-Page Seo,5,4,1,20.0,80.0
972885,Ishita Dhillon,Marketing,Marketing Executive,Campaign Management; Content Marketing; Google Analytics; Seo,Digital Marketing,5,4,1,20.0,80.0
973328,Piya Devan,IT,Cybersecurity Specialist,Cryptography; Incident Response; Network Security; Penetration Testing; Python,Siem,6,5,1,16.67,83.33
973510,Mahika Garde,Sales,Sales Executive,Communication; Contract Closing; Crm; Lead Generation; Negotiation,B2B Sales,6,5,1,16.67,83.33
973522,Anaya Kant,HR,Employee Relations,Employment Law; Hr Policies; Investigation; Mediation,Conflict Resolution,5,4,1,20.0,80.0
974107,Rania Johal,HR,HR Manager,Employee Relations; Labor Law; Leadership; Performance Management; Talent Acquisition,Hris,6,5,1,16.67,83.33
974327,Madhav Ravel,Sales,Account Manager,Account Planning; Client Retention; Contract Negotiation; Upselling,Crm (Salesforce),5,4,1,20.0,80.0
974358,Mehul Dewan,HR,Employee Relations,Conflict Resolution; Employment Law; Hr Policies; Mediation,Investigation,5,4,1,20.0,80.0
974392,Veer Bhatti,HR,HR Manager,Employee Relations; Leadership; Talent Acquisition,Hris; Labor Law; Performance Management,6,3,3,50.0,50.0
974409,Dhruv Sankaran,IT,Data Analyst,Power Bi; Python; Sql; Statistical Analysis,Excel; Tableau,6,4,2,33.33,66.67
974487,Keya Bumb,IT,Data Analyst,Python; Sql; Statistical Analysis; Tableau,Excel; Power Bi,6,4,2,33.33,66.67
974553,Ivana Sachar,Finance,Financial Analyst,Excel; Forecasting; Power Bi; Valuation,Financial Modeling; Sql,6,4,2,33.33,66.67
974685,Dishani Dyal,Finance,Financial Analyst,Excel; Financial Modeling; Power Bi,Forecasting; Sql; Valuation,6,3,3,50.0,50.0
974765,Misha Sen,HR,Employee Relations,Conflict Resolution; Hr Policies; Investigation; Mediation,Employment Law,5,4,1,20.0,80.0
975149,Ehsaan Biswas,IT,Software Engineer,Ci/Cd; Docker; Git; Java; Python,Data Structures; Kubernetes,7,5,2,28.57,71.43
975230,Mishti Wadhwa,Finance,Financial Analyst,Excel; Financial Modeling; Valuation,Forecasting; Power Bi; Sql,6,3,3,50.0,50.0
975343,Pihu Brar,IT,Software Engineer,Data Structures; Docker; Java; Python,Ci/Cd; Git; Kubernetes,7,4,3,42.86,57.14
975459,Navya Varkey,Sales,Business Development,Crm; Market Research; Strategic Pitching,Partnership Development; Pipeline Management,5,3,2,40.0,60.0
975516,Jayan Tank,Marketing,SEO Specialist,Backlink Strategy; Content Optimization; Google Analytics,Html / Css Basics; On-Page Seo,5,3,2,40.0,60.0
975730,Arnav Chaudhry,Finance,Auditor,Excel; Financial Analysis; Internal Auditing; Risk Assessment,Compliance; Forensic Accounting,6,4,2,33.33,66.67
975746,Amani Raman,IT,Cybersecurity Specialist,Cryptography; Incident Response; Penetration Testing; Python,Network Security; Siem,6,4,2,33.33,66.67
976037,Samaira Mahal,Finance,Financial Analyst,Excel; Financial Modeling; Sql; Valuation,Forecasting; Power Bi,6,4,2,33.33,66.67
976051,Manjari Ram,HR,Employee Relations,Conflict Resolution; Employment Law; Investigation,Hr Policies; Mediation,5,3,2,40.0,60.0
976064,Jivika Rajagopal,IT,Data Analyst,Excel; Python; Statistical Analysis; Tableau,Power Bi; Sql,6,4,2,33.33,66.67
976104,Abram Sodhi,HR,HR Manager,Employee Relations; Labor Law; Performance Management; Talent Acquisition,Hris; Leadership,6,4,2,33.33,66.67
976107,Lagan Gill,HR,Recruitment Specialist,Ats; Salary Negotiation; Technical Sourcing,Employer Branding; Interviewing,5,3,2,40.0,60.0
976327,Suhana Yohannan,HR,Employee Relations,Conflict Resolution; Hr Policies; Mediation,Employment Law; Investigation,5,3,2,40.0,60.0
976367,Nishith Kibe,Finance,Financial Analyst,Excel; Financial Modeling; Power Bi; Sql; Valuation,Forecasting,6,5,1,16.67,83.33
976433,Dhanuk Lad,Finance,Auditor,Compliance; Excel; Forensic Accounting; Internal Auditing; Risk Assessment,Financial Analysis,6,5,1,16.67,83.33
976438,Ivan Walia,Finance,Auditor,Compliance; Financial Analysis; Forensic Accounting; Internal Auditing; Risk Assessment,Excel,6,5,1,16.67,83.33
976678,Vihaan Edwin,Sales,Business Development,Crm; Partnership Development; Strategic Pitching,Market Research; Pipeline Management,5,3,2,40.0,60.0
976794,Divyansh Majumdar,HR,Employee Relations,Conflict Resolution; Hr Policies,Employment Law; Investigation; Mediation,5,2,3,60.0,40.0
977312,Nitara Deep,HR,Recruitment Specialist,Ats; Interviewing; Technical Sourcing,Employer Branding; Salary Negotiation,5,3,2,40.0,60.0
977349,Tushar Rau,IT,Cybersecurity Specialist,Cryptography; Network Security; Penetration Testing,Incident Response; Python; Siem,6,3,3,50.0,50.0
977477,Madhav Suri,Marketing,Marketing Executive,Campaign Management; Digital Marketing; Seo,Content Marketing; Google Analytics,5,3,2,40.0,60.0
977658,Taran Joshi,IT,Software Engineer,Data Structures; Docker; Java; Kubernetes,Ci/Cd; Git; Python,7,4,3,42.86,57.14
977794,Neelofar Venkatesh,HR,HR Manager,Employee Relations; Labor Law; Leadership; Performance Management,Hris; Talent Acquisition,6,4,2,33.33,66.67
977935,Sara Bava,Finance,Accountant,Auditing; Erp Systems; Excel; Financial Accounting; Quickbooks,Tax Compliance,6,5,1,16.67,83.33
978453,Ranbir Konda,Marketing,SEO Specialist,Google Analytics; Html / Css Basics; On-Page Seo,Backlink Strategy; Content Optimization,5,3,2,40.0,60.0
978668,Charvi Loyal,Sales,Sales Executive,B2B Sales; Communication; Contract Closing; Crm; Negotiation,Lead Generation,6,5,1,16.67,83.33
978856,Vritika Walla,Sales,Account Manager,Client Retention; Crm (Salesforce),Account Planning; Contract Negotiation; Upselling,5,2,3,60.0,40.0
978968,Kiaan Bora,Marketing,Content Strategist,Content Auditing; Copywriting; Seo; User Research,Information Architecture,5,4,1,20.0,80.0
979110,Kismat Datta,IT,Cybersecurity Specialist,Cryptography; Network Security; Penetration Testing; Python; Siem,Incident Response,6,5,1,16.67,83.33
979193,Heer Sinha,Sales,Business Development,Crm; Market Research; Partnership Development; Strategic Pitching,Pipeline Management,5,4,1,20.0,80.0
979295,Oorja Gole,Sales,Sales Executive,B2B Sales; Communication; Lead Generation; Negotiation,Contract Closing; Crm,6,4,2,33.33,66.67
979597,Shamik Ramanathan,Finance,Financial Analyst,Excel; Forecasting; Power Bi; Valuation,Financial Modeling; Sql,6,4,2,33.33,66.67
979742,Azad Dara,HR,HR Manager,Hris; Labor Law; Performance Management,Employee Relations; Leadership; Talent Acquisition,6,3,3,50.0,50.0
979897,Fateh Tella,Marketing,SEO Specialist,Content Optimization; Google Analytics; On-Page Seo,Backlink Strategy; Html / Css Basics,5,3,2,40.0,60.0
980096,Tarini Kulkarni,Marketing,SEO Specialist,Content Optimization; Google Analytics; Html / Css Basics,Backlink Strategy; On-Page Seo,5,3,2,40.0,60.0
980593,Yashvi Srinivas,Finance,Financial Analyst,Excel; Financial Modeling; Sql,Forecasting; Power Bi; Valuation,6,3,3,50.0,50.0
980882,Hansh Bora,Marketing,Content Strategist,Content Auditing; Copywriting; Information Architecture; Seo,User Research,5,4,1,20.0,80.0
981069,Mannat Gola,Sales,Sales Executive,Crm; Lead Generation; Negotiation,B2B Sales; Communication; Contract Closing,6,3,3,50.0,50.0
981092,Lakshay Bhalla,Sales,Business Development,Crm; Pipeline Management; Strategic Pitching,Market Research; Partnership Development,5,3,2,40.0,60.0
981134,Nayantara Divan,IT,Data Analyst,Power Bi; Python; Statistical Analysis,Excel; Sql; Tableau,6,3,3,50.0,50.0
981163,Kabir Bir,Sales,Business Development,Partnership Development; Pipeline Management; Strategic Pitching,Crm; Market Research,5,3,2,40.0,60.0
981385,Saanvi Salvi,HR,Recruitment Specialist,Ats; Employer Branding; Salary Negotiation; Technical Sourcing,Interviewing,5,4,1,20.0,80.0
981415,Kavya Gopal,Sales,Sales Executive,Communication; Contract Closing; Negotiation,B2B Sales; Crm; Lead Generation,6,3,3,50.0,50.0
981576,Keya Babu,HR,HR Manager,Employee Relations; Hris; Leadership; Performance Management; Talent Acquisition,Labor Law,6,5,1,16.67,83.33
981654,Siya Dewan,Finance,Financial Analyst,Excel; Financial Modeling; Forecasting; Power Bi; Sql,Valuation,6,5,1,16.67,83.33
981715,Dhanuk Iyer,IT,Data Analyst,Excel; Python; Sql; Tableau,Power Bi; Statistical Analysis,6,4,2,33.33,66.67
981762,Zain Vig,IT,Data Analyst,Excel; Power Bi; Sql; Statistical Analysis; Tableau,Python,6,5,1,16.67,83.33
982115,Onkar Jani,IT,Software Engineer,Ci/Cd; Data Structures; Git; Java; Kubernetes; Python,Docker,7,6,1,14.29,85.71
982166,Rohan Bala,Finance,Accountant,Auditing; Erp Systems; Excel; Financial Accounting; Tax Compliance,Quickbooks,6,5,1,16.67,83.33
982368,Onkar Ramanathan,Sales,Business Development,Market Research; Pipeline Management; Strategic Pitching,Crm; Partnership Development,5,3,2,40.0,60.0
982370,Aaina Chauhan,IT,Software Engineer,Data Structures; Docker; Java; Kubernetes; Python,Ci/Cd; Git,7,5,2,28.57,71.43
982401,Jivin Kaul,Finance,Financial Analyst,Excel; Financial Modeling; Power Bi; Sql; Valuation,Forecasting,6,5,1,16.67,83.33
982476,Devansh Wadhwa,IT,Software Engineer,Ci/Cd; Data Structures; Docker; Python,Git; Java; Kubernetes,7,4,3,42.86,57.14
982552,Zoya Jayaraman,Finance,Auditor,Compliance; Excel; Forensic Accounting; Internal Auditing,Financial Analysis; Risk Assessment,6,4,2,33.33,66.67
982686,Eshani Johal,HR,HR Manager,Hris; Labor Law; Leadership; Performance Management,Employee Relations; Talent Acquisition,6,4,2,33.33,66.67
982810,Ojas Bhasin,HR,Recruitment Specialist,Employer Branding; Interviewing; Salary Negotiation,Ats; Technical Sourcing,5,3,2,40.0,60.0
982874,Yuvraj  Chauhan,Finance,Financial Analyst,Excel; Forecasting; Sql,Financial Modeling; Power Bi; Valuation,6,3,3,50.0,50.0
982937,Aradhya Deo,HR,HR Manager,Hris; Leadership; Performance Management; Talent Acquisition,Employee Relations; Labor Law,6,4,2,33.33,66.67
982979,Jiya Saxena,Sales,Account Manager,Account Planning; Contract Negotiation; Crm (Salesforce); Upselling,Client Retention,5,4,1,20.0,80.0
983110,Bhavin Kumar,Finance,Financial Analyst,Financial Modeling; Power Bi; Sql,Excel; Forecasting; Valuation,6,3,3,50.0,50.0
983126,Divit Mander,IT,Cybersecurity Specialist,Incident Response; Penetration Testing; Python,Cryptography; Network Security; Siem,6,3,3,50.0,50.0
983385,Vihaan Samra,IT,Software Engineer,Ci/Cd; Data Structures; Docker; Git; Java; Python,Kubernetes,7,6,1,14.29,85.71
983766,Alisha Rao,Marketing,Marketing Executive,Campaign Management; Digital Marketing; Google Analytics; Seo,Content Marketing,5,4,1,20.0,80.0
983907,Anay Varkey,Marketing,Content Strategist,Copywriting; Seo; User Research,Content Auditing; Information Architecture,5,3,2,40.0,60.0
984036,Taran Dhaliwal,Sales,Account Manager,Client Retention; Contract Negotiation; Crm (Salesforce),Account Planning; Upselling,5,3,2,40.0,60.0
984132,Anvi Kadakia,Finance,Accountant,Erp Systems; Excel; Quickbooks; Tax Compliance,Auditing; Financial Accounting,6,4,2,33.33,66.67
984420,Gokul Vasa,Finance,Accountant,Excel; Financial Accounting; Quickbooks; Tax Compliance,Auditing; Erp Systems,6,4,2,33.33,66.67
984713,Zeeshan Grewal,Marketing,SEO Specialist,Content Optimization; Html / Css Basics; On-Page Seo,Backlink Strategy; Google Analytics,5,3,2,40.0,60.0
984783,Nitara Sharaf,IT,Data Analyst,Excel; Power Bi; Statistical Analysis; Tableau,Python; Sql,6,4,2,33.33,66.67
984800,Ritvik Balasubramanian,Finance,Accountant,Excel; Financial Accounting; Tax Compliance,Auditing; Erp Systems; Quickbooks,6,3,3,50.0,50.0
984853,Faiyaz Apte,HR,HR Manager,Employee Relations; Hris; Labor Law; Performance Management; Talent Acquisition,Leadership,6,5,1,16.67,83.33
984886,Akarsh Sandhu,IT,Cybersecurity Specialist,Incident Response; Network Security; Penetration Testing; Python; Siem,Cryptography,6,5,1,16.67,83.33
984958,Yuvraj  Brahmbhatt,HR,Recruitment Specialist,Ats; Employer Branding; Interviewing; Technical Sourcing,Salary Negotiation,5,4,1,20.0,80.0
984998,Kiaan Korpal,Finance,Accountant,Auditing; Erp Systems; Financial Accounting; Quickbooks; Tax Compliance,Excel,6,5,1,16.67,83.33
985091,Fateh Bhattacharyya,HR,HR Manager,Labor Law; Leadership; Performance Management; Talent Acquisition,Employee Relations; Hris,6,4,2,33.33,66.67
985142,Alisha Bose,Finance,Accountant,Auditing; Erp Systems; Excel; Financial Accounting; Tax Compliance,Quickbooks,6,5,1,16.67,83.33
985305,Nakul Kapoor,Sales,Account Manager,Client Retention; Crm (Salesforce); Upselling,Account Planning; Contract Negotiation,5,3,2,40.0,60.0
985391,Hrishita Goel,HR,Employee Relations,Conflict Resolution; Employment Law; Mediation,Hr Policies; Investigation,5,3,2,40.0,60.0
985546,Mohanlal Krishna,IT,Data Analyst,Excel; Power Bi; Statistical Analysis; Tableau,Python; Sql,6,4,2,33.33,66.67
985721,Manikya Jha,HR,Employee Relations,Employment Law; Hr Policies; Investigation; Mediation,Conflict Resolution,5,4,1,20.0,80.0
986166,Badal Bakshi,Finance,Financial Analyst,Forecasting; Sql; Valuation,Excel; Financial Modeling; Power Bi,6,3,3,50.0,50.0
986309,Emir Seshadri,IT,Software Engineer,Ci/Cd; Data Structures; Git; Java; Kubernetes,Docker; Python,7,5,2,28.57,71.43
986803,Nehmat Khatri,Sales,Account Manager,Account Planning; Client Retention; Upselling,Contract Negotiation; Crm (Salesforce),5,3,2,40.0,60.0
987617,Shray Venkataraman,Finance,Accountant,Erp Systems; Excel; Financial Accounting; Quickbooks; Tax Compliance,Auditing,6,5,1,16.67,83.33
987628,Indrajit Gulati,Finance,Accountant,Erp Systems; Excel; Financial Accounting; Tax Compliance,Auditing; Quickbooks,6,4,2,33.33,66.67
987706,Ojas Lall,HR,Employee Relations,Conflict Resolution; Employment Law; Hr Policies,Investigation; Mediation,5,3,2,40.0,60.0
987791,Emir Agate,Marketing,Marketing Executive,Campaign Management; Content Marketing; Digital Marketing,Google Analytics; Seo,5,3,2,40.0,60.0
987966,Gokul Jayaraman,HR,Recruitment Specialist,Salary Negotiation; Technical Sourcing,Ats; Employer Branding; Interviewing,5,2,3,60.0,40.0
987975,Navya D’Alia,Sales,Business Development,Crm; Market Research; Pipeline Management,Partnership Development; Strategic Pitching,5,3,2,40.0,60.0
988108,Miraan Ganesh,Finance,Financial Analyst,Excel; Financial Modeling; Forecasting; Power Bi; Sql,Valuation,6,5,1,16.67,83.33
988230,Hazel Buch,HR,HR Manager,Leadership; Performance Management; Talent Acquisition,Employee Relations; Hris; Labor Law,6,3,3,50.0,50.0
988349,Kartik Banik,Sales,Sales Executive,B2B Sales; Communication; Crm; Negotiation,Contract Closing; Lead Generation,6,4,2,33.33,66.67
988379,Charvi Gera,Finance,Accountant,Auditing; Excel; Quickbooks; Tax Compliance,Erp Systems; Financial Accounting,6,4,2,33.33,66.67
988457,Amani Sethi,Marketing,Marketing Executive,Campaign Management; Content Marketing; Digital Marketing; Seo,Google Analytics,5,4,1,20.0,80.0
988488,Pari Dua,Finance,Auditor,Compliance; Financial Analysis; Internal Auditing; Risk Assessment,Excel; Forensic Accounting,6,4,2,33.33,66.67
988491,Kabir Lata,HR,Recruitment Specialist,Ats; Interviewing; Salary Negotiation,Employer Branding; Technical Sourcing,5,3,2,40.0,60.0
988504,Adah Mallick,Marketing,Content Strategist,Content Auditing; Copywriting; Information Architecture; User Research,Seo,5,4,1,20.0,80.0
988823,Aniruddh Din,Marketing,SEO Specialist,Backlink Strategy; Content Optimization; Google Analytics; On-Page Seo,Html / Css Basics,5,4,1,20.0,80.0
989043,Amani Balan,HR,Recruitment Specialist,Employer Branding; Salary Negotiation,Ats; Interviewing; Technical Sourcing,5,2,3,60.0,40.0
989524,Neysa Chana,Finance,Financial Analyst,Excel; Financial Modeling; Forecasting; Sql,Power Bi; Valuation,6,4,2,33.33,66.67
989716,Shray Shukla,Sales,Account Manager,Account Planning; Crm (Salesforce); Upselling,Client Retention; Contract Negotiation,5,3,2,40.0,60.0
989754,Ivana Brahmbhatt,IT,Cybersecurity Specialist,Cryptography; Incident Response; Python; Siem,Network Security; Penetration Testing,6,4,2,33.33,66.67
990214,Samarth Chhabra,Sales,Account Manager,Account Planning; Client Retention; Contract Negotiation,Crm (Salesforce); Upselling,5,3,2,40.0,60.0
990528,Riya Dixit,Sales,Account Manager,Client Retention; Contract Negotiation; Upselling,Account Planning; Crm (Salesforce),5,3,2,40.0,60.0
990952,Chirag Kapadia,Finance,Auditor,Compliance; Financial Analysis; Forensic Accounting; Risk Assessment,Excel; Internal Auditing,6,4,2,33.33,66.67
991106,Hazel Subramanian,HR,Employee Relations,Conflict Resolution; Employment Law; Investigation; Mediation,Hr Policies,5,4,1,20.0,80.0
991157,Dharmajan Lala,Marketing,Content Strategist,Content Auditing; Copywriting; Information Architecture; Seo,User Research,5,4,1,20.0,80.0
991564,Umang Bath,Finance,Auditor,Compliance; Excel; Forensic Accounting; Internal Auditing; Risk Assessment,Financial Analysis,6,5,1,16.67,83.33
991573,Hridaan Ramakrishnan,Finance,Auditor,Compliance; Excel; Financial Analysis; Forensic Accounting; Risk Assessment,Internal Auditing,6,5,1,16.67,83.33
991989,Saira Kalita,HR,Recruitment Specialist,Employer Branding; Technical Sourcing,Ats; Interviewing; Salary Negotiation,5,2,3,60.0,40.0
992439,Raunak Goel,Sales,Business Development,Crm; Market Research; Partnership Development; Strategic Pitching,Pipeline Management,5,4,1,20.0,80.0
992652,Tara Bhardwaj,Finance,Accountant,Auditing; Excel; Financial Accounting; Quickbooks,Erp Systems; Tax Compliance,6,4,2,33.33,66.67
992829,Nayantara Badami,Marketing,Content Strategist,Copywriting; Information Architecture; Seo,Content Auditing; User Research,5,3,2,40.0,60.0
992874,Ritvik Dixit,Sales,Business Development,Market Research; Pipeline Management; Strategic Pitching,Crm; Partnership Development,5,3,2,40.0,60.0
993237,Pranay Grewal,Finance,Accountant,Auditing; Financial Accounting; Quickbooks; Tax Compliance,Erp Systems; Excel,6,4,2,33.33,66.67
993291,Jayesh Ravel,IT,Software Engineer,Data Structures; Docker; Java; Kubernetes; Python,Ci/Cd; Git,7,5,2,28.57,71.43
993445,Yuvaan Ramachandran,Marketing,Marketing Executive,Campaign Management; Digital Marketing; Google Analytics; Seo,Content Marketing,5,4,1,20.0,80.0
993839,Nitya Kota,Finance,Accountant,Auditing; Erp Systems; Financial Accounting; Quickbooks; Tax Compliance,Excel,6,5,1,16.67,83.33
993873,Saksham Borah,Finance,Financial Analyst,Excel; Financial Modeling; Forecasting; Power Bi; Sql,Valuation,6,5,1,16.67,83.33
993940,Urvi Dasgupta,IT,Cybersecurity Specialist,Cryptography; Penetration Testing; Python; Siem,Incident Response; Network Security,6,4,2,33.33,66.67
993983,Riya Virk,IT,Cybersecurity Specialist,Cryptography; Incident Response; Network Security; Python,Penetration Testing; Siem,6,4,2,33.33,66.67
994100,Eva Ranganathan,Marketing,Content Strategist,Content Auditing; Information Architecture; Seo; User Research,Copywriting,5,4,1,20.0,80.0
994421,Drishya Karpe,Finance,Accountant,Auditing; Excel; Financial Accounting; Quickbooks,Erp Systems; Tax Compliance,6,4,2,33.33,66.67
994578,Arnav Bahl,Marketing,Marketing Executive,Content Marketing; Digital Marketing,Campaign Management; Google Analytics; Seo,5,2,3,60.0,40.0
994582,Ela Iyer,Sales,Sales Executive,B2B Sales; Communication; Contract Closing; Negotiation,Crm; Lead Generation,6,4,2,33.33,66.67
994618,Faiyaz Sanghvi,Finance,Financial Analyst,Financial Modeling; Forecasting; Sql; Valuation,Excel; Power Bi,6,4,2,33.33,66.67
994709,Nitara Deol,HR,HR Manager,Employee Relations; Labor Law; Leadership; Performance Management; Talent Acquisition,Hris,6,5,1,16.67,83.33
994891,Rania Kapadia,Sales,Sales Executive,B2B Sales; Communication; Crm; Negotiation,Contract Closing; Lead Generation,6,4,2,33.33,66.67
995196,Onkar Kumar,Finance,Auditor,Excel; Financial Analysis; Forensic Accounting; Internal Auditing; Risk Assessment,Compliance,6,5,1,16.67,83.33
995697,Divit Kata,Sales,Business Development,Crm; Market Research; Pipeline Management; Strategic Pitching,Partnership Development,5,4,1,20.0,80.0
995749,Oorja Bobal,Sales,Account Manager,Account Planning; Client Retention,Contract Negotiation; Crm (Salesforce); Upselling,5,2,3,60.0,40.0
995986,Shalv Buch,Finance,Financial Analyst,Financial Modeling; Sql; Valuation,Excel; Forecasting; Power Bi,6,3,3,50.0,50.0
996132,Ishita Konda,IT,Software Engineer,Ci/Cd; Git; Java; Kubernetes,Data Structures; Docker; Python,7,4,3,42.86,57.14
996196,Anika Kapoor,Finance,Auditor,Compliance; Excel; Risk Assessment,Financial Analysis; Forensic Accounting; Internal Auditing,6,3,3,50.0,50.0
996332,Kiara Bhakta,Marketing,Marketing Executive,Campaign Management; Content Marketing; Digital Marketing,Google Analytics; Seo,5,3,2,40.0,60.0
996507,Divyansh Dara,Finance,Financial Analyst,Excel; Financial Modeling; Forecasting; Power Bi; Valuation,Sql,6,5,1,16.67,83.33
996601,Indrans Bumb,Sales,Account Manager,Account Planning; Client Retention; Crm (Salesforce); Upselling,Contract Negotiation,5,4,1,20.0,80.0
996610,Sana Mane,Sales,Business Development,Market Research; Partnership Development; Strategic Pitching,Crm; Pipeline Management,5,3,2,40.0,60.0
997052,Urvi Seth,Finance,Auditor,Financial Analysis; Forensic Accounting; Risk Assessment,Compliance; Excel; Internal Auditing,6,3,3,50.0,50.0
997078,Romil Kar,IT,Data Analyst,Excel; Sql; Tableau,Power Bi; Python; Statistical Analysis,6,3,3,50.0,50.0
997134,Amira Venkataraman,IT,Cybersecurity Specialist,Incident Response; Penetration Testing; Python; Siem,Cryptography; Network Security,6,4,2,33.33,66.67
997340,Shlok Dar,Finance,Accountant,Auditing; Erp Systems; Excel; Financial Accounting; Tax Compliance,Quickbooks,6,5,1,16.67,83.33
997513,Armaan Lala,Finance,Accountant,Auditing; Erp Systems; Excel,Financial Accounting; Quickbooks; Tax Compliance,6,3,3,50.0,50.0
997808,Gokul Sahota,Marketing,Content Strategist,Content Auditing; Copywriting; Information Architecture; Seo,User Research,5,4,1,20.0,80.0
997940,Siya Gola,Sales,Account Manager,Account Planning; Contract Negotiation; Crm (Salesforce); Upselling,Client Retention,5,4,1,20.0,80.0
998180,Kimaya Khurana,HR,HR Manager,Employee Relations; Hris; Labor Law; Leadership; Performance Management,Talent Acquisition,6,5,1,16.67,83.33
998209,Eva Chowdhury,Sales,Account Manager,Account Planning; Client Retention; Contract Negotiation,Crm (Salesforce); Upselling,5,3,2,40.0,60.0
998341,Elakshi Deshpande,Finance,Auditor,Financial Analysis; Internal Auditing; Risk Assessment,Compliance; Excel; Forensic Accounting,6,3,3,50.0,50.0
998502,Badal Swamy,HR,HR Manager,Employee Relations; Hris; Leadership,Labor Law; Performance Management; Talent Acquisition,6,3,3,50.0,50.0
998605,Sumer Sha,IT,Cybersecurity Specialist,Incident Response; Network Security; Python; Siem,Cryptography; Penetration Testing,6,4,2,33.33,66.67
998631,Anahi Karpe,Marketing,SEO Specialist,Backlink Strategy; Content Optimization; On-Page Seo,Google Analytics; Html / Css Basics,5,3,2,40.0,60.0
998672,Divij Dasgupta,Marketing,Marketing Executive,Campaign Management; Digital Marketing; Google Analytics; Seo,Content Marketing,5,4,1,20.0,80.0
998806,Akarsh Shanker,Sales,Account Manager,Account Planning; Contract Negotiation; Upselling,Client Retention; Crm (Salesforce),5,3,2,40.0,60.0
998971,Ayesha Devan,Sales,Business Development,Crm; Market Research; Partnership Development; Pipeline Management,Strategic Pitching,5,4,1,20.0,80.0
998986,Prisha Barad,Finance,Financial Analyst,Excel; Financial Modeling; Forecasting; Power Bi,Sql; Valuation,6,4,2,33.33,66.67
999149,Heer Shetty,Marketing,Marketing Executive,Campaign Management; Digital Marketing,Content Marketing; Google Analytics; Seo,5,2,3,60.0,40.0
999233,Samar Kota,Sales,Sales Executive,Communication; Lead Generation; Negotiation,B2B Sales; Contract Closing; Crm,6,3,3,50.0,50.0
999653,Riaan Rajan,IT,Cybersecurity Specialist,Cryptography; Incident Response; Network Security; Penetration Testing,Python; Siem,6,4,2,33.33,66.67
999753,Umang Sarkar,IT,Software Engineer,Ci/Cd; Data Structures; Docker; Python,Git; Java; Kubernetes,7,4,3,42.86,57.14
999957,Rhea Handa,Finance,Financial Analyst,Excel; Financial Modeling; Forecasting; Power Bi; Sql,Valuation,6,5,1,16.67,83.33
